Booking_ID,Booking_Date,Check_In_Date,Check_Out_Date,Nights_Stayed,Room_Type,Nightly_Rate_NGN,Discount_Percent,Discounted_Nightly_Rate_NGN,Total_Revenue_NGN,Client_Segment,Company_Name,Booking_Channel,Booking_Status,Guest_Nationality,Number_of_Guests,Payment_Method,Sales_Rep,Month,Year,Quarter_Old,Quarter
BK01000,2024-10-15,2024-10-16,2024-10-18,2,Suite,136049,0,136049,272098,Corporate,Nigerian Breweries,Travel Agent,Completed,Nigerian,1,Bank Transfer,Emeka Okonkwo,October,2024,%Q,Q4
BK01001,2023-07-11,2023-08-12,2023-08-16,4,Presidential,256956,0,256956,1027824,Leisure,Individual Guest,Corporate Agreement,Completed,Nigerian,3,POS,Emeka Okonkwo,August,2023,%Q,Q3
BK01002,2023-05-17,2023-06-13,2023-06-25,12,Suite,138210,0,138210,1658520,Corporate,Glo Mobile,Online Travel Agent,Confirmed,Nigerian,3,POS,Chioma Eze,June,2023,%Q,Q2
BK01003,2024-04-08,2024-04-15,2024-04-24,9,Executive,100164,0,100164,901476,Leisure,Individual Guest,Corporate Agreement,Completed,Kenyan,1,Credit Card,Fatima Bello,April,2024,%Q,Q2
BK01004,2024-09-20,2024-11-08,2024-11-12,4,Suite,125229,0,125229,500916,MICE,Nigerian Breweries,Online Travel Agent,Completed,Ghanaian,3,Cash,Tunde Adeyemi,November,2024,%Q,Q4
BK01005,2024-10-04,2024-11-17,2024-11-22,5,Standard,64960,0,64960,324800,Group,Individual Guest,Direct,Completed,Nigerian,2,POS,Chioma Eze,November,2024,%Q,Q4
BK01006,2023-01-06,2023-02-27,2023-03-03,4,Standard,55336,5,52569,210277,Leisure,Individual Guest,Walk In,Confirmed,British,2,Cash,Direct Booking,February,2023,%Q,Q1
BK01007,2024-01-12,2024-02-10,2024-02-21,11,Deluxe,78679,20,62943,692375,Corporate,Flour Mills Nigeria,Online Travel Agent,Completed,British,2,Credit Card,Chioma Eze,February,2024,%Q,Q1
BK01008,2024-04-02,2024-05-20,2024-05-22,2,Standard,48592,20,38874,77747,Corporate,Chevron Nigeria,Online Travel Agent,Completed,Nigerian,4,POS,Emeka Okonkwo,May,2024,%Q,Q2
BK01009,2023-07-22,2023-09-15,2023-09-24,9,Standard,48753,0,48753,438777,Group,Individual Guest,Direct,Completed,British,4,Cash,Amaka Osei,September,2023,%Q,Q3
BK01010,2024-02-23,2024-04-09,2024-04-10,1,Suite,152806,0,152806,152806,MICE,Nigerian Breweries,Direct,Completed,British,2,Credit Card,Fatima Bello,April,2024,%Q,Q2
BK01011,2023-04-27,2023-06-15,2023-06-24,9,Presidential,250149,0,250149,2251341,Leisure,Individual Guest,Direct,Completed,Nigerian,1,Credit Card,Chioma Eze,June,2023,%Q,Q2
BK01012,2024-07-29,2024-08-03,2024-08-05,2,Executive,99535,0,99535,199070,Airline Crew,Nestle Nigeria,Online Travel Agent,Confirmed,Nigerian,4,POS,Chioma Eze,August,2024,%Q,Q3
BK01013,2024-05-21,2024-07-06,2024-07-19,13,Deluxe,93361,0,93361,1213693,Corporate,Nigerian Ports Authority,Online Travel Agent,Completed,Nigerian,3,Bank Transfer,Tunde Adeyemi,July,2024,%Q,Q3
BK01014,2024-08-11,2024-08-25,2024-09-03,9,Presidential,307728,10,276955,0,Corporate,Dangote Group,Walk In,Cancelled,Kenyan,2,POS,Amaka Osei,August,2024,%Q,Q3
BK01015,2024-11-03,2024-11-16,2024-11-24,8,Presidential,284684,0,284684,2277472,Group,Individual Guest,Corporate Agreement,Completed,Nigerian,2,Corporate Account,Emeka Okonkwo,November,2024,%Q,Q4
BK01016,2023-03-14,2023-04-10,2023-04-21,11,Suite,147759,5,140371,1544082,Leisure,Individual Guest,Direct,Completed,American,1,Bank Transfer,Direct Booking,April,2023,%Q,Q2
BK01017,2023-10-20,2023-12-14,2023-12-27,13,Standard,53147,0,53147,690911,Corporate,Seplat Energy,Direct,Confirmed,Nigerian,1,Corporate Account,Amaka Osei,December,2023,%Q,Q4
BK01018,2024-09-06,2024-10-29,2024-11-07,9,Standard,48056,15,40848,0,Government,PZ Cussons,Online Travel Agent,Cancelled,Nigerian,2,Bank Transfer,Emeka Okonkwo,October,2024,%Q,Q4
BK01019,2023-01-01,2023-01-03,2023-01-10,7,Executive,113694,0,113694,795858,Leisure,Individual Guest,Walk In,Completed,British,2,Corporate Account,Direct Booking,January,2023,%Q,Q1
BK01020,2023-10-28,2023-10-31,2023-11-04,4,Presidential,392133,20,313706,1254826,Corporate,Airtel Nigeria,Corporate Agreement,Confirmed,Nigerian,1,Credit Card,Fatima Bello,October,2023,%Q,Q4
BK01021,2023-03-13,2023-03-24,2023-04-07,14,Standard,64498,20,51598,722378,Corporate,PZ Cussons,Walk In,Completed,British,1,POS,Fatima Bello,March,2023,%Q,Q1
BK01022,2023-02-11,2023-03-25,2023-04-01,7,Presidential,398170,0,398170,2787190,Leisure,Individual Guest,Direct,Completed,American,4,Cash,Tunde Adeyemi,March,2023,%Q,Q1
BK01023,2024-10-30,2024-11-18,2024-11-29,11,Executive,115720,20,92576,1018336,Government,Zenith Bank,Corporate Agreement,Confirmed,British,2,Bank Transfer,Amaka Osei,November,2024,%Q,Q4
BK01024,2023-08-01,2023-09-29,2023-10-02,3,Suite,177728,20,142182,426547,Corporate,PZ Cussons,Direct,Completed,Ghanaian,1,Cash,Direct Booking,September,2023,%Q,Q3
BK01025,2023-10-28,2023-11-03,2023-11-14,11,Deluxe,78666,10,70799,778793,Corporate,Nigerian Breweries,Direct,Completed,Nigerian,2,Cash,Tunde Adeyemi,November,2023,%Q,Q4
BK01026,2024-05-16,2024-06-01,2024-06-09,8,Standard,48024,5,45623,364982,Group,Individual Guest,Direct,Completed,Nigerian,2,Cash,Tunde Adeyemi,June,2024,%Q,Q2
BK01027,2024-06-21,2024-07-18,2024-07-30,12,Presidential,252534,0,252534,3030408,Corporate,Shell Nigeria,Travel Agent,Completed,British,2,Corporate Account,Tunde Adeyemi,July,2024,%Q,Q3
BK01028,2023-09-16,2023-11-12,2023-11-18,6,Standard,56724,5,53888,323327,Corporate,PZ Cussons,Online Travel Agent,Completed,British,2,POS,Emeka Okonkwo,November,2023,%Q,Q4
BK01029,2023-04-26,2023-06-16,2023-06-29,13,Deluxe,83510,5,79334,1031348,Corporate,Glo Mobile,Online Travel Agent,Completed,American,3,Credit Card,Direct Booking,June,2023,%Q,Q2
BK01030,2024-11-25,2024-12-19,2024-12-21,2,Standard,60423,15,51360,102719,Corporate,Oando PLC,Travel Agent,Completed,Kenyan,2,Bank Transfer,Tunde Adeyemi,December,2024,%Q,Q4
BK01031,2023-10-09,2023-12-03,2023-12-08,5,Standard,54146,0,54146,270730,Leisure,Individual Guest,Corporate Agreement,Completed,Kenyan,1,Bank Transfer,Chioma Eze,December,2023,%Q,Q4
BK01032,2023-06-16,2023-07-02,2023-07-12,10,Standard,48552,10,43697,436968,Leisure,Individual Guest,Travel Agent,Completed,Nigerian,4,Bank Transfer,Fatima Bello,July,2023,%Q,Q3
BK01033,2023-07-12,2023-07-14,2023-07-19,5,Executive,95110,5,90354,451772,Leisure,Individual Guest,Corporate Agreement,Completed,Chinese,3,Credit Card,Direct Booking,July,2023,%Q,Q3
BK01034,2023-01-14,2023-03-13,2023-03-24,11,Suite,160839,10,144755,1592306,Corporate,Unilever Nigeria,Online Travel Agent,Completed,Nigerian,4,Cash,Emeka Okonkwo,March,2023,%Q,Q1
BK01035,2024-07-09,2024-07-21,2024-07-24,3,Executive,119847,0,119847,359541,Group,Individual Guest,Corporate Agreement,Completed,Nigerian,3,Bank Transfer,Fatima Bello,July,2024,%Q,Q3
BK01036,2023-06-15,2023-08-04,2023-08-11,7,Presidential,334475,0,334475,2341325,Leisure,Individual Guest,Direct,Completed,Nigerian,1,Credit Card,Direct Booking,August,2023,%Q,Q3
BK01037,2024-05-02,2024-06-11,2024-06-22,11,Presidential,337867,15,287187,3159056,Corporate,PZ Cussons,Direct,Completed,Nigerian,2,Bank Transfer,Amaka Osei,June,2024,%Q,Q2
BK01038,2024-07-30,2024-09-17,2024-10-01,14,Standard,59923,0,59923,838922,Leisure,Individual Guest,Direct,Completed,American,2,Corporate Account,Emeka Okonkwo,September,2024,%Q,Q3
BK01039,2024-11-02,2024-11-02,2024-11-14,12,Standard,58931,20,47145,565738,Corporate,Oando PLC,Direct,Confirmed,Kenyan,4,Credit Card,Emeka Okonkwo,November,2024,%Q,Q4
BK01040,2024-07-06,2024-07-26,2024-08-05,10,Executive,128081,0,128081,1280810,Leisure,Individual Guest,Online Travel Agent,Completed,Nigerian,3,Corporate Account,Emeka Okonkwo,July,2024,%Q,Q3
BK01041,2024-08-26,2024-10-14,2024-10-19,5,Presidential,377034,10,339331,1696653,Group,Individual Guest,Direct,Completed,Nigerian,3,Cash,Chioma Eze,October,2024,%Q,Q4
BK01042,2023-03-15,2023-03-24,2023-03-27,3,Deluxe,82551,0,82551,247653,Group,Individual Guest,Direct,Completed,Nigerian,4,Corporate Account,Fatima Bello,March,2023,%Q,Q1
BK01043,2023-07-05,2023-07-31,2023-08-14,14,Executive,96280,5,91466,1280524,MICE,FAAN,Walk In,Completed,Nigerian,2,Corporate Account,Emeka Okonkwo,July,2023,%Q,Q3
BK01044,2023-07-17,2023-08-13,2023-08-18,5,Executive,96902,5,92057,460284,Leisure,Individual Guest,Travel Agent,Completed,American,1,Credit Card,Emeka Okonkwo,August,2023,%Q,Q3
BK01045,2024-07-18,2024-08-29,2024-09-08,10,Standard,47750,5,45362,453625,Group,Individual Guest,Online Travel Agent,Confirmed,Nigerian,2,Cash,Emeka Okonkwo,August,2024,%Q,Q3
BK01046,2023-10-14,2023-12-01,2023-12-07,6,Executive,113235,0,113235,0,MICE,Federal Ministry of Works,Direct,No Show,Nigerian,3,Bank Transfer,Fatima Bello,December,2023,%Q,Q4
BK01047,2024-09-08,2024-10-27,2024-10-29,2,Standard,46016,15,39114,78227,Government,Julius Berger,Corporate Agreement,Completed,Nigerian,2,Bank Transfer,Emeka Okonkwo,October,2024,%Q,Q4
BK01048,2024-10-29,2024-12-17,2024-12-22,5,Suite,130996,10,117896,589482,Group,Individual Guest,Corporate Agreement,Completed,South African,1,Cash,Tunde Adeyemi,December,2024,%Q,Q4
BK01049,2023-01-01,2023-01-27,2023-02-01,5,Executive,120995,20,96796,483980,Government,Julius Berger,Corporate Agreement,Confirmed,British,1,Cash,Amaka Osei,January,2023,%Q,Q1
BK01050,2023-01-09,2023-02-12,2023-02-18,6,Executive,119285,5,113321,679924,Corporate,Glo Mobile,Online Travel Agent,Confirmed,Nigerian,4,Cash,Emeka Okonkwo,February,2023,%Q,Q1
BK01051,2024-02-04,2024-03-21,2024-03-24,3,Presidential,320800,0,320800,962400,Group,Individual Guest,Travel Agent,Completed,Nigerian,3,POS,Direct Booking,March,2024,%Q,Q1
BK01052,2023-07-12,2023-09-09,2023-09-23,14,Standard,54139,15,46018,644254,Government,PZ Cussons,Corporate Agreement,Completed,American,4,Bank Transfer,Chioma Eze,September,2023,%Q,Q3
BK01053,2023-06-23,2023-07-06,2023-07-14,8,Suite,172286,0,172286,1378288,Corporate,FBN Holdings,Corporate Agreement,Completed,Nigerian,2,POS,Amaka Osei,July,2023,%Q,Q3
BK01054,2023-08-10,2023-09-05,2023-09-17,12,Executive,110749,5,105212,1262539,Group,Individual Guest,Online Travel Agent,Completed,Ghanaian,2,Cash,Amaka Osei,September,2023,%Q,Q3
BK01055,2024-11-20,2024-12-09,2024-12-13,4,Presidential,346736,0,346736,1386944,Leisure,Individual Guest,Online Travel Agent,Completed,South African,4,Cash,Chioma Eze,December,2024,%Q,Q4
BK01056,2023-10-27,2023-11-10,2023-11-15,5,Standard,51310,0,51310,0,Corporate,Total Energies,Corporate Agreement,Cancelled,Nigerian,3,POS,Fatima Bello,November,2023,%Q,Q4
BK01057,2023-07-04,2023-07-18,2023-07-23,5,Suite,131759,0,131759,658795,Corporate,Nestle Nigeria,Walk In,Completed,British,4,Credit Card,Direct Booking,July,2023,%Q,Q3
BK01058,2023-01-01,2023-01-13,2023-01-23,10,Executive,126373,5,120054,0,Leisure,Individual Guest,Direct,Cancelled,Chinese,1,Bank Transfer,Emeka Okonkwo,January,2023,%Q,Q1
BK01059,2024-04-12,2024-05-18,2024-05-20,2,Standard,49971,20,39977,79954,Corporate,GTCO,Direct,Confirmed,British,2,POS,Emeka Okonkwo,May,2024,%Q,Q2
BK01060,2023-11-28,2024-01-25,2024-02-02,8,Executive,114487,0,114487,915896,MICE,NNPC,Corporate Agreement,Completed,British,2,Bank Transfer,Direct Booking,January,2024,%Q,Q1
BK01061,2023-09-23,2023-09-28,2023-10-09,11,Deluxe,77859,5,73966,0,Corporate,Zenith Bank,Online Travel Agent,Cancelled,American,1,Cash,Emeka Okonkwo,September,2023,%Q,Q3
BK01062,2023-10-05,2023-10-23,2023-11-04,12,Executive,99664,0,99664,1195968,Group,Individual Guest,Travel Agent,Completed,British,4,Credit Card,Direct Booking,October,2023,%Q,Q4
BK01063,2024-05-31,2024-07-11,2024-07-15,4,Deluxe,78704,0,78704,314816,MICE,Zenith Bank,Travel Agent,Confirmed,British,4,Cash,Fatima Bello,July,2024,%Q,Q3
BK01064,2024-04-05,2024-04-24,2024-05-06,12,Executive,112841,0,112841,1354092,Leisure,Individual Guest,Direct,Completed,Nigerian,3,Cash,Emeka Okonkwo,April,2024,%Q,Q2
BK01065,2023-02-20,2023-04-04,2023-04-08,4,Presidential,255438,0,255438,1021752,Airline Crew,FBN Holdings,Travel Agent,Completed,Nigerian,3,Corporate Account,Fatima Bello,April,2023,%Q,Q2
BK01066,2024-07-13,2024-08-22,2024-08-29,7,Executive,100979,5,95930,671510,Leisure,Individual Guest,Online Travel Agent,Completed,Nigerian,4,Cash,Tunde Adeyemi,August,2024,%Q,Q3
BK01067,2023-08-24,2023-10-23,2023-11-03,11,Executive,97404,10,87664,964300,Leisure,Individual Guest,Online Travel Agent,Completed,Indian,1,POS,Emeka Okonkwo,October,2023,%Q,Q4
BK01068,2024-04-15,2024-04-18,2024-04-25,7,Deluxe,86988,0,86988,608916,Leisure,Individual Guest,Corporate Agreement,Completed,South African,2,Cash,Tunde Adeyemi,April,2024,%Q,Q2
BK01069,2024-02-22,2024-03-24,2024-04-05,12,Standard,45945,0,45945,551340,Airline Crew,PZ Cussons,Online Travel Agent,Completed,Nigerian,2,Bank Transfer,Emeka Okonkwo,March,2024,%Q,Q1
BK01070,2024-03-07,2024-04-17,2024-04-19,2,Deluxe,86330,20,69064,138128,Government,UBA Group,Direct,Completed,Ghanaian,4,Credit Card,Emeka Okonkwo,April,2024,%Q,Q2
BK01071,2023-05-17,2023-05-29,2023-06-05,7,Presidential,383232,0,383232,2682624,Group,Individual Guest,Direct,Confirmed,South African,3,Cash,Emeka Okonkwo,May,2023,%Q,Q2
BK01072,2023-09-28,2023-10-17,2023-10-29,12,Presidential,378356,0,378356,4540272,MICE,Seplat Energy,Online Travel Agent,Completed,British,4,Corporate Account,Fatima Bello,October,2023,%Q,Q4
BK01073,2023-06-28,2023-07-13,2023-07-25,12,Presidential,350393,15,297834,3574009,Corporate,Federal Ministry of Works,Corporate Agreement,Confirmed,American,2,Corporate Account,Emeka Okonkwo,July,2023,%Q,Q3
BK01074,2023-01-06,2023-02-07,2023-02-10,3,Presidential,337030,0,337030,1011090,MICE,Seplat Energy,Walk In,Confirmed,Nigerian,2,Corporate Account,Tunde Adeyemi,February,2023,%Q,Q1
BK01075,2024-04-09,2024-04-25,2024-05-08,13,Suite,160845,5,152803,1986436,Group,Individual Guest,Travel Agent,Completed,Kenyan,3,Corporate Account,Fatima Bello,April,2024,%Q,Q2
BK01076,2024-05-30,2024-07-08,2024-07-09,1,Standard,52692,5,50057,50057,Group,Individual Guest,Walk In,Completed,South African,1,Bank Transfer,Emeka Okonkwo,July,2024,%Q,Q3
BK01077,2023-06-01,2023-06-20,2023-07-02,12,Standard,46507,5,44182,530180,Corporate,Dangote Group,Online Travel Agent,Completed,Nigerian,2,Corporate Account,Fatima Bello,June,2023,%Q,Q2
BK01078,2023-05-21,2023-06-29,2023-07-01,2,Executive,110783,5,105244,210488,Leisure,Individual Guest,Direct,Completed,British,1,Cash,Emeka Okonkwo,June,2023,%Q,Q2
BK01079,2023-09-18,2023-10-22,2023-11-02,11,Deluxe,72420,0,72420,796620,Leisure,Individual Guest,Corporate Agreement,Completed,British,4,Cash,Emeka Okonkwo,October,2023,%Q,Q4
BK01080,2023-05-30,2023-07-23,2023-07-30,7,Executive,101989,0,101989,713923,Corporate,9mobile,Walk In,Completed,Nigerian,3,Corporate Account,Direct Booking,July,2023,%Q,Q3
BK01081,2024-06-20,2024-08-02,2024-08-16,14,Standard,64870,0,64870,908180,Group,Individual Guest,Walk In,Completed,South African,3,POS,Tunde Adeyemi,August,2024,%Q,Q3
BK01082,2024-09-04,2024-10-13,2024-10-17,4,Suite,164417,10,147975,591901,MICE,Nestle Nigeria,Walk In,Completed,British,1,Corporate Account,Chioma Eze,October,2024,%Q,Q4
BK01083,2024-01-01,2024-01-09,2024-01-21,12,Standard,54670,5,51936,0,Corporate,Federal Ministry of Works,Direct,Cancelled,Nigerian,3,POS,Chioma Eze,January,2024,%Q,Q1
BK01084,2023-07-23,2023-09-21,2023-10-05,14,Executive,114342,10,102908,1440709,Group,Individual Guest,Direct,Completed,Indian,4,Credit Card,Tunde Adeyemi,September,2023,%Q,Q3
BK01085,2023-11-21,2024-01-10,2024-01-12,2,Executive,95912,0,95912,191824,Corporate,Unilever Nigeria,Corporate Agreement,Completed,American,3,Corporate Account,Fatima Bello,January,2024,%Q,Q1
BK01086,2024-10-23,2024-11-22,2024-11-26,4,Standard,63396,0,63396,253584,Corporate,Guinness Nigeria,Corporate Agreement,Completed,Nigerian,4,Cash,Direct Booking,November,2024,%Q,Q4
BK01087,2023-03-25,2023-05-24,2023-05-25,1,Standard,54973,10,49476,49476,Airline Crew,Unilever Nigeria,Travel Agent,Confirmed,Nigerian,4,Cash,Emeka Okonkwo,May,2023,%Q,Q2
BK01088,2023-04-28,2023-06-08,2023-06-15,7,Standard,61034,0,61034,427238,Group,Individual Guest,Direct,Completed,American,4,Corporate Account,Tunde Adeyemi,June,2023,%Q,Q2
BK01089,2023-11-25,2024-01-07,2024-01-09,2,Suite,155682,20,124546,249091,Government,9mobile,Direct,Confirmed,Indian,2,Bank Transfer,Emeka Okonkwo,January,2024,%Q,Q1
BK01090,2024-10-15,2024-10-16,2024-10-26,10,Standard,55928,5,53132,531316,Corporate,Nestle Nigeria,Direct,Completed,Ghanaian,2,Credit Card,Fatima Bello,October,2024,%Q,Q4
BK01091,2023-11-24,2023-12-03,2023-12-16,13,Presidential,250743,0,250743,3259659,Corporate,Shell Nigeria,Online Travel Agent,Completed,Ghanaian,2,Bank Transfer,Amaka Osei,December,2023,%Q,Q4
BK01092,2023-11-13,2024-01-02,2024-01-15,13,Deluxe,89295,15,75901,986710,Corporate,Total Energies,Direct,Completed,Nigerian,4,Bank Transfer,Amaka Osei,January,2024,%Q,Q1
BK01093,2023-11-30,2024-01-06,2024-01-15,9,Standard,59811,5,56820,511384,Leisure,Individual Guest,Direct,Completed,South African,3,POS,Direct Booking,January,2024,%Q,Q1
BK01094,2024-10-17,2024-10-20,2024-10-21,1,Executive,121320,0,121320,121320,Leisure,Individual Guest,Corporate Agreement,Confirmed,Nigerian,2,Cash,Amaka Osei,October,2024,%Q,Q4
BK01095,2023-04-01,2023-05-10,2023-05-15,5,Presidential,393748,0,393748,1968740,Group,Individual Guest,Corporate Agreement,Completed,Nigerian,4,POS,Fatima Bello,May,2023,%Q,Q2
BK01096,2024-10-26,2024-12-19,2024-12-21,2,Presidential,306367,0,306367,612734,Leisure,Individual Guest,Online Travel Agent,Completed,Ghanaian,1,Corporate Account,Emeka Okonkwo,December,2024,%Q,Q4
BK01097,2024-01-31,2024-03-13,2024-03-19,6,Suite,144530,10,130077,780462,Airline Crew,Transcorp Hotels,Travel Agent,Confirmed,Nigerian,2,Cash,Amaka Osei,March,2024,%Q,Q1
BK01098,2023-01-27,2023-03-03,2023-03-13,10,Presidential,336414,10,302773,3027726,Group,Individual Guest,Travel Agent,Completed,Chinese,3,Bank Transfer,Emeka Okonkwo,March,2023,%Q,Q1
BK01099,2023-11-10,2023-11-16,2023-11-22,6,Presidential,383015,20,306412,0,Corporate,Transcorp Hotels,Direct,Cancelled,Kenyan,3,Bank Transfer,Chioma Eze,November,2023,%Q,Q4
BK01100,2023-07-24,2023-08-20,2023-09-02,13,Presidential,395945,5,376148,4889921,Corporate,FBN Holdings,Direct,Confirmed,South African,1,Cash,Chioma Eze,August,2023,%Q,Q3
BK01101,2023-04-15,2023-05-27,2023-06-06,10,Executive,99560,10,89604,896040,Corporate,Air Peace,Online Travel Agent,Confirmed,Nigerian,2,Cash,Emeka Okonkwo,May,2023,%Q,Q2
BK01102,2023-10-27,2023-11-16,2023-11-28,12,Presidential,272270,15,231430,0,Government,Shell Nigeria,Corporate Agreement,Cancelled,American,4,Corporate Account,Chioma Eze,November,2023,%Q,Q4
BK01103,2024-08-18,2024-09-13,2024-09-21,8,Suite,134127,0,134127,1073016,MICE,Unilever Nigeria,Direct,Completed,American,3,Corporate Account,Fatima Bello,September,2024,%Q,Q3
BK01104,2023-07-07,2023-08-14,2023-08-21,7,Standard,45251,15,38463,269243,Corporate,Lafarge Africa,Travel Agent,Completed,Nigerian,4,Bank Transfer,Amaka Osei,August,2023,%Q,Q3
BK01105,2023-06-05,2023-06-29,2023-07-02,3,Presidential,310322,0,310322,930966,Leisure,Individual Guest,Travel Agent,Completed,Nigerian,4,Bank Transfer,Direct Booking,June,2023,%Q,Q2
BK01106,2024-02-20,2024-04-15,2024-04-17,2,Suite,157732,0,157732,315464,Leisure,Individual Guest,Corporate Agreement,Completed,Nigerian,3,Bank Transfer,Emeka Okonkwo,April,2024,%Q,Q2
BK01107,2024-08-02,2024-09-24,2024-10-02,8,Suite,125775,0,125775,1006200,Leisure,Individual Guest,Online Travel Agent,Confirmed,Nigerian,3,Corporate Account,Amaka Osei,September,2024,%Q,Q3
BK01108,2023-06-27,2023-08-15,2023-08-21,6,Deluxe,72502,0,72502,435012,Leisure,Individual Guest,Online Travel Agent,Confirmed,French,2,Cash,Chioma Eze,August,2023,%Q,Q3
BK01109,2023-03-31,2023-04-16,2023-04-19,3,Deluxe,75685,10,68116,204350,Group,Individual Guest,Corporate Agreement,Completed,Nigerian,4,Corporate Account,Direct Booking,April,2023,%Q,Q2
BK01110,2024-07-04,2024-08-16,2024-08-24,8,Presidential,334727,0,334727,0,MICE,Airtel Nigeria,Direct,Cancelled,Nigerian,1,Cash,Chioma Eze,August,2024,%Q,Q3
BK01111,2024-05-15,2024-06-03,2024-06-05,2,Executive,124616,15,105924,211847,Corporate,Nigerian Ports Authority,Direct,Completed,Kenyan,4,POS,Amaka Osei,June,2024,%Q,Q2
BK01112,2024-06-28,2024-08-17,2024-08-26,9,Standard,59736,15,50776,456980,Government,Julius Berger,Online Travel Agent,Completed,Nigerian,1,Corporate Account,Amaka Osei,August,2024,%Q,Q3
BK01113,2023-02-15,2023-03-28,2023-04-06,9,Deluxe,71282,15,60590,545307,Corporate,Seplat Energy,Online Travel Agent,Completed,British,3,Cash,Chioma Eze,March,2023,%Q,Q1
BK01114,2024-02-02,2024-02-23,2024-03-07,13,Presidential,263727,0,263727,3428451,MICE,Glo Mobile,Direct,Confirmed,American,2,Cash,Chioma Eze,February,2024,%Q,Q1
BK01115,2023-02-11,2023-03-25,2023-04-04,10,Deluxe,81462,5,77389,773889,Corporate,Lagos State Government,Corporate Agreement,Confirmed,Nigerian,3,Corporate Account,Fatima Bello,March,2023,%Q,Q1
BK01116,2024-09-25,2024-11-17,2024-11-29,12,Presidential,274498,5,260773,3129277,Group,Individual Guest,Online Travel Agent,Completed,Nigerian,3,Credit Card,Tunde Adeyemi,November,2024,%Q,Q4
BK01117,2023-07-08,2023-07-16,2023-07-20,4,Deluxe,72528,20,58022,232090,Corporate,Nigerian Breweries,Online Travel Agent,Completed,South African,3,Bank Transfer,Fatima Bello,July,2023,%Q,Q3
BK01118,2023-04-21,2023-05-15,2023-05-25,10,Deluxe,75316,20,60253,602528,Corporate,Chevron Nigeria,Direct,Completed,Nigerian,4,Credit Card,Direct Booking,May,2023,%Q,Q2
BK01119,2023-09-02,2023-10-19,2023-11-01,13,Executive,110335,5,104818,1362637,Leisure,Individual Guest,Travel Agent,Completed,Nigerian,4,Cash,Tunde Adeyemi,October,2023,%Q,Q4
BK01120,2023-09-22,2023-10-16,2023-10-29,13,Presidential,388270,0,388270,0,Leisure,Individual Guest,Direct,Cancelled,British,4,Bank Transfer,Chioma Eze,October,2023,%Q,Q4
BK01121,2024-06-06,2024-07-21,2024-07-23,2,Presidential,282683,15,240281,480561,Corporate,Chevron Nigeria,Walk In,Completed,Nigerian,2,Bank Transfer,Emeka Okonkwo,July,2024,%Q,Q3
BK01122,2023-11-28,2023-12-24,2023-12-25,1,Standard,57991,0,57991,0,Leisure,Individual Guest,Walk In,No Show,Nigerian,1,Cash,Amaka Osei,December,2023,%Q,Q4
BK01123,2023-05-28,2023-05-30,2023-06-02,3,Suite,174379,0,174379,523137,Leisure,Individual Guest,Travel Agent,Completed,Nigerian,1,Bank Transfer,Fatima Bello,May,2023,%Q,Q2
BK01124,2023-07-29,2023-09-20,2023-09-24,4,Deluxe,87983,20,70386,281546,Government,NNPC,Direct,Confirmed,Nigerian,4,Credit Card,Amaka Osei,September,2023,%Q,Q3
BK01125,2024-09-25,2024-09-29,2024-10-07,8,Standard,61378,0,61378,491024,Leisure,Individual Guest,Online Travel Agent,Confirmed,Nigerian,4,Cash,Tunde Adeyemi,September,2024,%Q,Q3
BK01126,2024-09-06,2024-09-21,2024-09-27,6,Presidential,359200,15,305320,1831920,Corporate,Access Bank,Online Travel Agent,Completed,Indian,1,POS,Fatima Bello,September,2024,%Q,Q3
BK01127,2024-03-17,2024-04-26,2024-04-27,1,Executive,119464,5,113491,113491,Corporate,Air Peace,Direct,Completed,Nigerian,3,Bank Transfer,Direct Booking,April,2024,%Q,Q2
BK01128,2023-01-12,2023-02-15,2023-02-21,6,Suite,173314,0,173314,1039884,Group,Individual Guest,Corporate Agreement,Completed,German,2,Credit Card,Emeka Okonkwo,February,2023,%Q,Q1
BK01129,2024-03-26,2024-04-13,2024-04-14,1,Deluxe,71435,0,71435,71435,MICE,Conoil,Online Travel Agent,Completed,Nigerian,3,Corporate Account,Fatima Bello,April,2024,%Q,Q2
BK01130,2024-10-06,2024-10-24,2024-10-28,4,Suite,176501,0,176501,706004,MICE,Glo Mobile,Travel Agent,Completed,Nigerian,4,Corporate Account,Emeka Okonkwo,October,2024,%Q,Q4
BK01131,2023-05-28,2023-07-11,2023-07-19,8,Executive,119074,15,101213,809703,Government,FBN Holdings,Corporate Agreement,Completed,Nigerian,3,Credit Card,Fatima Bello,July,2023,%Q,Q3
BK01132,2023-03-27,2023-04-16,2023-04-18,2,Suite,140086,10,126077,252155,Leisure,Individual Guest,Direct,Completed,Nigerian,3,Bank Transfer,Emeka Okonkwo,April,2023,%Q,Q2
BK01133,2024-02-10,2024-03-21,2024-03-26,5,Standard,47458,10,42712,213561,Group,Individual Guest,Online Travel Agent,Completed,South African,2,Bank Transfer,Tunde Adeyemi,March,2024,%Q,Q1
BK01134,2024-10-28,2024-11-25,2024-12-08,13,Standard,49136,10,44222,574891,Corporate,Nigerian Ports Authority,Walk In,Completed,Nigerian,3,Corporate Account,Tunde Adeyemi,November,2024,%Q,Q4
BK01135,2024-03-26,2024-03-30,2024-04-12,13,Presidential,286095,5,271790,3533273,Leisure,Individual Guest,Corporate Agreement,Completed,Nigerian,2,Bank Transfer,Amaka Osei,March,2024,%Q,Q1
BK01136,2024-04-17,2024-06-14,2024-06-21,7,Presidential,280870,0,280870,1966090,Corporate,Flour Mills Nigeria,Direct,Completed,British,2,Corporate Account,Direct Booking,June,2024,%Q,Q2
BK01137,2023-05-15,2023-05-19,2023-06-02,14,Executive,106315,20,85052,1190728,Government,Seplat Energy,Travel Agent,Completed,Indian,1,Cash,Chioma Eze,May,2023,%Q,Q2
BK01138,2024-05-13,2024-07-09,2024-07-14,5,Suite,175794,15,149425,747124,Corporate,Total Energies,Online Travel Agent,Completed,Nigerian,2,Credit Card,Tunde Adeyemi,July,2024,%Q,Q3
BK01139,2023-01-01,2023-01-27,2023-02-02,6,Presidential,346707,5,329372,1976230,Leisure,Individual Guest,Direct,Completed,French,4,Cash,Amaka Osei,January,2023,%Q,Q1
BK01140,2024-05-04,2024-06-22,2024-06-29,7,Executive,99833,5,94841,663889,Corporate,Airtel Nigeria,Online Travel Agent,Completed,American,2,Credit Card,Chioma Eze,June,2024,%Q,Q2
BK01141,2024-01-21,2024-03-19,2024-03-28,9,Standard,49068,0,49068,441612,Leisure,Individual Guest,Direct,Completed,Chinese,3,Cash,Tunde Adeyemi,March,2024,%Q,Q1
BK01142,2023-08-05,2023-09-14,2023-09-18,4,Presidential,321945,5,305848,1223391,Corporate,GTCO,Direct,Completed,British,2,POS,Fatima Bello,September,2023,%Q,Q3
BK01143,2024-09-20,2024-11-05,2024-11-15,10,Presidential,338504,0,338504,3385040,MICE,Conoil,Direct,Completed,Nigerian,3,POS,Direct Booking,November,2024,%Q,Q4
BK01144,2024-06-30,2024-08-08,2024-08-15,7,Standard,61319,15,52121,364848,Government,UBA Group,Online Travel Agent,Completed,Nigerian,3,Corporate Account,Direct Booking,August,2024,%Q,Q3
BK01145,2023-03-13,2023-03-16,2023-03-28,12,Deluxe,84404,5,80184,962206,Leisure,Individual Guest,Online Travel Agent,Completed,Nigerian,3,Cash,Direct Booking,March,2023,%Q,Q1
BK01146,2023-04-21,2023-05-14,2023-05-27,13,Presidential,397233,15,337648,4389425,Corporate,PZ Cussons,Direct,Completed,Nigerian,3,Bank Transfer,Amaka Osei,May,2023,%Q,Q2
BK01147,2024-09-07,2024-09-22,2024-09-29,7,Deluxe,80729,15,68620,0,Government,Airtel Nigeria,Direct,Cancelled,German,3,Corporate Account,Emeka Okonkwo,September,2024,%Q,Q3
BK01148,2023-01-01,2023-01-24,2023-01-26,2,Executive,128124,0,128124,0,Leisure,Individual Guest,Corporate Agreement,No Show,Nigerian,4,Corporate Account,Chioma Eze,January,2023,%Q,Q1
BK01149,2024-05-10,2024-07-03,2024-07-04,1,Standard,59120,10,53208,53208,Corporate,Flour Mills Nigeria,Travel Agent,Completed,Nigerian,2,Bank Transfer,Emeka Okonkwo,July,2024,%Q,Q3
BK01150,2024-07-16,2024-07-20,2024-07-25,5,Executive,128046,0,128046,640230,Leisure,Individual Guest,Travel Agent,Completed,British,2,Bank Transfer,Fatima Bello,July,2024,%Q,Q3
BK01151,2023-12-20,2024-02-08,2024-02-14,6,Suite,156558,20,125246,0,Government,Shell Nigeria,Online Travel Agent,Cancelled,Nigerian,2,Bank Transfer,Amaka Osei,February,2024,%Q,Q1
BK01152,2023-11-08,2023-12-08,2023-12-21,13,Presidential,369796,20,295837,3845878,Corporate,Nestle Nigeria,Corporate Agreement,Completed,Nigerian,3,Cash,Fatima Bello,December,2023,%Q,Q4
BK01153,2024-05-05,2024-06-05,2024-06-14,9,Presidential,328588,0,328588,2957292,Leisure,Individual Guest,Online Travel Agent,Confirmed,Nigerian,3,POS,Emeka Okonkwo,June,2024,%Q,Q2
BK01154,2024-08-18,2024-09-03,2024-09-11,8,Presidential,309649,0,309649,2477192,Group,Individual Guest,Direct,Completed,British,2,Corporate Account,Fatima Bello,September,2024,%Q,Q3
BK01155,2023-01-01,2023-02-02,2023-02-12,10,Standard,51251,0,51251,512510,Corporate,Airtel Nigeria,Online Travel Agent,Completed,Nigerian,4,POS,Fatima Bello,February,2023,%Q,Q1
BK01156,2024-11-20,2024-12-23,2024-12-26,3,Deluxe,88379,10,79541,238623,Corporate,Transcorp Hotels,Online Travel Agent,Completed,Nigerian,3,Cash,Fatima Bello,December,2024,%Q,Q4
BK01157,2024-09-04,2024-09-16,2024-09-24,8,Deluxe,79142,0,79142,0,Leisure,Individual Guest,Walk In,Cancelled,Nigerian,4,Credit Card,Chioma Eze,September,2024,%Q,Q3
BK01158,2024-04-01,2024-05-06,2024-05-12,6,Suite,138860,10,124974,749844,Corporate,FAAN,Online Travel Agent,Completed,Nigerian,1,Cash,Tunde Adeyemi,May,2024,%Q,Q2
BK01159,2023-01-22,2023-03-22,2023-03-28,6,Executive,111806,0,111806,0,Group,Individual Guest,Travel Agent,Cancelled,Nigerian,2,Cash,Fatima Bello,March,2023,%Q,Q1
BK01160,2024-08-16,2024-09-22,2024-10-04,12,Deluxe,77944,5,74047,888562,Corporate,Guinness Nigeria,Direct,Completed,Nigerian,1,Corporate Account,Direct Booking,September,2024,%Q,Q3
BK01161,2023-01-01,2023-01-06,2023-01-15,9,Deluxe,83333,0,83333,749997,Group,Individual Guest,Online Travel Agent,Completed,American,3,Cash,Chioma Eze,January,2023,%Q,Q1
BK01162,2023-02-25,2023-04-02,2023-04-13,11,Deluxe,87535,5,83158,914741,Group,Individual Guest,Direct,Completed,Chinese,1,Credit Card,Emeka Okonkwo,April,2023,%Q,Q2
BK01163,2024-03-24,2024-05-22,2024-05-25,3,Suite,177458,5,168585,505755,Corporate,GTCO,Direct,Completed,German,4,Corporate Account,Chioma Eze,May,2024,%Q,Q2
BK01164,2024-05-14,2024-05-31,2024-06-08,8,Deluxe,73691,5,70006,560052,Corporate,Oando PLC,Corporate Agreement,Completed,Nigerian,2,Cash,Chioma Eze,May,2024,%Q,Q2
BK01165,2024-08-08,2024-09-17,2024-10-01,14,Executive,123029,0,123029,1722406,Leisure,Individual Guest,Corporate Agreement,Confirmed,Nigerian,3,Corporate Account,Tunde Adeyemi,September,2024,%Q,Q3
BK01166,2023-01-01,2023-01-07,2023-01-12,5,Deluxe,84638,0,84638,423190,MICE,Glo Mobile,Corporate Agreement,Completed,Nigerian,2,Cash,Direct Booking,January,2023,%Q,Q1
BK01167,2024-10-16,2024-11-14,2024-11-16,2,Suite,130467,0,130467,260934,Leisure,Individual Guest,Travel Agent,Completed,American,3,Bank Transfer,Chioma Eze,November,2024,%Q,Q4
BK01168,2024-09-07,2024-09-21,2024-09-25,4,Deluxe,85669,20,68535,274141,Corporate,Nigerian Ports Authority,Online Travel Agent,Completed,Nigerian,2,Credit Card,Fatima Bello,September,2024,%Q,Q3
BK01169,2023-02-25,2023-03-25,2023-04-03,9,Presidential,344839,5,327597,2948373,Corporate,Unilever Nigeria,Online Travel Agent,Confirmed,Nigerian,2,POS,Fatima Bello,March,2023,%Q,Q1
BK01170,2023-10-30,2023-12-02,2023-12-16,14,Executive,102617,0,102617,1436638,Group,Individual Guest,Online Travel Agent,Completed,French,4,Bank Transfer,Emeka Okonkwo,December,2023,%Q,Q4
BK01171,2024-05-11,2024-06-09,2024-06-16,7,Presidential,265135,10,238622,1670350,Leisure,Individual Guest,Online Travel Agent,Completed,Nigerian,2,Bank Transfer,Chioma Eze,June,2024,%Q,Q2
BK01172,2023-02-17,2023-03-16,2023-03-17,1,Suite,165900,5,157605,157605,Corporate,Dangote Group,Direct,Completed,Chinese,4,Cash,Amaka Osei,March,2023,%Q,Q1
BK01173,2023-04-08,2023-05-19,2023-06-01,13,Executive,119540,0,119540,1554020,Airline Crew,FAAN,Walk In,Completed,Nigerian,2,POS,Amaka Osei,May,2023,%Q,Q2
BK01174,2023-03-29,2023-05-02,2023-05-05,3,Executive,129658,20,103726,311179,Corporate,Guinness Nigeria,Travel Agent,Completed,Indian,4,POS,Emeka Okonkwo,May,2023,%Q,Q2
BK01175,2024-01-10,2024-01-24,2024-02-07,14,Deluxe,85093,5,80838,0,Corporate,FBN Holdings,Travel Agent,Cancelled,South African,1,Corporate Account,Amaka Osei,January,2024,%Q,Q1
BK01176,2023-07-25,2023-07-31,2023-08-02,2,Presidential,258801,0,258801,517602,Leisure,Individual Guest,Travel Agent,Completed,Nigerian,4,Corporate Account,Amaka Osei,July,2023,%Q,Q3
BK01177,2024-05-19,2024-07-06,2024-07-10,4,Standard,49591,0,49591,198364,Leisure,Individual Guest,Travel Agent,Completed,South African,3,POS,Chioma Eze,July,2024,%Q,Q3
BK01178,2023-09-25,2023-11-06,2023-11-09,3,Presidential,307945,10,277150,831452,Leisure,Individual Guest,Corporate Agreement,Completed,British,4,Credit Card,Direct Booking,November,2023,%Q,Q4
BK01179,2024-04-30,2024-05-22,2024-05-23,1,Executive,129371,5,122902,122902,Corporate,Federal Ministry of Works,Direct,Completed,Nigerian,2,Corporate Account,Fatima Bello,May,2024,%Q,Q2
BK01180,2023-09-20,2023-11-04,2023-11-18,14,Deluxe,85172,15,72396,1013547,Government,Federal Ministry of Works,Corporate Agreement,Completed,Nigerian,2,Cash,Tunde Adeyemi,November,2023,%Q,Q4
BK01181,2024-08-26,2024-10-24,2024-10-26,2,Executive,119318,20,95454,190909,Corporate,Julius Berger,Online Travel Agent,Confirmed,British,2,Bank Transfer,Amaka Osei,October,2024,%Q,Q4
BK01182,2024-11-05,2024-11-18,2024-11-27,9,Executive,108689,0,108689,978201,MICE,Glo Mobile,Walk In,Completed,Nigerian,4,Bank Transfer,Tunde Adeyemi,November,2024,%Q,Q4
BK01183,2024-10-29,2024-12-13,2024-12-23,10,Deluxe,82996,15,70547,705466,Government,Airtel Nigeria,Online Travel Agent,Completed,Nigerian,3,Cash,Chioma Eze,December,2024,%Q,Q4
BK01184,2024-05-11,2024-06-09,2024-06-17,8,Standard,60384,0,60384,483072,MICE,Airtel Nigeria,Online Travel Agent,Completed,Nigerian,2,Credit Card,Fatima Bello,June,2024,%Q,Q2
BK01185,2023-07-28,2023-09-25,2023-10-04,9,Presidential,359465,10,323518,2911666,Corporate,Julius Berger,Online Travel Agent,Completed,Ghanaian,3,POS,Emeka Okonkwo,September,2023,%Q,Q3
BK01186,2024-04-04,2024-05-15,2024-05-27,12,Executive,125200,0,125200,0,Corporate,9mobile,Corporate Agreement,Cancelled,Nigerian,1,Bank Transfer,Fatima Bello,May,2024,%Q,Q2
BK01187,2024-09-28,2024-11-15,2024-11-16,1,Standard,58513,20,46810,46810,Corporate,Guinness Nigeria,Direct,Confirmed,Nigerian,1,Cash,Emeka Okonkwo,November,2024,%Q,Q4
BK01188,2024-08-17,2024-10-15,2024-10-26,11,Presidential,376669,10,339002,3729023,Group,Individual Guest,Online Travel Agent,Confirmed,Nigerian,3,POS,Amaka Osei,October,2024,%Q,Q4
BK01189,2023-09-19,2023-10-21,2023-10-22,1,Executive,106748,15,90736,90736,Corporate,Nigerian Breweries,Direct,Completed,British,3,Cash,Chioma Eze,October,2023,%Q,Q4
BK01190,2023-02-25,2023-03-22,2023-03-28,6,Executive,110938,5,105391,632347,Airline Crew,Guinness Nigeria,Travel Agent,Completed,Nigerian,1,Bank Transfer,Direct Booking,March,2023,%Q,Q1
BK01191,2023-12-20,2024-01-24,2024-01-31,7,Executive,98677,10,88809,621665,Group,Individual Guest,Direct,Completed,Kenyan,1,Cash,Direct Booking,January,2024,%Q,Q1
BK01192,2023-01-31,2023-02-13,2023-02-17,4,Presidential,374649,10,337184,1348736,Corporate,Zenith Bank,Direct,Completed,Nigerian,2,Bank Transfer,Direct Booking,February,2023,%Q,Q1
BK01193,2023-01-01,2023-01-17,2023-01-21,4,Deluxe,94649,5,89917,359666,MICE,Lagos State Government,Direct,Completed,British,3,Corporate Account,Fatima Bello,January,2023,%Q,Q1
BK01194,2023-04-10,2023-05-24,2023-06-06,13,Standard,61409,0,61409,798317,Group,Individual Guest,Direct,Completed,Nigerian,4,Cash,Amaka Osei,May,2023,%Q,Q2
BK01195,2023-01-14,2023-01-31,2023-02-11,11,Executive,127152,5,120794,1328738,Corporate,FAAN,Corporate Agreement,Completed,American,3,POS,Amaka Osei,January,2023,%Q,Q1
BK01196,2024-12-26,2024-12-31,2025-01-02,2,Suite,130107,0,130107,260214,Leisure,Individual Guest,Direct,Completed,Nigerian,1,Bank Transfer,Chioma Eze,December,2024,%Q,Q4
BK01197,2023-10-20,2023-11-12,2023-11-20,8,Suite,126699,10,114029,912233,Corporate,Total Energies,Corporate Agreement,Completed,Nigerian,1,Bank Transfer,Amaka Osei,November,2023,%Q,Q4
BK01198,2024-06-13,2024-07-21,2024-07-23,2,Presidential,335047,5,318295,636589,MICE,MTN Nigeria,Online Travel Agent,Completed,Nigerian,2,Credit Card,Fatima Bello,July,2024,%Q,Q3
BK01199,2023-06-06,2023-06-23,2023-06-26,3,Suite,137590,0,137590,412770,Leisure,Individual Guest,Online Travel Agent,Confirmed,Nigerian,3,Bank Transfer,Emeka Okonkwo,June,2023,%Q,Q2
BK01200,2023-08-01,2023-09-10,2023-09-22,12,Executive,107815,5,102424,1229091,Leisure,Individual Guest,Direct,Confirmed,Nigerian,3,Corporate Account,Fatima Bello,September,2023,%Q,Q3
BK01201,2023-10-18,2023-12-09,2023-12-16,7,Presidential,285684,20,228547,1599830,Corporate,Julius Berger,Direct,Completed,Nigerian,4,Cash,Chioma Eze,December,2023,%Q,Q4
BK01202,2023-08-13,2023-09-06,2023-09-12,6,Suite,173509,5,164834,989001,MICE,Nigerian Ports Authority,Corporate Agreement,Confirmed,British,1,Credit Card,Fatima Bello,September,2023,%Q,Q3
BK01203,2024-11-28,2024-12-26,2024-12-30,4,Suite,174478,0,174478,697912,Group,Individual Guest,Travel Agent,Completed,Nigerian,3,Credit Card,Emeka Okonkwo,December,2024,%Q,Q4
BK01204,2023-09-07,2023-09-16,2023-09-27,11,Executive,119706,10,107735,1185089,Corporate,Transcorp Hotels,Online Travel Agent,Completed,Chinese,1,Corporate Account,Direct Booking,September,2023,%Q,Q3
BK01205,2024-11-15,2024-12-19,2025-01-01,13,Presidential,272277,10,245049,3185641,Corporate,PZ Cussons,Online Travel Agent,Completed,British,4,POS,Amaka Osei,December,2024,%Q,Q4
BK01206,2024-03-16,2024-03-16,2024-03-18,2,Standard,53478,10,48130,96260,Corporate,Guinness Nigeria,Online Travel Agent,Completed,South African,2,POS,Fatima Bello,March,2024,%Q,Q1
BK01207,2023-01-20,2023-01-26,2023-02-03,8,Suite,147261,10,132535,1060279,Government,Access Bank,Walk In,Confirmed,Nigerian,4,Cash,Chioma Eze,January,2023,%Q,Q1
BK01208,2024-05-26,2024-06-17,2024-06-25,8,Executive,101397,0,101397,811176,Leisure,Individual Guest,Online Travel Agent,Completed,Nigerian,1,Bank Transfer,Direct Booking,June,2024,%Q,Q2
BK01209,2024-09-12,2024-10-25,2024-10-27,2,Deluxe,94264,5,89551,179102,Corporate,Total Energies,Online Travel Agent,Completed,Nigerian,4,Credit Card,Emeka Okonkwo,October,2024,%Q,Q4
BK01210,2023-05-29,2023-07-10,2023-07-21,11,Executive,120924,0,120924,1330164,Corporate,Julius Berger,Online Travel Agent,Completed,Nigerian,3,Credit Card,Tunde Adeyemi,July,2023,%Q,Q3
BK01211,2024-06-24,2024-08-14,2024-08-16,2,Presidential,299010,10,269109,0,Leisure,Individual Guest,Direct,Cancelled,American,3,POS,Emeka Okonkwo,August,2024,%Q,Q3
BK01212,2024-01-08,2024-02-02,2024-02-12,10,Presidential,279945,5,265948,2659478,Corporate,Oando PLC,Travel Agent,Completed,American,1,POS,Chioma Eze,February,2024,%Q,Q1
BK01213,2023-11-02,2023-11-17,2023-11-19,2,Suite,127664,15,108514,217029,Corporate,Shell Nigeria,Online Travel Agent,Completed,Nigerian,2,Corporate Account,Emeka Okonkwo,November,2023,%Q,Q4
BK01214,2024-08-29,2024-10-12,2024-10-21,9,Deluxe,88183,15,74956,674600,Corporate,UBA Group,Online Travel Agent,Confirmed,Nigerian,1,Cash,Amaka Osei,October,2024,%Q,Q4
BK01215,2023-03-29,2023-05-20,2023-05-24,4,Executive,128124,0,128124,512496,Group,Individual Guest,Online Travel Agent,Completed,American,2,Corporate Account,Emeka Okonkwo,May,2023,%Q,Q2
BK01216,2024-06-12,2024-08-01,2024-08-02,1,Deluxe,79571,20,63657,63657,Corporate,Guinness Nigeria,Direct,Completed,Nigerian,1,Corporate Account,Direct Booking,August,2024,%Q,Q3
BK01217,2023-03-09,2023-04-27,2023-05-02,5,Presidential,346170,0,346170,1730850,Leisure,Individual Guest,Travel Agent,Completed,Nigerian,1,Corporate Account,Tunde Adeyemi,April,2023,%Q,Q2
BK01218,2023-10-30,2023-11-01,2023-11-15,14,Executive,112223,20,89778,1256898,Corporate,Access Bank,Walk In,Completed,South African,3,Credit Card,Tunde Adeyemi,November,2023,%Q,Q4
BK01219,2024-09-29,2024-10-09,2024-10-16,7,Presidential,286499,0,286499,2005493,MICE,Lafarge Africa,Corporate Agreement,Completed,Nigerian,2,POS,Fatima Bello,October,2024,%Q,Q4
BK01220,2024-12-03,2024-12-21,2024-12-26,5,Presidential,320082,0,320082,1600410,Airline Crew,Nigerian Breweries,Travel Agent,Confirmed,Nigerian,2,Cash,Amaka Osei,December,2024,%Q,Q4
BK01221,2023-07-30,2023-09-13,2023-09-16,3,Suite,174295,0,174295,522885,Corporate,Lagos State Government,Corporate Agreement,Completed,Nigerian,4,Corporate Account,Emeka Okonkwo,September,2023,%Q,Q3
BK01222,2024-08-15,2024-10-10,2024-10-23,13,Standard,58200,0,58200,756600,Leisure,Individual Guest,Walk In,Completed,Nigerian,1,Cash,Emeka Okonkwo,October,2024,%Q,Q4
BK01223,2024-03-03,2024-04-14,2024-04-25,11,Suite,175712,10,158141,0,Corporate,Lagos State Government,Online Travel Agent,Cancelled,Nigerian,3,Cash,Chioma Eze,April,2024,%Q,Q2
BK01224,2024-07-06,2024-07-14,2024-07-24,10,Presidential,377228,5,358367,3583666,MICE,Dangote Group,Corporate Agreement,Confirmed,Ghanaian,2,Bank Transfer,Amaka Osei,July,2024,%Q,Q3
BK01225,2024-03-16,2024-04-12,2024-04-13,1,Deluxe,92563,10,83307,0,Government,GTCO,Walk In,Cancelled,Nigerian,3,Cash,Direct Booking,April,2024,%Q,Q2
BK01226,2023-11-20,2024-01-16,2024-01-27,11,Deluxe,71696,0,71696,788656,Leisure,Individual Guest,Corporate Agreement,Completed,Nigerian,1,Bank Transfer,Direct Booking,January,2024,%Q,Q1
BK01227,2023-08-03,2023-08-07,2023-08-15,8,Deluxe,89453,0,89453,715624,Corporate,Seplat Energy,Corporate Agreement,Confirmed,Ghanaian,4,Credit Card,Emeka Okonkwo,August,2023,%Q,Q3
BK01228,2023-08-18,2023-08-23,2023-08-30,7,Standard,48381,20,38705,270934,Corporate,GTCO,Travel Agent,Confirmed,South African,1,Credit Card,Tunde Adeyemi,August,2023,%Q,Q3
BK01229,2024-06-21,2024-07-30,2024-07-31,1,Deluxe,84421,0,84421,0,Leisure,Individual Guest,Corporate Agreement,Cancelled,French,2,Corporate Account,Fatima Bello,July,2024,%Q,Q3
BK01230,2023-02-24,2023-04-13,2023-04-16,3,Standard,64319,0,64319,192957,Group,Individual Guest,Online Travel Agent,Completed,Ghanaian,1,Cash,Tunde Adeyemi,April,2023,%Q,Q2
BK01231,2024-06-12,2024-07-20,2024-07-30,10,Presidential,324690,5,308456,3084555,MICE,Air Peace,Corporate Agreement,Completed,Nigerian,2,POS,Fatima Bello,July,2024,%Q,Q3
BK01232,2023-10-27,2023-10-30,2023-11-10,11,Deluxe,86216,0,86216,0,Leisure,Individual Guest,Corporate Agreement,No Show,Nigerian,3,Cash,Amaka Osei,October,2023,%Q,Q4
BK01233,2023-12-10,2024-02-01,2024-02-15,14,Presidential,360326,0,360326,5044564,Leisure,Individual Guest,Travel Agent,Completed,Indian,1,Bank Transfer,Amaka Osei,February,2024,%Q,Q1
BK01234,2023-09-24,2023-09-26,2023-09-30,4,Standard,58040,10,52236,208944,Leisure,Individual Guest,Online Travel Agent,Completed,Nigerian,1,Corporate Account,Direct Booking,September,2023,%Q,Q3
BK01235,2024-06-25,2024-07-04,2024-07-14,10,Suite,125478,15,106656,1066563,Corporate,Lafarge Africa,Direct,Completed,Nigerian,3,Bank Transfer,Fatima Bello,July,2024,%Q,Q3
BK01236,2023-08-18,2023-09-02,2023-09-03,1,Standard,59237,0,59237,59237,Corporate,Dangote Group,Corporate Agreement,Completed,South African,2,Bank Transfer,Amaka Osei,September,2023,%Q,Q3
BK01237,2023-04-18,2023-06-17,2023-06-25,8,Suite,154275,0,154275,1234200,Leisure,Individual Guest,Direct,Completed,Nigerian,1,Cash,Direct Booking,June,2023,%Q,Q2
BK01238,2023-11-13,2023-12-10,2023-12-23,13,Suite,154331,5,146614,1905988,Corporate,Zenith Bank,Online Travel Agent,Completed,Nigerian,3,Credit Card,Fatima Bello,December,2023,%Q,Q4
BK01239,2023-09-13,2023-09-19,2023-10-02,13,Presidential,280234,5,266222,3460890,Corporate,MTN Nigeria,Travel Agent,Confirmed,Nigerian,4,Cash,Emeka Okonkwo,September,2023,%Q,Q3
BK01240,2023-07-01,2023-07-03,2023-07-17,14,Presidential,359935,0,359935,5039090,Corporate,PZ Cussons,Corporate Agreement,Completed,Nigerian,3,POS,Amaka Osei,July,2023,%Q,Q3
BK01241,2024-04-02,2024-05-29,2024-06-09,11,Standard,50876,0,50876,559636,Corporate,Conoil,Direct,Completed,Nigerian,3,Cash,Chioma Eze,May,2024,%Q,Q2
BK01242,2024-07-20,2024-07-20,2024-07-28,8,Suite,133151,5,126493,1011948,Corporate,GTCO,Direct,Completed,Nigerian,2,Credit Card,Emeka Okonkwo,July,2024,%Q,Q3
BK01243,2023-01-06,2023-01-07,2023-01-14,7,Deluxe,87745,5,83358,583504,Corporate,MTN Nigeria,Direct,Completed,American,1,Cash,Direct Booking,January,2023,%Q,Q1
BK01244,2024-05-31,2024-06-26,2024-06-30,4,Executive,98925,5,93979,375915,Airline Crew,Shell Nigeria,Direct,Completed,Chinese,3,Corporate Account,Fatima Bello,June,2024,%Q,Q2
BK01245,2023-03-22,2023-03-28,2023-04-07,10,Presidential,284999,0,284999,2849990,Group,Individual Guest,Corporate Agreement,Completed,Nigerian,2,Credit Card,Direct Booking,March,2023,%Q,Q1
BK01246,2023-09-05,2023-09-25,2023-10-09,14,Executive,116381,0,116381,0,Corporate,FBN Holdings,Walk In,No Show,Nigerian,2,Bank Transfer,Fatima Bello,September,2023,%Q,Q3
BK01247,2023-05-20,2023-06-18,2023-06-26,8,Suite,146641,5,139309,1114472,Corporate,9mobile,Direct,Completed,Nigerian,1,Bank Transfer,Chioma Eze,June,2023,%Q,Q2
BK01248,2024-10-12,2024-12-03,2024-12-08,5,Presidential,260572,10,234515,1172574,Corporate,Airtel Nigeria,Corporate Agreement,Confirmed,Indian,1,POS,Emeka Okonkwo,December,2024,%Q,Q4
BK01249,2023-09-13,2023-09-24,2023-10-08,14,Standard,58251,0,58251,815514,MICE,PZ Cussons,Direct,Confirmed,Ghanaian,1,Bank Transfer,Amaka Osei,September,2023,%Q,Q3
BK01250,2023-03-23,2023-05-14,2023-05-18,4,Executive,119395,0,119395,477580,Group,Individual Guest,Direct,Completed,British,1,Bank Transfer,Amaka Osei,May,2023,%Q,Q2
BK01251,2024-09-02,2024-10-23,2024-10-31,8,Deluxe,73013,15,62061,496488,Government,Glo Mobile,Walk In,Confirmed,Nigerian,4,Corporate Account,Fatima Bello,October,2024,%Q,Q4
BK01252,2023-01-01,2023-01-31,2023-02-07,7,Executive,106325,0,106325,744275,Leisure,Individual Guest,Direct,Completed,Nigerian,2,Bank Transfer,Tunde Adeyemi,January,2023,%Q,Q1
BK01253,2024-03-30,2024-05-25,2024-06-01,7,Presidential,375575,15,319239,2234671,Corporate,FBN Holdings,Online Travel Agent,Completed,British,1,Credit Card,Fatima Bello,May,2024,%Q,Q2
BK01254,2024-12-01,2024-12-31,2025-01-06,6,Presidential,377055,0,377055,2262330,Corporate,Airtel Nigeria,Direct,Completed,Nigerian,3,Bank Transfer,Tunde Adeyemi,December,2024,%Q,Q4
BK01255,2024-04-06,2024-04-28,2024-05-07,9,Presidential,311017,10,279915,0,Airline Crew,Nigerian Breweries,Direct,No Show,Nigerian,2,Bank Transfer,Direct Booking,April,2024,%Q,Q2
BK01256,2023-12-05,2024-02-02,2024-02-08,6,Deluxe,75770,20,60616,363696,Corporate,Airtel Nigeria,Corporate Agreement,Completed,French,2,Cash,Amaka Osei,February,2024,%Q,Q1
BK01257,2023-05-22,2023-07-12,2023-07-26,14,Executive,115254,10,103729,1452200,Corporate,Conoil,Direct,Confirmed,Nigerian,1,Corporate Account,Fatima Bello,July,2023,%Q,Q3
BK01258,2024-07-31,2024-09-20,2024-09-24,4,Deluxe,81165,0,81165,324660,Group,Individual Guest,Travel Agent,Completed,Nigerian,2,Credit Card,Amaka Osei,September,2024,%Q,Q3
BK01259,2024-05-30,2024-06-22,2024-07-06,14,Standard,57241,5,54379,761305,Group,Individual Guest,Corporate Agreement,Completed,Nigerian,2,Credit Card,Chioma Eze,June,2024,%Q,Q2
BK01260,2024-09-05,2024-10-16,2024-10-24,8,Suite,131416,5,124845,998762,Group,Individual Guest,Travel Agent,Completed,British,2,Credit Card,Chioma Eze,October,2024,%Q,Q4
BK01261,2023-09-28,2023-11-11,2023-11-23,12,Suite,128345,20,102676,1232112,Corporate,MTN Nigeria,Walk In,Completed,Nigerian,2,Bank Transfer,Fatima Bello,November,2023,%Q,Q4
BK01262,2023-10-14,2023-11-22,2023-12-05,13,Deluxe,90959,0,90959,1182467,Leisure,Individual Guest,Direct,Completed,South African,3,Cash,Tunde Adeyemi,November,2023,%Q,Q4
BK01263,2024-08-22,2024-10-13,2024-10-15,2,Suite,149270,15,126880,0,Corporate,Lafarge Africa,Direct,No Show,Nigerian,1,Bank Transfer,Amaka Osei,October,2024,%Q,Q4
BK01264,2024-02-27,2024-03-24,2024-04-05,12,Deluxe,83566,0,83566,1002792,Leisure,Individual Guest,Online Travel Agent,Completed,Nigerian,2,POS,Emeka Okonkwo,March,2024,%Q,Q1
BK01265,2024-02-16,2024-04-07,2024-04-09,2,Standard,54663,20,43730,87461,Corporate,Flour Mills Nigeria,Direct,Completed,Nigerian,1,Credit Card,Emeka Okonkwo,April,2024,%Q,Q2
BK01266,2023-02-27,2023-04-06,2023-04-12,6,Presidential,376546,0,376546,2259276,Group,Individual Guest,Corporate Agreement,Completed,British,1,Credit Card,Emeka Okonkwo,April,2023,%Q,Q2
BK01267,2023-11-24,2023-12-06,2023-12-10,4,Executive,112384,0,112384,449536,Group,Individual Guest,Direct,Completed,Nigerian,2,Corporate Account,Fatima Bello,December,2023,%Q,Q4
BK01268,2023-12-09,2024-01-05,2024-01-06,1,Standard,54651,0,54651,0,MICE,Transcorp Hotels,Direct,Cancelled,Nigerian,4,Bank Transfer,Chioma Eze,January,2024,%Q,Q1
BK01269,2023-10-18,2023-11-12,2023-11-25,13,Executive,127053,15,107995,1403936,Government,Flour Mills Nigeria,Online Travel Agent,Confirmed,Nigerian,2,Cash,Emeka Okonkwo,November,2023,%Q,Q4
BK01270,2023-01-18,2023-02-15,2023-02-20,5,Executive,112262,20,89810,449048,Corporate,FBN Holdings,Direct,Completed,American,3,Bank Transfer,Amaka Osei,February,2023,%Q,Q1
BK01271,2024-01-22,2024-02-28,2024-03-12,13,Deluxe,88140,15,74919,973947,Corporate,FAAN,Online Travel Agent,Completed,Nigerian,2,POS,Emeka Okonkwo,February,2024,%Q,Q1
BK01272,2023-10-09,2023-11-03,2023-11-05,2,Standard,61452,0,61452,122904,Leisure,Individual Guest,Corporate Agreement,Completed,German,4,Bank Transfer,Tunde Adeyemi,November,2023,%Q,Q4
BK01273,2023-05-01,2023-06-21,2023-06-25,4,Deluxe,74134,10,66721,266882,Corporate,Access Bank,Online Travel Agent,Completed,German,3,Credit Card,Direct Booking,June,2023,%Q,Q2
BK01274,2023-02-14,2023-03-10,2023-03-12,2,Presidential,354164,0,354164,708328,Leisure,Individual Guest,Online Travel Agent,Completed,French,4,POS,Amaka Osei,March,2023,%Q,Q1
BK01275,2024-02-20,2024-02-29,2024-03-03,3,Presidential,276267,20,221014,663041,Government,Nigerian Breweries,Travel Agent,Completed,French,4,Cash,Emeka Okonkwo,February,2024,%Q,Q1
BK01276,2024-04-04,2024-05-12,2024-05-22,10,Executive,97455,5,92582,925822,Corporate,Lagos State Government,Corporate Agreement,Confirmed,American,3,Corporate Account,Amaka Osei,May,2024,%Q,Q2
BK01277,2023-01-21,2023-02-20,2023-03-04,12,Suite,178787,0,178787,2145444,Leisure,Individual Guest,Travel Agent,Completed,Nigerian,2,Bank Transfer,Emeka Okonkwo,February,2023,%Q,Q1
BK01278,2023-10-07,2023-11-04,2023-11-16,12,Suite,137656,0,137656,1651872,Group,Individual Guest,Direct,Completed,Nigerian,3,Corporate Account,Emeka Okonkwo,November,2023,%Q,Q4
BK01279,2024-06-01,2024-06-11,2024-06-24,13,Standard,55194,0,55194,717522,Group,Individual Guest,Travel Agent,Completed,Nigerian,2,Bank Transfer,Fatima Bello,June,2024,%Q,Q2
BK01280,2023-07-22,2023-07-25,2023-08-08,14,Deluxe,71083,0,71083,995162,Leisure,Individual Guest,Corporate Agreement,Completed,Nigerian,4,POS,Emeka Okonkwo,July,2023,%Q,Q3
BK01281,2024-11-13,2024-11-28,2024-11-29,1,Suite,152033,0,152033,0,Leisure,Individual Guest,Travel Agent,Cancelled,British,2,Cash,Chioma Eze,November,2024,%Q,Q4
BK01282,2024-11-18,2024-12-06,2024-12-08,2,Standard,57666,0,57666,115332,Corporate,Lafarge Africa,Corporate Agreement,Completed,American,1,Corporate Account,Chioma Eze,December,2024,%Q,Q4
BK01283,2024-03-20,2024-04-30,2024-05-03,3,Deluxe,89698,5,85213,0,MICE,Guinness Nigeria,Travel Agent,No Show,Nigerian,4,Cash,Direct Booking,April,2024,%Q,Q2
BK01284,2023-12-08,2023-12-24,2024-01-01,8,Deluxe,85292,10,76763,614102,Corporate,Lagos State Government,Direct,Completed,German,3,POS,Chioma Eze,December,2023,%Q,Q4
BK01285,2024-11-01,2024-12-01,2024-12-03,2,Standard,56019,0,56019,112038,Airline Crew,Airtel Nigeria,Direct,Completed,American,2,Cash,Direct Booking,December,2024,%Q,Q4
BK01286,2024-05-29,2024-06-13,2024-06-26,13,Standard,64661,5,61428,798563,Leisure,Individual Guest,Direct,Completed,Nigerian,3,Cash,Emeka Okonkwo,June,2024,%Q,Q2
BK01287,2024-01-03,2024-02-19,2024-02-26,7,Standard,64104,0,64104,448728,Group,Individual Guest,Direct,Completed,American,4,POS,Tunde Adeyemi,February,2024,%Q,Q1
BK01288,2024-04-10,2024-06-03,2024-06-08,5,Deluxe,91548,20,73238,366192,Government,Total Energies,Online Travel Agent,Completed,South African,2,POS,Direct Booking,June,2024,%Q,Q2
BK01289,2023-12-05,2023-12-10,2023-12-21,11,Deluxe,81641,0,81641,898051,Corporate,GTCO,Travel Agent,Completed,Nigerian,4,Cash,Fatima Bello,December,2023,%Q,Q4
BK01290,2024-03-02,2024-04-26,2024-04-27,1,Presidential,268668,0,268668,0,Leisure,Individual Guest,Direct,Cancelled,American,4,Cash,Fatima Bello,April,2024,%Q,Q2
BK01291,2023-05-23,2023-06-04,2023-06-07,3,Suite,146816,0,146816,440448,Airline Crew,Oando PLC,Travel Agent,Confirmed,Nigerian,3,Corporate Account,Amaka Osei,June,2023,%Q,Q2
BK01292,2023-11-14,2023-11-17,2023-11-28,11,Standard,59812,15,50840,559242,Corporate,Chevron Nigeria,Direct,Completed,South African,4,Credit Card,Amaka Osei,November,2023,%Q,Q4
BK01293,2024-01-19,2024-02-18,2024-02-25,7,Executive,95305,0,95305,667135,Corporate,Julius Berger,Walk In,Completed,French,1,Credit Card,Fatima Bello,February,2024,%Q,Q1
BK01294,2024-09-18,2024-10-03,2024-10-15,12,Deluxe,92725,15,78816,945795,Government,GTCO,Online Travel Agent,Confirmed,British,1,Bank Transfer,Tunde Adeyemi,October,2024,%Q,Q4
BK01295,2023-09-09,2023-10-25,2023-11-02,8,Presidential,387394,0,387394,3099152,Corporate,Nestle Nigeria,Walk In,Completed,Nigerian,4,Credit Card,Tunde Adeyemi,October,2023,%Q,Q4
BK01296,2023-07-07,2023-08-22,2023-08-26,4,Deluxe,76920,0,76920,307680,Group,Individual Guest,Direct,Completed,Nigerian,4,Bank Transfer,Direct Booking,August,2023,%Q,Q3
BK01297,2024-06-28,2024-07-01,2024-07-11,10,Presidential,262572,0,262572,2625720,Group,Individual Guest,Direct,Completed,American,4,Corporate Account,Emeka Okonkwo,July,2024,%Q,Q3
BK01298,2024-06-14,2024-07-14,2024-07-19,5,Deluxe,76733,10,69060,345298,Group,Individual Guest,Online Travel Agent,Completed,American,3,POS,Direct Booking,July,2024,%Q,Q3
BK01299,2024-09-04,2024-09-12,2024-09-24,12,Executive,101875,0,101875,1222500,Leisure,Individual Guest,Direct,Completed,South African,2,Credit Card,Emeka Okonkwo,September,2024,%Q,Q3
BK01300,2024-05-28,2024-06-19,2024-06-23,4,Executive,114356,0,114356,457424,Corporate,Honeywell Group,Corporate Agreement,Completed,Nigerian,1,Bank Transfer,Tunde Adeyemi,June,2024,%Q,Q2
BK01301,2023-03-19,2023-04-24,2023-05-08,14,Executive,104774,15,89058,1246811,Government,Zenith Bank,Direct,Completed,Nigerian,3,Corporate Account,Tunde Adeyemi,April,2023,%Q,Q2
BK01302,2024-04-14,2024-04-20,2024-04-21,1,Deluxe,71292,0,71292,71292,MICE,Nigerian Ports Authority,Online Travel Agent,Completed,South African,1,Bank Transfer,Amaka Osei,April,2024,%Q,Q2
BK01303,2024-10-31,2024-11-10,2024-11-21,11,Suite,143430,15,121916,1341070,Government,FBN Holdings,Direct,Completed,Ghanaian,4,Bank Transfer,Tunde Adeyemi,November,2024,%Q,Q4
BK01304,2024-02-19,2024-04-12,2024-04-17,5,Executive,126342,10,113708,568539,MICE,Chevron Nigeria,Corporate Agreement,Confirmed,Nigerian,4,Bank Transfer,Tunde Adeyemi,April,2024,%Q,Q2
BK01305,2024-04-03,2024-05-09,2024-05-22,13,Executive,106879,5,101535,1319956,Group,Individual Guest,Corporate Agreement,Completed,Kenyan,4,Credit Card,Direct Booking,May,2024,%Q,Q2
BK01306,2023-03-29,2023-04-26,2023-05-03,7,Standard,47075,10,42368,296572,Corporate,Airtel Nigeria,Travel Agent,Confirmed,Nigerian,2,POS,Direct Booking,April,2023,%Q,Q2
BK01307,2024-05-02,2024-06-15,2024-06-24,9,Presidential,274967,10,247470,2227233,Leisure,Individual Guest,Online Travel Agent,Completed,American,2,Corporate Account,Direct Booking,June,2024,%Q,Q2
BK01308,2024-09-19,2024-09-19,2024-09-20,1,Deluxe,86566,0,86566,86566,MICE,Honeywell Group,Direct,Completed,Nigerian,3,Cash,Tunde Adeyemi,September,2024,%Q,Q3
BK01309,2024-04-29,2024-06-03,2024-06-07,4,Executive,121429,0,121429,485716,MICE,Access Bank,Travel Agent,Completed,Nigerian,3,Corporate Account,Emeka Okonkwo,June,2024,%Q,Q2
BK01310,2024-04-13,2024-05-24,2024-06-05,12,Standard,48363,10,43527,522320,Leisure,Individual Guest,Online Travel Agent,Confirmed,Ghanaian,3,POS,Fatima Bello,May,2024,%Q,Q2
BK01311,2024-06-18,2024-07-29,2024-08-02,4,Executive,117338,0,117338,469352,Leisure,Individual Guest,Direct,Confirmed,Nigerian,4,POS,Fatima Bello,July,2024,%Q,Q3
BK01312,2024-04-02,2024-04-08,2024-04-10,2,Deluxe,70071,15,59560,119121,Corporate,UBA Group,Online Travel Agent,Completed,Nigerian,2,Corporate Account,Tunde Adeyemi,April,2024,%Q,Q2
BK01313,2023-03-12,2023-04-20,2023-04-25,5,Deluxe,76145,0,76145,0,Corporate,Lagos State Government,Travel Agent,Cancelled,Nigerian,4,Bank Transfer,Chioma Eze,April,2023,%Q,Q2
BK01314,2024-08-28,2024-10-10,2024-10-24,14,Presidential,282301,10,254071,3556993,MICE,Seplat Energy,Corporate Agreement,Completed,Nigerian,1,Bank Transfer,Emeka Okonkwo,October,2024,%Q,Q4
BK01315,2024-02-11,2024-03-19,2024-04-02,14,Executive,128314,10,115483,1616756,MICE,Total Energies,Direct,Completed,Ghanaian,3,Corporate Account,Amaka Osei,March,2024,%Q,Q1
BK01316,2023-12-22,2024-01-29,2024-02-05,7,Deluxe,78965,10,71068,497480,Leisure,Individual Guest,Direct,Completed,Ghanaian,3,Corporate Account,Tunde Adeyemi,January,2024,%Q,Q1
BK01317,2023-10-02,2023-11-18,2023-11-30,12,Presidential,306975,0,306975,3683700,Corporate,UBA Group,Walk In,Completed,Nigerian,3,Credit Card,Direct Booking,November,2023,%Q,Q4
BK01318,2023-11-27,2023-12-27,2024-01-05,9,Presidential,399589,10,359630,3236671,Government,Federal Ministry of Works,Travel Agent,Completed,Nigerian,1,Bank Transfer,Emeka Okonkwo,December,2023,%Q,Q4
BK01319,2024-01-23,2024-01-26,2024-01-29,3,Standard,51550,20,41240,123720,Corporate,Chevron Nigeria,Corporate Agreement,Completed,Nigerian,2,Cash,Amaka Osei,January,2024,%Q,Q1
BK01320,2023-01-01,2023-02-03,2023-02-09,6,Executive,101716,0,101716,610296,Group,Individual Guest,Corporate Agreement,Completed,Nigerian,4,POS,Direct Booking,February,2023,%Q,Q1
BK01321,2024-04-18,2024-06-07,2024-06-20,13,Suite,165412,0,165412,2150356,Group,Individual Guest,Online Travel Agent,Completed,Indian,1,Cash,Direct Booking,June,2024,%Q,Q2
BK01322,2023-08-07,2023-09-15,2023-09-19,4,Executive,109781,15,93314,373255,Government,Nigerian Ports Authority,Online Travel Agent,Completed,British,3,Credit Card,Direct Booking,September,2023,%Q,Q3
BK01323,2023-06-27,2023-07-01,2023-07-12,11,Deluxe,75694,10,68125,749371,Group,Individual Guest,Direct,Confirmed,Nigerian,2,Credit Card,Chioma Eze,July,2023,%Q,Q3
BK01324,2023-08-29,2023-09-19,2023-09-20,1,Executive,105145,20,84116,84116,Corporate,Airtel Nigeria,Travel Agent,Completed,British,4,Cash,Direct Booking,September,2023,%Q,Q3
BK01325,2024-07-13,2024-07-17,2024-07-23,6,Suite,154432,0,154432,926592,Corporate,Total Energies,Travel Agent,Completed,Nigerian,4,POS,Fatima Bello,July,2024,%Q,Q3
BK01326,2023-10-29,2023-12-24,2023-12-28,4,Deluxe,91736,0,91736,366944,Corporate,Nigerian Ports Authority,Walk In,Completed,British,1,POS,Emeka Okonkwo,December,2023,%Q,Q4
BK01327,2024-10-18,2024-11-15,2024-11-21,6,Deluxe,91045,5,86493,518956,Group,Individual Guest,Walk In,Completed,American,1,Corporate Account,Chioma Eze,November,2024,%Q,Q4
BK01328,2023-08-05,2023-09-20,2023-09-29,9,Suite,121619,20,97295,875657,Government,Nigerian Ports Authority,Online Travel Agent,Completed,Nigerian,3,Credit Card,Chioma Eze,September,2023,%Q,Q3
BK01329,2023-03-16,2023-03-26,2023-03-28,2,Presidential,389776,5,370287,0,Corporate,Zenith Bank,Corporate Agreement,Cancelled,Nigerian,1,Corporate Account,Direct Booking,March,2023,%Q,Q1
BK01330,2024-05-21,2024-07-04,2024-07-18,14,Executive,99726,0,99726,0,Group,Individual Guest,Online Travel Agent,Cancelled,Nigerian,1,Bank Transfer,Amaka Osei,July,2024,%Q,Q3
BK01331,2023-09-11,2023-09-15,2023-09-24,9,Presidential,309675,20,247740,2229660,Government,Federal Ministry of Works,Corporate Agreement,Completed,Nigerian,1,Corporate Account,Amaka Osei,September,2023,%Q,Q3
BK01332,2023-01-01,2023-01-07,2023-01-18,11,Presidential,266577,10,239919,2639112,MICE,Conoil,Direct,Completed,Chinese,3,Cash,Amaka Osei,January,2023,%Q,Q1
BK01333,2023-02-10,2023-03-30,2023-04-04,5,Executive,119996,0,119996,599980,Leisure,Individual Guest,Online Travel Agent,Completed,Nigerian,3,Corporate Account,Tunde Adeyemi,March,2023,%Q,Q1
BK01334,2023-09-07,2023-11-02,2023-11-13,11,Suite,120730,0,120730,1328030,Leisure,Individual Guest,Direct,Completed,Nigerian,1,Corporate Account,Fatima Bello,November,2023,%Q,Q4
BK01335,2023-06-18,2023-08-04,2023-08-16,12,Suite,133876,0,133876,1606512,Leisure,Individual Guest,Online Travel Agent,Completed,Nigerian,3,POS,Tunde Adeyemi,August,2023,%Q,Q3
BK01336,2023-03-17,2023-04-28,2023-05-01,3,Presidential,264257,10,237831,713494,MICE,Oando PLC,Direct,Completed,American,2,Bank Transfer,Chioma Eze,April,2023,%Q,Q2
BK01337,2024-04-21,2024-05-13,2024-05-19,6,Deluxe,91997,0,91997,551982,Group,Individual Guest,Corporate Agreement,Confirmed,French,4,Corporate Account,Chioma Eze,May,2024,%Q,Q2
BK01338,2024-09-04,2024-09-23,2024-10-04,11,Presidential,289949,0,289949,3189439,Leisure,Individual Guest,Online Travel Agent,Completed,Nigerian,2,Cash,Amaka Osei,September,2024,%Q,Q3
BK01339,2024-11-19,2024-12-30,2025-01-11,12,Executive,113132,5,107475,1289705,MICE,Nestle Nigeria,Online Travel Agent,Completed,Nigerian,3,Cash,Emeka Okonkwo,December,2024,%Q,Q4
BK01340,2024-07-07,2024-07-18,2024-07-20,2,Presidential,271488,0,271488,542976,MICE,Nestle Nigeria,Direct,Completed,South African,1,Bank Transfer,Direct Booking,July,2024,%Q,Q3
BK01341,2024-06-02,2024-06-03,2024-06-14,11,Presidential,356203,0,356203,3918233,MICE,Lafarge Africa,Corporate Agreement,Completed,Nigerian,2,Corporate Account,Fatima Bello,June,2024,%Q,Q2
BK01342,2023-12-11,2024-02-06,2024-02-10,4,Presidential,326283,15,277341,1109362,Corporate,Access Bank,Online Travel Agent,Completed,American,2,Credit Card,Fatima Bello,February,2024,%Q,Q1
BK01343,2023-05-08,2023-06-13,2023-06-16,3,Presidential,288325,0,288325,864975,Group,Individual Guest,Online Travel Agent,Completed,Nigerian,1,Credit Card,Emeka Okonkwo,June,2023,%Q,Q2
BK01344,2024-01-12,2024-01-14,2024-01-18,4,Deluxe,86970,20,69576,278304,Government,Nigerian Ports Authority,Walk In,Completed,French,1,Cash,Amaka Osei,January,2024,%Q,Q1
BK01345,2024-04-25,2024-06-17,2024-06-28,11,Suite,174714,10,157243,1729669,Group,Individual Guest,Corporate Agreement,Completed,Nigerian,1,Cash,Emeka Okonkwo,June,2024,%Q,Q2
BK01346,2023-07-19,2023-09-15,2023-09-22,7,Deluxe,86920,5,82574,578018,Leisure,Individual Guest,Online Travel Agent,Completed,Ghanaian,2,Bank Transfer,Fatima Bello,September,2023,%Q,Q3
BK01347,2023-06-15,2023-06-19,2023-06-23,4,Presidential,323612,10,291251,0,Corporate,Total Energies,Corporate Agreement,Cancelled,Ghanaian,4,Credit Card,Direct Booking,June,2023,%Q,Q2
BK01348,2023-03-15,2023-04-27,2023-05-05,8,Executive,126393,5,120073,960587,Corporate,Chevron Nigeria,Online Travel Agent,Completed,Nigerian,2,POS,Tunde Adeyemi,April,2023,%Q,Q2
BK01349,2024-10-04,2024-10-06,2024-10-15,9,Presidential,288499,0,288499,2596491,Corporate,Flour Mills Nigeria,Online Travel Agent,Completed,Nigerian,3,Bank Transfer,Fatima Bello,October,2024,%Q,Q4
BK01350,2023-07-03,2023-08-10,2023-08-18,8,Executive,126566,5,120238,961902,Corporate,Federal Ministry of Works,Travel Agent,Completed,Ghanaian,3,POS,Tunde Adeyemi,August,2023,%Q,Q3
BK01351,2024-10-05,2024-12-03,2024-12-09,6,Executive,99511,20,79609,477653,Corporate,FAAN,Direct,Confirmed,Nigerian,2,Corporate Account,Fatima Bello,December,2024,%Q,Q4
BK01352,2023-03-10,2023-04-09,2023-04-12,3,Presidential,260233,20,208186,624559,Government,Unilever Nigeria,Corporate Agreement,Confirmed,French,4,Bank Transfer,Fatima Bello,April,2023,%Q,Q2
BK01353,2024-01-11,2024-03-06,2024-03-12,6,Standard,62361,5,59243,355458,Leisure,Individual Guest,Online Travel Agent,Completed,South African,1,POS,Chioma Eze,March,2024,%Q,Q1
BK01354,2023-04-18,2023-05-18,2023-05-23,5,Deluxe,72746,20,58197,0,Corporate,Federal Ministry of Works,Direct,No Show,South African,1,POS,Amaka Osei,May,2023,%Q,Q2
BK01355,2023-01-01,2023-01-08,2023-01-15,7,Deluxe,92536,10,83282,582977,MICE,Federal Ministry of Works,Direct,Completed,American,4,Cash,Chioma Eze,January,2023,%Q,Q1
BK01356,2023-12-24,2024-01-10,2024-01-20,10,Executive,108349,0,108349,1083490,Leisure,Individual Guest,Online Travel Agent,Completed,Nigerian,3,Corporate Account,Fatima Bello,January,2024,%Q,Q1
BK01357,2024-06-26,2024-08-14,2024-08-20,6,Executive,104048,10,93643,561859,MICE,Unilever Nigeria,Online Travel Agent,Completed,American,2,Bank Transfer,Tunde Adeyemi,August,2024,%Q,Q3
BK01358,2024-01-25,2024-02-15,2024-02-28,13,Presidential,263645,0,263645,3427385,Corporate,MTN Nigeria,Travel Agent,Completed,Nigerian,1,Corporate Account,Fatima Bello,February,2024,%Q,Q1
BK01359,2023-09-04,2023-09-27,2023-10-01,4,Standard,64956,5,61708,246833,Corporate,FAAN,Online Travel Agent,Completed,American,1,POS,Chioma Eze,September,2023,%Q,Q3
BK01360,2024-09-19,2024-10-17,2024-10-25,8,Standard,51609,0,51609,0,MICE,UBA Group,Travel Agent,Cancelled,Nigerian,2,Credit Card,Direct Booking,October,2024,%Q,Q4
BK01361,2023-11-24,2024-01-04,2024-01-08,4,Standard,50159,0,50159,200636,Corporate,FBN Holdings,Online Travel Agent,Completed,Nigerian,1,Credit Card,Fatima Bello,January,2024,%Q,Q1
BK01362,2023-03-16,2023-04-03,2023-04-12,9,Presidential,341251,10,307126,0,Corporate,FBN Holdings,Walk In,Cancelled,Nigerian,1,POS,Emeka Okonkwo,April,2023,%Q,Q2
BK01363,2023-05-28,2023-06-29,2023-07-06,7,Standard,63305,15,53809,376665,Corporate,UBA Group,Direct,Completed,Nigerian,3,POS,Chioma Eze,June,2023,%Q,Q2
BK01364,2023-12-23,2024-01-22,2024-02-01,10,Deluxe,94820,0,94820,948200,Corporate,Oando PLC,Travel Agent,Completed,Kenyan,3,Bank Transfer,Emeka Okonkwo,January,2024,%Q,Q1
BK01365,2023-12-08,2024-01-27,2024-02-07,11,Deluxe,92181,0,92181,1013991,Group,Individual Guest,Online Travel Agent,Completed,Nigerian,3,Bank Transfer,Fatima Bello,January,2024,%Q,Q1
BK01366,2023-09-27,2023-10-22,2023-10-24,2,Suite,124982,0,124982,0,Leisure,Individual Guest,Online Travel Agent,Cancelled,Nigerian,2,Cash,Fatima Bello,October,2023,%Q,Q4
BK01367,2024-05-13,2024-05-25,2024-06-06,12,Deluxe,94098,0,94098,0,Corporate,Flour Mills Nigeria,Direct,Cancelled,Nigerian,2,Cash,Fatima Bello,May,2024,%Q,Q2
BK01368,2023-03-21,2023-05-03,2023-05-05,2,Executive,95434,0,95434,190868,MICE,Conoil,Online Travel Agent,Completed,Nigerian,4,Cash,Fatima Bello,May,2023,%Q,Q2
BK01369,2024-05-13,2024-06-07,2024-06-12,5,Deluxe,94581,5,89852,449260,Leisure,Individual Guest,Travel Agent,Confirmed,Nigerian,3,Bank Transfer,Fatima Bello,June,2024,%Q,Q2
BK01370,2024-11-22,2024-12-03,2024-12-16,13,Executive,102888,0,102888,1337544,Group,Individual Guest,Corporate Agreement,Completed,Nigerian,1,Corporate Account,Tunde Adeyemi,December,2024,%Q,Q4
BK01371,2023-11-12,2024-01-06,2024-01-16,10,Suite,132265,5,125652,0,Leisure,Individual Guest,Online Travel Agent,No Show,British,4,Credit Card,Chioma Eze,January,2024,%Q,Q1
BK01372,2023-06-21,2023-08-04,2023-08-11,7,Suite,143925,0,143925,1007475,MICE,FBN Holdings,Corporate Agreement,Completed,Indian,1,Credit Card,Direct Booking,August,2023,%Q,Q3
BK01373,2023-08-03,2023-08-30,2023-09-08,9,Executive,107849,15,91672,825045,Corporate,Shell Nigeria,Direct,Completed,Nigerian,3,POS,Tunde Adeyemi,August,2023,%Q,Q3
BK01374,2023-09-30,2023-11-04,2023-11-09,5,Presidential,262506,0,262506,1312530,Leisure,Individual Guest,Direct,Completed,Ghanaian,4,Bank Transfer,Emeka Okonkwo,November,2023,%Q,Q4
BK01375,2023-09-01,2023-09-24,2023-09-30,6,Presidential,396143,20,316914,1901486,Government,Flour Mills Nigeria,Online Travel Agent,Completed,Nigerian,2,POS,Direct Booking,September,2023,%Q,Q3
BK01376,2024-07-02,2024-08-12,2024-08-23,11,Presidential,295754,5,280966,3090629,Airline Crew,UBA Group,Corporate Agreement,Completed,Nigerian,1,Corporate Account,Direct Booking,August,2024,%Q,Q3
BK01377,2024-08-22,2024-09-20,2024-09-25,5,Deluxe,75491,0,75491,377455,Group,Individual Guest,Online Travel Agent,Completed,British,1,Bank Transfer,Emeka Okonkwo,September,2024,%Q,Q3
BK01378,2023-11-28,2023-12-18,2023-12-22,4,Suite,162795,15,138376,553503,Corporate,FBN Holdings,Online Travel Agent,Completed,French,4,POS,Chioma Eze,December,2023,%Q,Q4
BK01379,2023-04-28,2023-06-21,2023-06-24,3,Standard,49097,5,46642,139926,Group,Individual Guest,Walk In,Completed,American,2,Credit Card,Amaka Osei,June,2023,%Q,Q2
BK01380,2023-04-12,2023-04-16,2023-04-18,2,Executive,98527,15,83748,167496,Corporate,Lagos State Government,Walk In,Completed,Nigerian,1,Credit Card,Fatima Bello,April,2023,%Q,Q2
BK01381,2023-10-29,2023-11-13,2023-11-17,4,Suite,149042,5,141590,566360,Group,Individual Guest,Travel Agent,Confirmed,Nigerian,3,Cash,Direct Booking,November,2023,%Q,Q4
BK01382,2024-03-20,2024-04-23,2024-05-07,14,Suite,155949,10,140354,1964957,Leisure,Individual Guest,Corporate Agreement,Completed,Nigerian,4,Corporate Account,Fatima Bello,April,2024,%Q,Q2
BK01383,2024-09-13,2024-10-17,2024-10-28,11,Suite,179567,0,179567,1975237,Corporate,Guinness Nigeria,Online Travel Agent,Completed,Nigerian,3,Credit Card,Chioma Eze,October,2024,%Q,Q4
BK01384,2023-01-01,2023-01-01,2023-01-10,9,Deluxe,81268,10,73141,658271,Corporate,MTN Nigeria,Online Travel Agent,Completed,South African,4,Bank Transfer,Chioma Eze,January,2023,%Q,Q1
BK01385,2024-07-15,2024-09-03,2024-09-07,4,Standard,62963,0,62963,251852,Leisure,Individual Guest,Corporate Agreement,Completed,Nigerian,4,Corporate Account,Tunde Adeyemi,September,2024,%Q,Q3
BK01386,2023-08-31,2023-09-27,2023-09-29,2,Deluxe,86928,0,86928,173856,MICE,FBN Holdings,Corporate Agreement,Completed,Ghanaian,1,Credit Card,Emeka Okonkwo,September,2023,%Q,Q3
BK01387,2023-05-13,2023-05-20,2023-05-25,5,Executive,124672,0,124672,0,Corporate,Honeywell Group,Direct,Cancelled,Nigerian,2,Bank Transfer,Fatima Bello,May,2023,%Q,Q2
BK01388,2023-10-08,2023-10-16,2023-10-21,5,Executive,95537,0,95537,477685,Corporate,Shell Nigeria,Direct,Confirmed,Nigerian,4,Cash,Emeka Okonkwo,October,2023,%Q,Q4
BK01389,2023-10-13,2023-12-05,2023-12-07,2,Deluxe,71836,0,71836,143672,Corporate,Lagos State Government,Online Travel Agent,Confirmed,Nigerian,1,Corporate Account,Chioma Eze,December,2023,%Q,Q4
BK01390,2023-07-25,2023-09-12,2023-09-19,7,Executive,111198,5,105638,739467,Group,Individual Guest,Online Travel Agent,Confirmed,South African,4,Credit Card,Fatima Bello,September,2023,%Q,Q3
BK01391,2024-09-30,2024-11-28,2024-12-03,5,Suite,130394,0,130394,651970,Group,Individual Guest,Walk In,Confirmed,Nigerian,3,Corporate Account,Chioma Eze,November,2024,%Q,Q4
BK01392,2023-11-11,2024-01-05,2024-01-06,1,Deluxe,73700,0,73700,73700,Corporate,NNPC,Direct,Completed,Nigerian,2,Corporate Account,Amaka Osei,January,2024,%Q,Q1
BK01393,2023-01-01,2023-02-13,2023-02-23,10,Executive,105157,0,105157,1051570,Leisure,Individual Guest,Direct,Confirmed,Nigerian,1,Cash,Fatima Bello,February,2023,%Q,Q1
BK01394,2023-12-22,2023-12-31,2024-01-11,11,Presidential,278152,0,278152,3059672,Corporate,Guinness Nigeria,Corporate Agreement,Completed,British,2,Corporate Account,Chioma Eze,December,2023,%Q,Q4
BK01395,2024-11-14,2024-12-06,2024-12-13,7,Deluxe,78214,20,62571,437998,Government,Honeywell Group,Corporate Agreement,Completed,Nigerian,2,Credit Card,Emeka Okonkwo,December,2024,%Q,Q4
BK01396,2023-11-07,2023-12-23,2023-12-29,6,Executive,113043,5,107391,644345,MICE,Chevron Nigeria,Direct,Confirmed,Nigerian,3,POS,Chioma Eze,December,2023,%Q,Q4
BK01397,2023-01-01,2023-01-01,2023-01-14,13,Presidential,349363,0,349363,4541719,Group,Individual Guest,Corporate Agreement,Completed,Nigerian,3,Credit Card,Fatima Bello,January,2023,%Q,Q1
BK01398,2024-09-14,2024-11-05,2024-11-14,9,Executive,107443,0,107443,966987,Leisure,Individual Guest,Corporate Agreement,Completed,British,3,Corporate Account,Chioma Eze,November,2024,%Q,Q4
BK01399,2023-02-26,2023-04-09,2023-04-18,9,Standard,46434,10,41791,0,MICE,Nestle Nigeria,Direct,Cancelled,Nigerian,1,Bank Transfer,Tunde Adeyemi,April,2023,%Q,Q2
BK01400,2024-09-25,2024-10-19,2024-11-02,14,Executive,129460,0,129460,1812440,Group,Individual Guest,Direct,Completed,Nigerian,1,Bank Transfer,Direct Booking,October,2024,%Q,Q4
BK01401,2024-09-04,2024-11-02,2024-11-10,8,Standard,60337,10,54303,434426,MICE,Dangote Group,Corporate Agreement,Completed,French,3,Bank Transfer,Chioma Eze,November,2024,%Q,Q4
BK01402,2023-02-07,2023-02-11,2023-02-23,12,Suite,125107,20,100086,1201027,Government,Nigerian Breweries,Direct,Confirmed,Nigerian,2,POS,Tunde Adeyemi,February,2023,%Q,Q1
BK01403,2024-08-28,2024-10-02,2024-10-05,3,Presidential,358838,0,358838,1076514,Group,Individual Guest,Corporate Agreement,Completed,American,1,Corporate Account,Direct Booking,October,2024,%Q,Q4
BK01404,2023-06-09,2023-07-04,2023-07-13,9,Presidential,338476,0,338476,3046284,Group,Individual Guest,Corporate Agreement,Completed,Chinese,3,POS,Chioma Eze,July,2023,%Q,Q3
BK01405,2024-01-18,2024-02-27,2024-03-11,13,Executive,116197,5,110387,1435033,Group,Individual Guest,Direct,Completed,South African,3,Cash,Direct Booking,February,2024,%Q,Q1
BK01406,2024-04-03,2024-04-03,2024-04-10,7,Standard,54321,0,54321,380247,Leisure,Individual Guest,Walk In,Completed,Nigerian,2,Credit Card,Chioma Eze,April,2024,%Q,Q2
BK01407,2023-01-01,2023-01-23,2023-02-05,13,Suite,156284,0,156284,2031692,Leisure,Individual Guest,Corporate Agreement,Completed,Nigerian,2,Cash,Emeka Okonkwo,January,2023,%Q,Q1
BK01408,2023-08-04,2023-09-29,2023-10-05,6,Presidential,315498,15,268173,1609040,Corporate,GTCO,Online Travel Agent,Confirmed,French,3,Bank Transfer,Direct Booking,September,2023,%Q,Q3
BK01409,2023-05-06,2023-06-27,2023-07-05,8,Presidential,274999,0,274999,2199992,Leisure,Individual Guest,Corporate Agreement,Completed,British,3,Bank Transfer,Amaka Osei,June,2023,%Q,Q2
BK01410,2024-01-21,2024-03-20,2024-03-27,7,Standard,52429,0,52429,367003,Group,Individual Guest,Walk In,Completed,British,1,Corporate Account,Direct Booking,March,2024,%Q,Q1
BK01411,2024-05-31,2024-06-20,2024-06-21,1,Presidential,398088,5,378184,0,Corporate,Guinness Nigeria,Corporate Agreement,Cancelled,German,1,POS,Emeka Okonkwo,June,2024,%Q,Q2
BK01412,2024-01-28,2024-03-18,2024-03-23,5,Executive,104700,20,83760,418800,Corporate,Access Bank,Corporate Agreement,Completed,Nigerian,4,Bank Transfer,Chioma Eze,March,2024,%Q,Q1
BK01413,2024-02-05,2024-03-20,2024-04-02,13,Deluxe,94970,5,90222,1172880,Corporate,Julius Berger,Corporate Agreement,Completed,Nigerian,2,POS,Fatima Bello,March,2024,%Q,Q1
BK01414,2023-01-25,2023-03-15,2023-03-20,5,Executive,116195,0,116195,580975,Group,Individual Guest,Direct,Completed,Nigerian,2,Cash,Chioma Eze,March,2023,%Q,Q1
BK01415,2023-11-08,2023-12-19,2023-12-29,10,Standard,54988,5,52239,522386,Corporate,9mobile,Walk In,Completed,Nigerian,1,Corporate Account,Tunde Adeyemi,December,2023,%Q,Q4
BK01416,2023-07-01,2023-07-24,2023-08-04,11,Deluxe,94829,0,94829,1043119,Group,Individual Guest,Corporate Agreement,Confirmed,Nigerian,3,Credit Card,Fatima Bello,July,2023,%Q,Q3
BK01417,2023-10-28,2023-12-18,2023-12-30,12,Standard,54998,10,49498,593978,Leisure,Individual Guest,Direct,Confirmed,Nigerian,3,POS,Tunde Adeyemi,December,2023,%Q,Q4
BK01418,2024-03-24,2024-05-09,2024-05-19,10,Deluxe,92776,0,92776,927760,Group,Individual Guest,Corporate Agreement,Confirmed,American,2,Cash,Amaka Osei,May,2024,%Q,Q2
BK01419,2023-08-29,2023-10-18,2023-10-22,4,Presidential,321114,0,321114,1284456,Corporate,MTN Nigeria,Corporate Agreement,Confirmed,American,1,Cash,Direct Booking,October,2023,%Q,Q4
BK01420,2023-09-01,2023-10-27,2023-11-10,14,Executive,110149,10,99134,1387877,Airline Crew,Nigerian Breweries,Online Travel Agent,Completed,British,2,Credit Card,Amaka Osei,October,2023,%Q,Q4
BK01421,2024-02-14,2024-04-13,2024-04-22,9,Standard,46302,10,41672,375046,Corporate,GTCO,Online Travel Agent,Completed,Nigerian,3,Cash,Chioma Eze,April,2024,%Q,Q2
BK01422,2023-08-13,2023-08-30,2023-09-08,9,Standard,53443,10,48099,432888,Government,Air Peace,Walk In,Completed,Nigerian,2,Corporate Account,Chioma Eze,August,2023,%Q,Q3
BK01423,2023-12-15,2024-01-27,2024-02-05,9,Presidential,309618,10,278656,2507906,Leisure,Individual Guest,Online Travel Agent,Completed,Nigerian,4,Cash,Fatima Bello,January,2024,%Q,Q1
BK01424,2023-04-04,2023-05-15,2023-05-19,4,Deluxe,89039,5,84587,338348,Leisure,Individual Guest,Travel Agent,Completed,Nigerian,2,POS,Direct Booking,May,2023,%Q,Q2
BK01425,2023-03-31,2023-05-29,2023-06-09,11,Presidential,291431,15,247716,0,Corporate,Unilever Nigeria,Travel Agent,Cancelled,Nigerian,4,Cash,Amaka Osei,May,2023,%Q,Q2
BK01426,2023-09-21,2023-11-07,2023-11-15,8,Suite,129958,10,116962,935698,MICE,Nigerian Breweries,Direct,Confirmed,German,2,Cash,Fatima Bello,November,2023,%Q,Q4
BK01427,2023-07-14,2023-08-26,2023-08-30,4,Standard,56772,15,48256,193025,Corporate,Transcorp Hotels,Travel Agent,Confirmed,Nigerian,2,Cash,Direct Booking,August,2023,%Q,Q3
BK01428,2024-05-10,2024-05-18,2024-05-26,8,Deluxe,76332,5,72515,580123,Corporate,Federal Ministry of Works,Direct,Completed,Nigerian,2,Credit Card,Emeka Okonkwo,May,2024,%Q,Q2
BK01429,2023-01-09,2023-03-09,2023-03-12,3,Executive,127108,0,127108,381324,Group,Individual Guest,Travel Agent,Completed,Nigerian,4,POS,Amaka Osei,March,2023,%Q,Q1
BK01430,2023-12-10,2024-02-08,2024-02-18,10,Presidential,390550,0,390550,3905500,Leisure,Individual Guest,Travel Agent,Completed,Nigerian,1,Corporate Account,Emeka Okonkwo,February,2024,%Q,Q1
BK01431,2024-05-21,2024-06-15,2024-06-24,9,Standard,63274,0,63274,569466,Leisure,Individual Guest,Walk In,Completed,Nigerian,3,Corporate Account,Emeka Okonkwo,June,2024,%Q,Q2
BK01432,2024-03-21,2024-04-17,2024-04-20,3,Suite,160182,20,128146,384437,Government,Shell Nigeria,Corporate Agreement,Completed,Nigerian,2,Bank Transfer,Fatima Bello,April,2024,%Q,Q2
BK01433,2024-12-05,2024-12-13,2024-12-22,9,Executive,122103,10,109893,0,Corporate,Air Peace,Corporate Agreement,Cancelled,American,1,Corporate Account,Tunde Adeyemi,December,2024,%Q,Q4
BK01434,2023-10-18,2023-11-28,2023-12-10,12,Deluxe,93539,10,84185,1010221,Group,Individual Guest,Corporate Agreement,Confirmed,British,4,POS,Amaka Osei,November,2023,%Q,Q4
BK01435,2024-08-25,2024-09-18,2024-09-21,3,Presidential,349773,5,332284,996853,Corporate,Chevron Nigeria,Corporate Agreement,Completed,American,2,Credit Card,Tunde Adeyemi,September,2024,%Q,Q3
BK01436,2024-12-04,2024-12-30,2024-12-31,1,Suite,140284,10,126256,126256,Group,Individual Guest,Direct,Completed,Nigerian,1,Credit Card,Tunde Adeyemi,December,2024,%Q,Q4
BK01437,2023-08-19,2023-09-17,2023-09-18,1,Executive,127679,5,121295,121295,Leisure,Individual Guest,Travel Agent,Confirmed,Nigerian,4,Corporate Account,Fatima Bello,September,2023,%Q,Q3
BK01438,2024-02-19,2024-03-28,2024-03-30,2,Presidential,251723,0,251723,503446,Corporate,FBN Holdings,Corporate Agreement,Completed,Ghanaian,2,Credit Card,Amaka Osei,March,2024,%Q,Q1
BK01439,2024-10-28,2024-10-30,2024-11-05,6,Deluxe,71062,0,71062,426372,Group,Individual Guest,Direct,Completed,Chinese,4,Bank Transfer,Amaka Osei,October,2024,%Q,Q4
BK01440,2023-05-28,2023-06-15,2023-06-26,11,Presidential,397371,15,337765,3715419,Corporate,Oando PLC,Online Travel Agent,Completed,Nigerian,3,Cash,Chioma Eze,June,2023,%Q,Q2
BK01441,2023-02-12,2023-03-11,2023-03-24,13,Presidential,267019,5,253668,3297685,Corporate,Nestle Nigeria,Travel Agent,Confirmed,Nigerian,2,POS,Emeka Okonkwo,March,2023,%Q,Q1
BK01442,2024-09-12,2024-09-18,2024-09-19,1,Presidential,388660,10,349794,349794,Airline Crew,Transcorp Hotels,Corporate Agreement,Completed,South African,4,Cash,Direct Booking,September,2024,%Q,Q3
BK01443,2023-10-19,2023-11-21,2023-11-26,5,Presidential,342760,20,274208,1371040,Government,Honeywell Group,Corporate Agreement,Completed,Nigerian,2,POS,Tunde Adeyemi,November,2023,%Q,Q4
BK01444,2023-10-25,2023-10-25,2023-10-29,4,Standard,45785,0,45785,183140,Leisure,Individual Guest,Corporate Agreement,Completed,Nigerian,4,Corporate Account,Fatima Bello,October,2023,%Q,Q4
BK01445,2023-11-03,2023-12-08,2023-12-14,6,Deluxe,70370,0,70370,422220,Group,Individual Guest,Direct,Completed,Nigerian,3,POS,Chioma Eze,December,2023,%Q,Q4
BK01446,2023-04-06,2023-04-27,2023-05-08,11,Suite,145955,5,138657,1525230,Group,Individual Guest,Direct,Completed,Nigerian,4,Cash,Chioma Eze,April,2023,%Q,Q2
BK01447,2023-01-29,2023-02-06,2023-02-17,11,Executive,105183,10,94665,1041312,Group,Individual Guest,Online Travel Agent,Completed,Nigerian,3,Bank Transfer,Emeka Okonkwo,February,2023,%Q,Q1
BK01448,2024-10-21,2024-11-25,2024-12-01,6,Presidential,254906,10,229415,1376492,Corporate,Glo Mobile,Travel Agent,Completed,Nigerian,1,Cash,Tunde Adeyemi,November,2024,%Q,Q4
BK01449,2023-12-17,2024-01-20,2024-01-31,11,Deluxe,88709,0,88709,0,Group,Individual Guest,Direct,Cancelled,South African,1,Cash,Chioma Eze,January,2024,%Q,Q1
BK01450,2024-01-28,2024-02-28,2024-03-01,2,Deluxe,82176,0,82176,164352,Leisure,Individual Guest,Direct,Completed,Nigerian,1,Cash,Amaka Osei,February,2024,%Q,Q1
BK01451,2023-03-04,2023-04-05,2023-04-13,8,Standard,60815,10,54734,0,Government,Shell Nigeria,Walk In,Cancelled,South African,3,Cash,Fatima Bello,April,2023,%Q,Q2
BK01452,2023-02-10,2023-04-11,2023-04-25,14,Presidential,284791,20,227833,3189659,Corporate,Conoil,Corporate Agreement,Completed,Nigerian,1,Cash,Amaka Osei,April,2023,%Q,Q2
BK01453,2023-03-02,2023-03-31,2023-04-06,6,Standard,48378,0,48378,290268,Leisure,Individual Guest,Online Travel Agent,Completed,British,3,Credit Card,Chioma Eze,March,2023,%Q,Q1
BK01454,2023-06-30,2023-07-17,2023-07-22,5,Presidential,333663,0,333663,1668315,MICE,Unilever Nigeria,Direct,Completed,Nigerian,1,POS,Fatima Bello,July,2023,%Q,Q3
BK01455,2024-06-04,2024-07-09,2024-07-15,6,Suite,137763,0,137763,826578,Corporate,UBA Group,Direct,Completed,Nigerian,4,POS,Chioma Eze,July,2024,%Q,Q3
BK01456,2023-04-14,2023-05-14,2023-05-15,1,Standard,48471,0,48471,48471,Leisure,Individual Guest,Online Travel Agent,Confirmed,American,3,Corporate Account,Fatima Bello,May,2023,%Q,Q2
BK01457,2023-11-25,2023-12-07,2023-12-21,14,Presidential,270590,5,257060,3598847,Airline Crew,Oando PLC,Direct,Completed,Ghanaian,1,Corporate Account,Direct Booking,December,2023,%Q,Q4
BK01458,2023-10-04,2023-11-14,2023-11-25,11,Executive,125837,10,113253,1245786,Corporate,Guinness Nigeria,Travel Agent,Confirmed,Nigerian,2,Corporate Account,Chioma Eze,November,2023,%Q,Q4
BK01459,2023-10-29,2023-11-29,2023-12-07,8,Standard,47141,10,42427,339415,Leisure,Individual Guest,Online Travel Agent,Completed,Nigerian,2,POS,Chioma Eze,November,2023,%Q,Q4
BK01460,2023-02-23,2023-04-16,2023-04-23,7,Standard,55678,10,50110,350771,Leisure,Individual Guest,Online Travel Agent,Confirmed,Nigerian,2,Corporate Account,Fatima Bello,April,2023,%Q,Q2
BK01461,2023-08-28,2023-09-07,2023-09-16,9,Executive,120153,20,96122,865102,Corporate,Lafarge Africa,Corporate Agreement,Completed,South African,3,POS,Emeka Okonkwo,September,2023,%Q,Q3
BK01462,2024-11-30,2024-12-11,2024-12-15,4,Standard,63815,5,60624,242497,MICE,Unilever Nigeria,Online Travel Agent,Completed,British,3,Credit Card,Emeka Okonkwo,December,2024,%Q,Q4
BK01463,2023-03-07,2023-03-13,2023-03-23,10,Presidential,349329,5,331863,3318626,Corporate,Dangote Group,Travel Agent,Confirmed,French,2,Bank Transfer,Direct Booking,March,2023,%Q,Q1
BK01464,2024-03-21,2024-04-08,2024-04-17,9,Executive,124305,20,99444,894996,Corporate,Airtel Nigeria,Travel Agent,Completed,American,1,Cash,Emeka Okonkwo,April,2024,%Q,Q2
BK01465,2023-01-01,2023-01-09,2023-01-19,10,Executive,103359,0,103359,1033590,MICE,Dangote Group,Online Travel Agent,Completed,Nigerian,3,POS,Direct Booking,January,2023,%Q,Q1
BK01466,2023-10-15,2023-10-16,2023-10-30,14,Deluxe,84146,0,84146,1178044,Group,Individual Guest,Online Travel Agent,Completed,Nigerian,2,Corporate Account,Emeka Okonkwo,October,2023,%Q,Q4
BK01467,2024-04-19,2024-05-01,2024-05-04,3,Presidential,350819,0,350819,1052457,MICE,Nigerian Ports Authority,Direct,Completed,German,2,Credit Card,Direct Booking,May,2024,%Q,Q2
BK01468,2023-03-14,2023-03-15,2023-03-26,11,Deluxe,93636,20,74909,823997,Government,NNPC,Direct,Completed,Nigerian,4,Corporate Account,Emeka Okonkwo,March,2023,%Q,Q1
BK01469,2023-06-02,2023-07-04,2023-07-12,8,Executive,124494,5,118269,0,Leisure,Individual Guest,Online Travel Agent,Cancelled,Nigerian,3,Credit Card,Emeka Okonkwo,July,2023,%Q,Q3
BK01470,2024-06-20,2024-07-13,2024-07-23,10,Standard,46240,10,41616,416160,Leisure,Individual Guest,Direct,Completed,Nigerian,2,Bank Transfer,Direct Booking,July,2024,%Q,Q3
BK01471,2023-09-11,2023-10-14,2023-10-22,8,Standard,62149,20,49719,0,Government,Access Bank,Corporate Agreement,No Show,American,3,Bank Transfer,Direct Booking,October,2023,%Q,Q4
BK01472,2023-01-21,2023-02-24,2023-03-02,6,Standard,60363,0,60363,362178,Leisure,Individual Guest,Corporate Agreement,Completed,Nigerian,3,Cash,Chioma Eze,February,2023,%Q,Q1
BK01473,2023-01-01,2023-02-06,2023-02-18,12,Presidential,329710,0,329710,3956520,Group,Individual Guest,Direct,Completed,Nigerian,1,POS,Tunde Adeyemi,February,2023,%Q,Q1
BK01474,2024-09-13,2024-10-01,2024-10-02,1,Executive,100407,0,100407,100407,Corporate,Zenith Bank,Direct,Completed,Nigerian,3,Cash,Chioma Eze,October,2024,%Q,Q4
BK01475,2023-04-14,2023-04-25,2023-05-05,10,Presidential,289619,10,260657,2606571,Group,Individual Guest,Direct,Completed,South African,2,Corporate Account,Tunde Adeyemi,April,2023,%Q,Q2
BK01476,2023-01-29,2023-02-03,2023-02-09,6,Deluxe,89514,20,71611,429667,Government,Shell Nigeria,Travel Agent,Completed,Nigerian,4,Credit Card,Emeka Okonkwo,February,2023,%Q,Q1
BK01477,2024-10-01,2024-10-14,2024-10-17,3,Presidential,340459,15,289390,868170,Corporate,Flour Mills Nigeria,Direct,Completed,Nigerian,3,Corporate Account,Emeka Okonkwo,October,2024,%Q,Q4
BK01478,2024-06-05,2024-06-29,2024-07-03,4,Executive,126102,0,126102,504408,Corporate,NNPC,Walk In,Confirmed,Nigerian,1,Cash,Direct Booking,June,2024,%Q,Q2
BK01479,2024-06-06,2024-06-28,2024-07-09,11,Executive,112864,20,90291,993203,Corporate,FBN Holdings,Direct,Completed,British,2,Credit Card,Emeka Okonkwo,June,2024,%Q,Q2
BK01480,2023-10-29,2023-12-12,2023-12-23,11,Deluxe,80265,5,76252,838769,Leisure,Individual Guest,Travel Agent,Completed,Nigerian,1,POS,Amaka Osei,December,2023,%Q,Q4
BK01481,2023-11-10,2023-12-26,2023-12-30,4,Suite,136508,0,136508,546032,Corporate,Air Peace,Direct,Completed,British,1,POS,Tunde Adeyemi,December,2023,%Q,Q4
BK01482,2023-02-20,2023-03-30,2023-04-13,14,Deluxe,82319,0,82319,1152466,Group,Individual Guest,Corporate Agreement,Completed,Indian,3,Credit Card,Amaka Osei,March,2023,%Q,Q1
BK01483,2024-02-24,2024-04-23,2024-05-04,11,Standard,59858,10,53872,592594,Government,FBN Holdings,Corporate Agreement,Completed,American,2,Cash,Chioma Eze,April,2024,%Q,Q2
BK01484,2023-10-08,2023-10-11,2023-10-24,13,Executive,120466,20,96373,0,Corporate,Dangote Group,Travel Agent,No Show,Nigerian,2,Corporate Account,Amaka Osei,October,2023,%Q,Q4
BK01485,2023-12-28,2024-02-07,2024-02-10,3,Executive,102106,0,102106,0,Corporate,NNPC,Corporate Agreement,Cancelled,French,1,Cash,Direct Booking,February,2024,%Q,Q1
BK01486,2023-02-08,2023-03-16,2023-03-18,2,Suite,170937,0,170937,341874,Leisure,Individual Guest,Direct,Completed,British,3,Corporate Account,Amaka Osei,March,2023,%Q,Q1
BK01487,2024-10-21,2024-12-17,2024-12-23,6,Executive,95242,0,95242,571452,Leisure,Individual Guest,Online Travel Agent,Completed,Nigerian,2,Bank Transfer,Direct Booking,December,2024,%Q,Q4
BK01488,2023-12-08,2024-01-29,2024-02-10,12,Executive,102943,0,102943,1235316,Leisure,Individual Guest,Online Travel Agent,Completed,American,1,Bank Transfer,Emeka Okonkwo,January,2024,%Q,Q1
BK01489,2024-06-10,2024-07-01,2024-07-15,14,Standard,60061,5,57058,798811,MICE,UBA Group,Direct,Completed,Nigerian,3,Credit Card,Emeka Okonkwo,July,2024,%Q,Q3
BK01490,2023-03-07,2023-04-20,2023-05-01,11,Suite,151883,15,129101,1420106,Corporate,Seplat Energy,Direct,Completed,Nigerian,2,POS,Direct Booking,April,2023,%Q,Q2
BK01491,2023-12-15,2024-02-03,2024-02-05,2,Presidential,330669,0,330669,661338,Leisure,Individual Guest,Travel Agent,Completed,Indian,3,Bank Transfer,Amaka Osei,February,2024,%Q,Q1
BK01492,2023-10-27,2023-12-12,2023-12-25,13,Standard,58287,0,58287,757731,Corporate,Oando PLC,Travel Agent,Completed,Nigerian,2,POS,Direct Booking,December,2023,%Q,Q4
BK01493,2023-01-29,2023-02-07,2023-02-19,12,Executive,96249,0,96249,1154988,Leisure,Individual Guest,Direct,Completed,American,2,Bank Transfer,Tunde Adeyemi,February,2023,%Q,Q1
BK01494,2023-09-22,2023-11-11,2023-11-25,14,Standard,59948,0,59948,839272,Group,Individual Guest,Direct,Completed,Ghanaian,2,Corporate Account,Amaka Osei,November,2023,%Q,Q4
BK01495,2023-07-06,2023-07-27,2023-08-03,7,Executive,116249,10,104624,732369,Corporate,Nestle Nigeria,Walk In,Completed,Nigerian,2,POS,Amaka Osei,July,2023,%Q,Q3
BK01496,2023-02-17,2023-03-06,2023-03-08,2,Deluxe,94823,0,94823,189646,Leisure,Individual Guest,Corporate Agreement,Completed,Nigerian,2,Bank Transfer,Fatima Bello,March,2023,%Q,Q1
BK01497,2024-09-15,2024-10-09,2024-10-19,10,Deluxe,70512,15,59935,599352,Government,Access Bank,Direct,Confirmed,Nigerian,3,POS,Direct Booking,October,2024,%Q,Q4
BK01498,2024-10-22,2024-12-11,2024-12-24,13,Executive,103316,15,87819,1141642,Corporate,FBN Holdings,Online Travel Agent,Completed,Chinese,2,Bank Transfer,Fatima Bello,December,2024,%Q,Q4
BK01499,2024-08-09,2024-09-18,2024-09-20,2,Suite,142796,10,128516,257033,Leisure,Individual Guest,Direct,Completed,German,3,POS,Amaka Osei,September,2024,%Q,Q3
BK01500,2024-05-05,2024-06-03,2024-06-07,4,Deluxe,79057,5,75104,300417,Corporate,Unilever Nigeria,Corporate Agreement,Completed,Indian,2,Corporate Account,Emeka Okonkwo,June,2024,%Q,Q2
BK01501,2024-11-14,2024-11-17,2024-11-18,1,Suite,138681,20,110945,110945,Corporate,Flour Mills Nigeria,Travel Agent,Completed,South African,1,Bank Transfer,Amaka Osei,November,2024,%Q,Q4
BK01502,2023-05-11,2023-06-30,2023-07-03,3,Standard,60894,0,60894,182682,Leisure,Individual Guest,Direct,Confirmed,Nigerian,4,Cash,Fatima Bello,June,2023,%Q,Q2
BK01503,2024-11-10,2024-11-24,2024-11-30,6,Standard,55686,20,44549,267293,Corporate,PZ Cussons,Travel Agent,Completed,Nigerian,4,Bank Transfer,Tunde Adeyemi,November,2024,%Q,Q4
BK01504,2024-03-16,2024-05-11,2024-05-12,1,Executive,104498,5,99273,0,Corporate,Oando PLC,Online Travel Agent,Cancelled,Nigerian,3,Cash,Tunde Adeyemi,May,2024,%Q,Q2
BK01505,2023-12-08,2023-12-10,2023-12-13,3,Presidential,265637,20,212510,637529,Corporate,Unilever Nigeria,Online Travel Agent,Completed,Nigerian,3,Credit Card,Chioma Eze,December,2023,%Q,Q4
BK01506,2023-04-21,2023-06-10,2023-06-23,13,Presidential,294547,10,265092,3446200,Leisure,Individual Guest,Direct,Completed,Nigerian,2,Corporate Account,Fatima Bello,June,2023,%Q,Q2
BK01507,2024-03-31,2024-04-29,2024-05-13,14,Suite,120950,10,108855,1523970,Group,Individual Guest,Direct,Completed,Nigerian,2,Credit Card,Fatima Bello,April,2024,%Q,Q2
BK01508,2023-01-04,2023-01-06,2023-01-13,7,Standard,60422,5,57401,401806,Group,Individual Guest,Online Travel Agent,Completed,Nigerian,4,Bank Transfer,Direct Booking,January,2023,%Q,Q1
BK01509,2023-07-31,2023-09-04,2023-09-06,2,Standard,58324,10,52492,104983,Government,Nestle Nigeria,Direct,Completed,German,3,Corporate Account,Amaka Osei,September,2023,%Q,Q3
BK01510,2024-10-28,2024-12-21,2024-12-29,8,Presidential,256399,0,256399,2051192,Airline Crew,Oando PLC,Travel Agent,Completed,Nigerian,1,Corporate Account,Chioma Eze,December,2024,%Q,Q4
BK01511,2024-01-09,2024-01-30,2024-02-11,12,Presidential,258575,0,258575,3102900,Corporate,FBN Holdings,Corporate Agreement,Completed,British,3,Bank Transfer,Tunde Adeyemi,January,2024,%Q,Q1
BK01512,2024-05-19,2024-06-11,2024-06-22,11,Standard,48636,10,43772,481496,Leisure,Individual Guest,Direct,Completed,Nigerian,1,POS,Direct Booking,June,2024,%Q,Q2
BK01513,2024-12-14,2024-12-27,2025-01-09,13,Deluxe,80974,10,72877,947396,Corporate,Unilever Nigeria,Corporate Agreement,Completed,South African,2,Credit Card,Direct Booking,December,2024,%Q,Q4
BK01514,2023-11-26,2023-12-28,2024-01-02,5,Executive,113162,15,96188,480938,Corporate,Nigerian Ports Authority,Online Travel Agent,Completed,Nigerian,3,Corporate Account,Amaka Osei,December,2023,%Q,Q4
BK01515,2024-08-07,2024-09-27,2024-10-03,6,Standard,51171,15,43495,260972,Government,Oando PLC,Online Travel Agent,Confirmed,Nigerian,2,Bank Transfer,Amaka Osei,September,2024,%Q,Q3
BK01516,2023-04-16,2023-04-25,2023-05-07,12,Executive,104863,15,89134,1069603,Government,Air Peace,Walk In,Completed,Nigerian,3,Corporate Account,Tunde Adeyemi,April,2023,%Q,Q2
BK01517,2024-02-18,2024-03-30,2024-04-11,12,Standard,54552,20,43642,523699,Corporate,Air Peace,Direct,Completed,Chinese,4,Cash,Direct Booking,March,2024,%Q,Q1
BK01518,2023-11-07,2023-12-18,2023-12-29,11,Suite,151860,0,151860,1670460,Leisure,Individual Guest,Travel Agent,Completed,Nigerian,2,POS,Chioma Eze,December,2023,%Q,Q4
BK01519,2023-06-09,2023-06-25,2023-07-08,13,Deluxe,85867,10,77280,1004644,Leisure,Individual Guest,Travel Agent,Completed,Nigerian,2,Corporate Account,Chioma Eze,June,2023,%Q,Q2
BK01520,2023-05-11,2023-06-14,2023-06-26,12,Suite,131945,0,131945,0,Airline Crew,Shell Nigeria,Direct,Cancelled,German,4,Credit Card,Fatima Bello,June,2023,%Q,Q2
BK01521,2024-01-01,2024-01-14,2024-01-17,3,Presidential,259093,0,259093,777279,Group,Individual Guest,Direct,Completed,Nigerian,3,POS,Tunde Adeyemi,January,2024,%Q,Q1
BK01522,2023-01-01,2023-01-26,2023-02-02,7,Executive,104527,15,88848,0,Government,Airtel Nigeria,Walk In,Cancelled,Nigerian,3,Cash,Fatima Bello,January,2023,%Q,Q1
BK01523,2023-09-18,2023-10-24,2023-11-06,13,Deluxe,88521,10,79669,1035696,Group,Individual Guest,Online Travel Agent,Completed,Nigerian,2,Bank Transfer,Emeka Okonkwo,October,2023,%Q,Q4
BK01524,2023-04-29,2023-04-30,2023-05-05,5,Executive,109441,0,109441,547205,Leisure,Individual Guest,Direct,Confirmed,British,2,POS,Fatima Bello,April,2023,%Q,Q2
BK01525,2023-07-15,2023-07-20,2023-07-21,1,Presidential,366774,0,366774,366774,Group,Individual Guest,Walk In,Completed,Nigerian,1,Cash,Emeka Okonkwo,July,2023,%Q,Q3
BK01526,2023-12-29,2024-02-12,2024-02-15,3,Executive,119224,0,119224,357672,Leisure,Individual Guest,Online Travel Agent,Confirmed,Nigerian,1,POS,Emeka Okonkwo,February,2024,%Q,Q1
BK01527,2024-03-04,2024-03-30,2024-04-11,12,Executive,113915,5,108219,1298631,Corporate,NNPC,Online Travel Agent,Completed,Ghanaian,2,Bank Transfer,Fatima Bello,March,2024,%Q,Q1
BK01528,2023-09-13,2023-11-07,2023-11-15,8,Presidential,337927,20,270342,2162733,Corporate,FAAN,Online Travel Agent,Confirmed,French,4,Credit Card,Emeka Okonkwo,November,2023,%Q,Q4
BK01529,2023-05-10,2023-05-21,2023-05-25,4,Executive,113970,0,113970,455880,Leisure,Individual Guest,Travel Agent,Confirmed,Ghanaian,4,Corporate Account,Chioma Eze,May,2023,%Q,Q2
BK01530,2023-01-28,2023-01-28,2023-02-10,13,Deluxe,78607,0,78607,1021891,Corporate,Transcorp Hotels,Corporate Agreement,Confirmed,Nigerian,2,Corporate Account,Tunde Adeyemi,January,2023,%Q,Q1
BK01531,2023-04-16,2023-05-03,2023-05-16,13,Executive,99372,0,99372,1291836,Leisure,Individual Guest,Online Travel Agent,Completed,Nigerian,1,Corporate Account,Chioma Eze,May,2023,%Q,Q2
BK01532,2024-05-03,2024-06-08,2024-06-20,12,Standard,53504,10,48154,577843,Corporate,Dangote Group,Online Travel Agent,Confirmed,American,1,Credit Card,Chioma Eze,June,2024,%Q,Q2
BK01533,2023-11-26,2024-01-05,2024-01-12,7,Suite,123192,20,98554,689875,Corporate,Zenith Bank,Travel Agent,Completed,Nigerian,2,POS,Amaka Osei,January,2024,%Q,Q1
BK01534,2023-11-07,2023-11-27,2023-12-11,14,Suite,137790,10,124011,1736154,Group,Individual Guest,Direct,Completed,British,2,Bank Transfer,Tunde Adeyemi,November,2023,%Q,Q4
BK01535,2023-08-28,2023-10-16,2023-10-22,6,Executive,122000,15,103700,622200,Corporate,Chevron Nigeria,Direct,Confirmed,Nigerian,1,POS,Tunde Adeyemi,October,2023,%Q,Q4
BK01536,2024-04-09,2024-04-16,2024-04-18,2,Deluxe,70569,0,70569,141138,Leisure,Individual Guest,Online Travel Agent,Completed,Ghanaian,3,POS,Fatima Bello,April,2024,%Q,Q2
BK01537,2024-12-26,2024-12-27,2025-01-01,5,Standard,52286,0,52286,261430,Corporate,Shell Nigeria,Online Travel Agent,Completed,Nigerian,1,Corporate Account,Amaka Osei,December,2024,%Q,Q4
BK01538,2023-01-01,2023-01-20,2023-02-02,13,Executive,97786,0,97786,1271218,Corporate,Conoil,Online Travel Agent,Completed,Nigerian,1,Cash,Amaka Osei,January,2023,%Q,Q1
BK01539,2023-11-05,2023-11-05,2023-11-16,11,Standard,49056,20,39245,431693,Government,Lafarge Africa,Direct,Completed,American,2,Bank Transfer,Amaka Osei,November,2023,%Q,Q4
BK01540,2023-09-20,2023-10-12,2023-10-22,10,Suite,130522,0,130522,1305220,MICE,PZ Cussons,Direct,Completed,Ghanaian,2,POS,Amaka Osei,October,2023,%Q,Q4
BK01541,2023-08-20,2023-10-16,2023-10-19,3,Presidential,251134,5,238577,715732,Airline Crew,Nigerian Breweries,Walk In,Completed,Kenyan,2,Cash,Emeka Okonkwo,October,2023,%Q,Q4
BK01542,2024-11-09,2024-11-20,2024-11-22,2,Suite,144878,0,144878,289756,Leisure,Individual Guest,Online Travel Agent,Completed,South African,4,Bank Transfer,Chioma Eze,November,2024,%Q,Q4
BK01543,2024-05-16,2024-06-16,2024-06-19,3,Suite,166185,15,141257,423772,Corporate,Conoil,Online Travel Agent,Confirmed,Nigerian,3,POS,Emeka Okonkwo,June,2024,%Q,Q2
BK01544,2023-07-25,2023-08-20,2023-08-29,9,Suite,176057,0,176057,1584513,Leisure,Individual Guest,Travel Agent,Completed,Ghanaian,2,Cash,Direct Booking,August,2023,%Q,Q3
BK01545,2024-10-09,2024-11-21,2024-11-29,8,Standard,57988,0,57988,463904,Leisure,Individual Guest,Direct,Completed,Nigerian,1,POS,Emeka Okonkwo,November,2024,%Q,Q4
BK01546,2023-02-24,2023-03-08,2023-03-14,6,Suite,133124,10,119812,718870,Leisure,Individual Guest,Direct,Completed,Ghanaian,3,Corporate Account,Direct Booking,March,2023,%Q,Q1
BK01547,2024-07-13,2024-08-30,2024-09-04,5,Executive,118337,0,118337,591685,Leisure,Individual Guest,Online Travel Agent,Completed,Nigerian,4,Credit Card,Chioma Eze,August,2024,%Q,Q3
BK01548,2023-04-05,2023-05-06,2023-05-11,5,Executive,110127,0,110127,550635,Group,Individual Guest,Direct,Confirmed,Nigerian,1,Corporate Account,Amaka Osei,May,2023,%Q,Q2
BK01549,2023-12-15,2024-01-27,2024-02-06,10,Suite,130009,10,117008,1170081,Corporate,Nigerian Breweries,Corporate Agreement,Completed,Nigerian,2,Corporate Account,Emeka Okonkwo,January,2024,%Q,Q1
BK01550,2024-10-08,2024-11-08,2024-11-16,8,Presidential,318593,5,302663,2421307,Leisure,Individual Guest,Online Travel Agent,Completed,Nigerian,1,Corporate Account,Amaka Osei,November,2024,%Q,Q4
BK01551,2024-02-11,2024-04-05,2024-04-11,6,Executive,124003,5,117803,706817,Leisure,Individual Guest,Corporate Agreement,Confirmed,Kenyan,4,Credit Card,Chioma Eze,April,2024,%Q,Q2
BK01552,2023-04-03,2023-05-18,2023-05-23,5,Executive,126945,10,114250,571252,MICE,Honeywell Group,Corporate Agreement,Completed,British,2,POS,Emeka Okonkwo,May,2023,%Q,Q2
BK01553,2023-02-11,2023-02-27,2023-03-06,7,Executive,119759,0,119759,838313,Group,Individual Guest,Walk In,Completed,Nigerian,1,POS,Amaka Osei,February,2023,%Q,Q1
BK01554,2023-11-21,2024-01-11,2024-01-17,6,Presidential,257051,0,257051,1542306,MICE,Glo Mobile,Online Travel Agent,Completed,German,1,Cash,Emeka Okonkwo,January,2024,%Q,Q1
BK01555,2023-08-01,2023-09-11,2023-09-15,4,Suite,158832,15,135007,540029,Corporate,Zenith Bank,Direct,Completed,Nigerian,1,Cash,Fatima Bello,September,2023,%Q,Q3
BK01556,2024-10-08,2024-11-04,2024-11-18,14,Presidential,384941,15,327200,4580798,Government,FBN Holdings,Online Travel Agent,Confirmed,Nigerian,4,Corporate Account,Chioma Eze,November,2024,%Q,Q4
BK01557,2024-06-19,2024-08-09,2024-08-11,2,Executive,101557,10,91401,0,Group,Individual Guest,Online Travel Agent,Cancelled,Ghanaian,2,Cash,Direct Booking,August,2024,%Q,Q3
BK01558,2023-10-07,2023-11-03,2023-11-09,6,Deluxe,86284,0,86284,517704,Group,Individual Guest,Direct,Completed,Kenyan,3,Cash,Tunde Adeyemi,November,2023,%Q,Q4
BK01559,2023-10-07,2023-11-01,2023-11-11,10,Deluxe,90465,10,81418,814185,Group,Individual Guest,Travel Agent,Confirmed,Nigerian,1,Cash,Chioma Eze,November,2023,%Q,Q4
BK01560,2024-05-31,2024-06-27,2024-07-05,8,Deluxe,81380,5,77311,618488,MICE,GTCO,Direct,Completed,American,4,Credit Card,Chioma Eze,June,2024,%Q,Q2
BK01561,2023-08-14,2023-09-15,2023-09-25,10,Executive,106835,20,85468,854680,Government,Total Energies,Direct,Completed,Indian,3,Corporate Account,Direct Booking,September,2023,%Q,Q3
BK01562,2024-05-21,2024-06-29,2024-07-12,13,Executive,98924,5,93978,1221711,Leisure,Individual Guest,Direct,Completed,Nigerian,4,Cash,Direct Booking,June,2024,%Q,Q2
BK01563,2023-10-01,2023-11-23,2023-12-07,14,Standard,51670,0,51670,723380,MICE,FBN Holdings,Corporate Agreement,Completed,Nigerian,4,Credit Card,Fatima Bello,November,2023,%Q,Q4
BK01564,2023-04-15,2023-04-27,2023-04-30,3,Standard,53047,0,53047,159141,MICE,GTCO,Corporate Agreement,Completed,Nigerian,2,Bank Transfer,Direct Booking,April,2023,%Q,Q2
BK01565,2023-10-06,2023-10-07,2023-10-10,3,Suite,171751,0,171751,515253,MICE,Total Energies,Direct,Completed,American,1,Bank Transfer,Amaka Osei,October,2023,%Q,Q4
BK01566,2024-07-15,2024-09-08,2024-09-13,5,Standard,58336,20,46669,233344,Government,Access Bank,Travel Agent,Completed,Kenyan,1,Bank Transfer,Tunde Adeyemi,September,2024,%Q,Q3
BK01567,2024-10-05,2024-11-11,2024-11-25,14,Presidential,316009,0,316009,4424126,Leisure,Individual Guest,Corporate Agreement,Confirmed,South African,4,Cash,Chioma Eze,November,2024,%Q,Q4
BK01568,2024-02-29,2024-03-09,2024-03-13,4,Standard,50739,0,50739,202956,Corporate,FBN Holdings,Direct,Completed,British,3,POS,Emeka Okonkwo,March,2024,%Q,Q1
BK01569,2023-10-25,2023-11-21,2023-11-30,9,Executive,111144,0,111144,1000296,Airline Crew,Shell Nigeria,Corporate Agreement,Completed,Ghanaian,1,POS,Amaka Osei,November,2023,%Q,Q4
BK01570,2024-10-27,2024-12-08,2024-12-21,13,Deluxe,78289,5,74375,966869,Leisure,Individual Guest,Walk In,Completed,Nigerian,2,Bank Transfer,Direct Booking,December,2024,%Q,Q4
BK01571,2023-12-06,2024-02-02,2024-02-03,1,Executive,111746,0,111746,111746,Corporate,PZ Cussons,Travel Agent,Completed,Nigerian,4,Cash,Emeka Okonkwo,February,2024,%Q,Q1
BK01572,2023-10-03,2023-10-08,2023-10-22,14,Executive,125873,10,113286,1586000,Group,Individual Guest,Online Travel Agent,Completed,Nigerian,3,Credit Card,Amaka Osei,October,2023,%Q,Q4
BK01573,2023-02-11,2023-03-09,2023-03-15,6,Presidential,393583,0,393583,2361498,Group,Individual Guest,Direct,Completed,Nigerian,4,Credit Card,Direct Booking,March,2023,%Q,Q1
BK01574,2023-01-01,2023-01-04,2023-01-11,7,Suite,140560,0,140560,983920,Leisure,Individual Guest,Direct,Confirmed,American,4,Credit Card,Direct Booking,January,2023,%Q,Q1
BK01575,2024-02-12,2024-04-07,2024-04-15,8,Deluxe,78541,20,62833,502662,Corporate,Airtel Nigeria,Direct,Completed,Nigerian,4,Corporate Account,Tunde Adeyemi,April,2024,%Q,Q2
BK01576,2023-06-19,2023-08-18,2023-08-19,1,Standard,63301,0,63301,63301,Group,Individual Guest,Walk In,Completed,Indian,2,Cash,Tunde Adeyemi,August,2023,%Q,Q3
BK01577,2024-01-19,2024-02-15,2024-02-25,10,Presidential,318198,15,270468,0,Corporate,Nigerian Ports Authority,Corporate Agreement,Cancelled,Nigerian,4,Corporate Account,Fatima Bello,February,2024,%Q,Q1
BK01578,2023-03-18,2023-05-02,2023-05-06,4,Deluxe,76243,15,64807,259226,Government,FBN Holdings,Online Travel Agent,Completed,Nigerian,2,POS,Tunde Adeyemi,May,2023,%Q,Q2
BK01579,2024-10-29,2024-11-24,2024-11-28,4,Deluxe,83386,0,83386,333544,MICE,Air Peace,Direct,Completed,British,4,Cash,Tunde Adeyemi,November,2024,%Q,Q4
BK01580,2023-01-03,2023-01-11,2023-01-19,8,Suite,165417,0,165417,0,Leisure,Individual Guest,Online Travel Agent,Cancelled,Nigerian,1,Cash,Fatima Bello,January,2023,%Q,Q1
BK01581,2024-07-21,2024-07-24,2024-07-25,1,Suite,135390,0,135390,135390,Leisure,Individual Guest,Corporate Agreement,Completed,American,1,Bank Transfer,Fatima Bello,July,2024,%Q,Q3
BK01582,2024-05-07,2024-05-31,2024-06-10,10,Suite,145866,10,131279,1312794,Group,Individual Guest,Travel Agent,Confirmed,Nigerian,2,Cash,Tunde Adeyemi,May,2024,%Q,Q2
BK01583,2024-03-24,2024-05-19,2024-05-25,6,Executive,103645,10,93280,559683,Corporate,NNPC,Direct,Confirmed,Nigerian,3,Corporate Account,Tunde Adeyemi,May,2024,%Q,Q2
BK01584,2024-01-19,2024-03-16,2024-03-21,5,Suite,160169,10,144152,720760,MICE,Flour Mills Nigeria,Online Travel Agent,Completed,Nigerian,2,Corporate Account,Direct Booking,March,2024,%Q,Q1
BK01585,2024-09-14,2024-11-04,2024-11-15,11,Executive,98487,0,98487,0,Corporate,Dangote Group,Direct,Cancelled,Nigerian,4,Corporate Account,Direct Booking,November,2024,%Q,Q4
BK01586,2024-04-23,2024-05-21,2024-05-22,1,Suite,166466,0,166466,166466,Leisure,Individual Guest,Direct,Completed,American,3,Bank Transfer,Tunde Adeyemi,May,2024,%Q,Q2
BK01587,2023-07-10,2023-07-28,2023-08-11,14,Deluxe,75514,10,67963,951476,Group,Individual Guest,Corporate Agreement,Completed,American,1,POS,Tunde Adeyemi,July,2023,%Q,Q3
BK01588,2024-07-12,2024-08-07,2024-08-10,3,Standard,53066,0,53066,159198,MICE,Nigerian Breweries,Direct,Completed,American,4,Bank Transfer,Direct Booking,August,2024,%Q,Q3
BK01589,2024-07-05,2024-08-27,2024-08-29,2,Suite,130077,10,117069,234139,Corporate,Oando PLC,Corporate Agreement,Completed,Nigerian,1,POS,Chioma Eze,August,2024,%Q,Q3
BK01590,2023-01-06,2023-02-14,2023-02-25,11,Executive,116293,20,93034,0,Government,Nestle Nigeria,Direct,Cancelled,British,1,Bank Transfer,Chioma Eze,February,2023,%Q,Q1
BK01591,2024-09-03,2024-09-08,2024-09-15,7,Executive,111722,0,111722,782054,Corporate,Lagos State Government,Travel Agent,Confirmed,Nigerian,2,Cash,Emeka Okonkwo,September,2024,%Q,Q3
BK01592,2023-09-12,2023-11-02,2023-11-10,8,Executive,115322,15,98024,784190,Government,Nestle Nigeria,Direct,Completed,Nigerian,4,Corporate Account,Tunde Adeyemi,November,2023,%Q,Q4
BK01593,2024-03-27,2024-05-02,2024-05-07,5,Presidential,360905,20,288724,1443620,Corporate,NNPC,Corporate Agreement,Completed,Nigerian,1,Bank Transfer,Emeka Okonkwo,May,2024,%Q,Q2
BK01594,2023-11-03,2023-12-16,2023-12-24,8,Deluxe,91220,5,86659,0,Group,Individual Guest,Online Travel Agent,Cancelled,British,3,Bank Transfer,Fatima Bello,December,2023,%Q,Q4
BK01595,2024-01-25,2024-03-23,2024-03-25,2,Executive,114686,20,91749,183498,Corporate,Nestle Nigeria,Online Travel Agent,Completed,Nigerian,1,Cash,Emeka Okonkwo,March,2024,%Q,Q1
BK01596,2023-02-16,2023-03-20,2023-03-21,1,Standard,61733,10,55560,55560,Leisure,Individual Guest,Corporate Agreement,Confirmed,British,3,Cash,Chioma Eze,March,2023,%Q,Q1
BK01597,2023-02-21,2023-03-25,2023-04-07,13,Standard,48733,0,48733,633529,Group,Individual Guest,Travel Agent,Completed,Kenyan,4,Bank Transfer,Amaka Osei,March,2023,%Q,Q1
BK01598,2023-10-03,2023-11-18,2023-11-28,10,Executive,124487,0,124487,1244870,Group,Individual Guest,Walk In,Completed,Kenyan,2,Credit Card,Tunde Adeyemi,November,2023,%Q,Q4
BK01599,2024-07-17,2024-09-10,2024-09-15,5,Standard,59214,10,53293,266463,Leisure,Individual Guest,Direct,Confirmed,Nigerian,4,Corporate Account,Emeka Okonkwo,September,2024,%Q,Q3
BK01600,2024-04-04,2024-05-13,2024-05-18,5,Presidential,344562,0,344562,1722810,Group,Individual Guest,Corporate Agreement,Completed,Ghanaian,2,Credit Card,Amaka Osei,May,2024,%Q,Q2
BK01601,2023-05-24,2023-07-15,2023-07-17,2,Standard,51167,0,51167,102334,MICE,Lafarge Africa,Direct,Completed,Nigerian,2,POS,Direct Booking,July,2023,%Q,Q3
BK01602,2023-10-07,2023-11-05,2023-11-18,13,Deluxe,85531,0,85531,1111903,Leisure,Individual Guest,Walk In,Confirmed,South African,4,Corporate Account,Emeka Okonkwo,November,2023,%Q,Q4
BK01603,2024-03-21,2024-04-05,2024-04-15,10,Deluxe,79661,5,75678,756780,Leisure,Individual Guest,Direct,Completed,Nigerian,4,Corporate Account,Direct Booking,April,2024,%Q,Q2
BK01604,2024-06-30,2024-08-15,2024-08-25,10,Presidential,326224,0,326224,3262240,Corporate,Lagos State Government,Corporate Agreement,Completed,British,2,Corporate Account,Direct Booking,August,2024,%Q,Q3
BK01605,2024-05-28,2024-06-24,2024-06-25,1,Presidential,332798,5,316158,316158,Leisure,Individual Guest,Corporate Agreement,Completed,French,3,Corporate Account,Amaka Osei,June,2024,%Q,Q2
BK01606,2024-12-14,2024-12-15,2024-12-22,7,Deluxe,79437,0,79437,556059,Group,Individual Guest,Online Travel Agent,Completed,Nigerian,4,Cash,Fatima Bello,December,2024,%Q,Q4
BK01607,2023-09-13,2023-10-28,2023-11-09,12,Executive,122319,0,122319,1467828,MICE,Nigerian Ports Authority,Travel Agent,Completed,Kenyan,3,Credit Card,Fatima Bello,October,2023,%Q,Q4
BK01608,2024-11-06,2024-11-14,2024-11-22,8,Deluxe,76536,20,61229,489830,Corporate,Honeywell Group,Online Travel Agent,Confirmed,German,2,Credit Card,Chioma Eze,November,2024,%Q,Q4
BK01609,2023-01-27,2023-02-18,2023-02-19,1,Suite,143399,0,143399,0,Group,Individual Guest,Travel Agent,Cancelled,Nigerian,4,Cash,Amaka Osei,February,2023,%Q,Q1
BK01610,2024-09-17,2024-09-24,2024-09-28,4,Presidential,308745,10,277870,1111482,Leisure,Individual Guest,Travel Agent,Completed,South African,2,Cash,Fatima Bello,September,2024,%Q,Q3
BK01611,2024-09-04,2024-09-10,2024-09-21,11,Standard,59346,10,53411,587525,MICE,Unilever Nigeria,Travel Agent,Completed,British,1,POS,Amaka Osei,September,2024,%Q,Q3
BK01612,2023-03-09,2023-04-18,2023-04-21,3,Standard,51730,20,41384,124152,Government,Chevron Nigeria,Corporate Agreement,Completed,South African,2,Bank Transfer,Emeka Okonkwo,April,2023,%Q,Q2
BK01613,2023-11-17,2024-01-08,2024-01-14,6,Deluxe,74029,10,66626,399757,MICE,Seplat Energy,Travel Agent,Completed,Nigerian,3,Cash,Emeka Okonkwo,January,2024,%Q,Q1
BK01614,2023-06-08,2023-06-25,2023-06-27,2,Suite,166871,0,166871,333742,MICE,Nigerian Ports Authority,Direct,Completed,South African,2,Corporate Account,Fatima Bello,June,2023,%Q,Q2
BK01615,2024-01-17,2024-03-15,2024-03-22,7,Executive,125064,0,125064,875448,Airline Crew,Nigerian Ports Authority,Online Travel Agent,Completed,South African,1,POS,Direct Booking,March,2024,%Q,Q1
BK01616,2023-11-18,2023-12-13,2023-12-19,6,Deluxe,84223,15,71590,429537,Corporate,Conoil,Corporate Agreement,Completed,French,3,POS,Amaka Osei,December,2023,%Q,Q4
BK01617,2024-01-03,2024-02-16,2024-02-27,11,Presidential,329776,5,313287,3446159,Group,Individual Guest,Online Travel Agent,Completed,Ghanaian,2,POS,Fatima Bello,February,2024,%Q,Q1
BK01618,2024-03-19,2024-04-01,2024-04-12,11,Presidential,365905,0,365905,4024955,Group,Individual Guest,Travel Agent,Completed,Nigerian,1,Cash,Tunde Adeyemi,April,2024,%Q,Q2
BK01619,2024-06-10,2024-07-04,2024-07-10,6,Deluxe,87054,0,87054,0,Airline Crew,UBA Group,Online Travel Agent,Cancelled,Nigerian,1,Credit Card,Chioma Eze,July,2024,%Q,Q3
BK01620,2024-06-20,2024-07-06,2024-07-16,10,Deluxe,79959,0,79959,799590,Group,Individual Guest,Direct,Completed,Nigerian,3,Cash,Chioma Eze,July,2024,%Q,Q3
BK01621,2023-01-08,2023-02-18,2023-03-03,13,Standard,59704,10,53734,698537,Corporate,MTN Nigeria,Walk In,Completed,Ghanaian,2,POS,Fatima Bello,February,2023,%Q,Q1
BK01622,2023-09-22,2023-11-03,2023-11-08,5,Presidential,286692,5,272357,1361787,Group,Individual Guest,Direct,Completed,Nigerian,3,Credit Card,Fatima Bello,November,2023,%Q,Q4
BK01623,2023-02-25,2023-04-11,2023-04-14,3,Executive,122004,20,97603,292810,Corporate,Dangote Group,Direct,Completed,Nigerian,4,Cash,Amaka Osei,April,2023,%Q,Q2
BK01624,2024-06-07,2024-07-26,2024-08-04,9,Executive,112281,0,112281,1010529,Leisure,Individual Guest,Walk In,Completed,American,2,Corporate Account,Emeka Okonkwo,July,2024,%Q,Q3
BK01625,2024-05-01,2024-06-01,2024-06-04,3,Executive,103479,0,103479,310437,Airline Crew,Unilever Nigeria,Online Travel Agent,Completed,Nigerian,3,POS,Tunde Adeyemi,June,2024,%Q,Q2
BK01626,2024-08-13,2024-09-08,2024-09-22,14,Standard,48960,0,48960,685440,Leisure,Individual Guest,Online Travel Agent,Completed,Nigerian,3,Cash,Chioma Eze,September,2024,%Q,Q3
BK01627,2024-03-23,2024-05-12,2024-05-13,1,Deluxe,74657,0,74657,74657,MICE,Federal Ministry of Works,Travel Agent,Confirmed,French,4,Credit Card,Tunde Adeyemi,May,2024,%Q,Q2
BK01628,2023-04-14,2023-05-06,2023-05-15,9,Standard,46464,0,46464,418176,Leisure,Individual Guest,Corporate Agreement,Completed,French,2,Corporate Account,Emeka Okonkwo,May,2023,%Q,Q2
BK01629,2024-05-02,2024-05-31,2024-06-11,11,Executive,124430,10,111987,1231857,Corporate,Airtel Nigeria,Corporate Agreement,Confirmed,British,4,Credit Card,Emeka Okonkwo,May,2024,%Q,Q2
BK01630,2024-05-26,2024-07-07,2024-07-08,1,Executive,113178,10,101860,101860,Group,Individual Guest,Corporate Agreement,Completed,British,1,Cash,Direct Booking,July,2024,%Q,Q3
BK01631,2023-02-18,2023-03-29,2023-04-02,4,Presidential,263860,0,263860,1055440,Airline Crew,Julius Berger,Online Travel Agent,Completed,Nigerian,2,POS,Direct Booking,March,2023,%Q,Q1
BK01632,2023-09-26,2023-10-09,2023-10-22,13,Deluxe,93121,0,93121,1210573,MICE,Seplat Energy,Online Travel Agent,Confirmed,Nigerian,4,Bank Transfer,Fatima Bello,October,2023,%Q,Q4
BK01633,2023-12-04,2023-12-15,2023-12-22,7,Executive,96576,0,96576,676032,MICE,Airtel Nigeria,Direct,Completed,Indian,3,Credit Card,Fatima Bello,December,2023,%Q,Q4
BK01634,2023-05-19,2023-07-07,2023-07-12,5,Standard,50053,10,45048,225239,Corporate,Federal Ministry of Works,Direct,Completed,Indian,1,Bank Transfer,Tunde Adeyemi,July,2023,%Q,Q3
BK01635,2024-01-15,2024-02-04,2024-02-06,2,Deluxe,83527,15,70998,141996,Government,Flour Mills Nigeria,Travel Agent,Completed,Nigerian,2,Credit Card,Tunde Adeyemi,February,2024,%Q,Q1
BK01636,2024-05-03,2024-06-04,2024-06-17,13,Executive,102541,10,92287,1199730,Corporate,Airtel Nigeria,Online Travel Agent,Completed,Nigerian,1,Credit Card,Emeka Okonkwo,June,2024,%Q,Q2
BK01637,2024-06-08,2024-07-21,2024-07-31,10,Standard,53071,0,53071,530710,MICE,Nestle Nigeria,Online Travel Agent,Completed,Nigerian,2,POS,Direct Booking,July,2024,%Q,Q3
BK01638,2024-01-08,2024-01-18,2024-01-27,9,Deluxe,87613,0,87613,788517,Airline Crew,Seplat Energy,Travel Agent,Confirmed,Indian,2,Cash,Fatima Bello,January,2024,%Q,Q1
BK01639,2023-02-14,2023-03-03,2023-03-11,8,Presidential,315769,0,315769,2526152,MICE,FAAN,Travel Agent,Completed,Nigerian,1,Cash,Fatima Bello,March,2023,%Q,Q1
BK01640,2024-06-26,2024-06-30,2024-07-10,10,Suite,125879,10,113291,1132911,Leisure,Individual Guest,Direct,Confirmed,British,2,Corporate Account,Chioma Eze,June,2024,%Q,Q2
BK01641,2024-05-11,2024-05-31,2024-06-13,13,Suite,161626,0,161626,2101138,Corporate,Seplat Energy,Corporate Agreement,Completed,Nigerian,3,Corporate Account,Tunde Adeyemi,May,2024,%Q,Q2
BK01642,2024-10-29,2024-12-09,2024-12-12,3,Standard,64948,10,58453,175360,Leisure,Individual Guest,Corporate Agreement,Completed,Nigerian,4,Corporate Account,Direct Booking,December,2024,%Q,Q4
BK01643,2023-01-28,2023-03-25,2023-04-07,13,Standard,62650,5,59518,773728,Corporate,Seplat Energy,Online Travel Agent,Completed,Ghanaian,4,Cash,Fatima Bello,March,2023,%Q,Q1
BK01644,2024-12-07,2024-12-14,2024-12-15,1,Executive,119279,10,107351,107351,Government,Seplat Energy,Corporate Agreement,Confirmed,South African,2,Cash,Direct Booking,December,2024,%Q,Q4
BK01645,2024-09-01,2024-09-20,2024-10-01,11,Deluxe,77676,0,77676,854436,Airline Crew,Nigerian Ports Authority,Online Travel Agent,Confirmed,American,1,Credit Card,Fatima Bello,September,2024,%Q,Q3
BK01646,2024-10-08,2024-10-15,2024-10-22,7,Suite,157296,0,157296,0,Leisure,Individual Guest,Direct,Cancelled,South African,2,POS,Direct Booking,October,2024,%Q,Q4
BK01647,2024-07-09,2024-08-25,2024-08-28,3,Standard,49175,20,39340,118020,Corporate,Guinness Nigeria,Corporate Agreement,Completed,Nigerian,3,Bank Transfer,Direct Booking,August,2024,%Q,Q3
BK01648,2024-02-09,2024-04-09,2024-04-10,1,Executive,98398,5,93478,93478,MICE,Airtel Nigeria,Walk In,Completed,Nigerian,4,POS,Direct Booking,April,2024,%Q,Q2
BK01649,2023-11-19,2024-01-06,2024-01-15,9,Standard,52357,5,49739,447652,Corporate,Federal Ministry of Works,Online Travel Agent,Completed,Nigerian,1,Bank Transfer,Chioma Eze,January,2024,%Q,Q1
BK01650,2024-12-03,2024-12-07,2024-12-14,7,Deluxe,76451,10,68806,481641,Corporate,GTCO,Corporate Agreement,Confirmed,Nigerian,3,Bank Transfer,Emeka Okonkwo,December,2024,%Q,Q4
BK01651,2023-08-12,2023-09-11,2023-09-13,2,Deluxe,81167,0,81167,162334,MICE,Glo Mobile,Direct,Completed,Nigerian,4,POS,Fatima Bello,September,2023,%Q,Q3
BK01652,2024-08-26,2024-10-02,2024-10-10,8,Standard,47802,0,47802,382416,Airline Crew,Conoil,Travel Agent,Completed,American,4,Bank Transfer,Tunde Adeyemi,October,2024,%Q,Q4
BK01653,2023-09-26,2023-11-05,2023-11-15,10,Executive,99311,5,94345,943454,Corporate,Dangote Group,Direct,Completed,Nigerian,4,POS,Amaka Osei,November,2023,%Q,Q4
BK01654,2024-07-25,2024-09-05,2024-09-18,13,Presidential,252780,5,240141,3121833,Leisure,Individual Guest,Online Travel Agent,Completed,British,1,Cash,Amaka Osei,September,2024,%Q,Q3
BK01655,2024-05-07,2024-06-13,2024-06-19,6,Deluxe,73539,10,66185,397111,Corporate,Zenith Bank,Travel Agent,Completed,French,3,POS,Tunde Adeyemi,June,2024,%Q,Q2
BK01656,2024-01-21,2024-03-07,2024-03-15,8,Presidential,366555,10,329900,2639196,Corporate,Nestle Nigeria,Direct,Completed,Nigerian,3,POS,Emeka Okonkwo,March,2024,%Q,Q1
BK01657,2024-07-02,2024-08-20,2024-08-29,9,Deluxe,74830,0,74830,673470,Leisure,Individual Guest,Direct,Completed,Indian,2,POS,Fatima Bello,August,2024,%Q,Q3
BK01658,2023-07-11,2023-09-01,2023-09-10,9,Presidential,264314,5,251098,0,Leisure,Individual Guest,Direct,Cancelled,French,2,Cash,Amaka Osei,September,2023,%Q,Q3
BK01659,2024-11-13,2024-12-12,2024-12-24,12,Presidential,336807,0,336807,4041684,MICE,Glo Mobile,Online Travel Agent,Completed,Nigerian,4,Bank Transfer,Emeka Okonkwo,December,2024,%Q,Q4
BK01660,2023-01-01,2023-01-04,2023-01-15,11,Deluxe,85287,5,81023,0,Group,Individual Guest,Corporate Agreement,No Show,Indian,2,Corporate Account,Chioma Eze,January,2023,%Q,Q1
BK01661,2023-07-08,2023-07-08,2023-07-22,14,Suite,120648,0,120648,1689072,Corporate,Air Peace,Direct,Completed,Nigerian,3,POS,Direct Booking,July,2023,%Q,Q3
BK01662,2023-01-19,2023-01-31,2023-02-04,4,Suite,131412,5,124841,499366,Corporate,Flour Mills Nigeria,Online Travel Agent,Completed,British,1,Credit Card,Tunde Adeyemi,January,2023,%Q,Q1
BK01663,2023-09-25,2023-09-26,2023-09-28,2,Deluxe,82416,0,82416,164832,Group,Individual Guest,Online Travel Agent,Completed,Nigerian,3,Credit Card,Emeka Okonkwo,September,2023,%Q,Q3
BK01664,2024-09-08,2024-11-07,2024-11-10,3,Presidential,363696,20,290957,872870,Government,Zenith Bank,Travel Agent,Confirmed,Nigerian,4,Credit Card,Tunde Adeyemi,November,2024,%Q,Q4
BK01665,2023-12-12,2024-01-19,2024-01-25,6,Executive,111026,10,99923,599540,Government,Julius Berger,Direct,Completed,Nigerian,3,Bank Transfer,Tunde Adeyemi,January,2024,%Q,Q1
BK01666,2024-04-09,2024-06-04,2024-06-14,10,Executive,108712,10,97841,978408,Group,Individual Guest,Travel Agent,Completed,British,4,POS,Tunde Adeyemi,June,2024,%Q,Q2
BK01667,2023-12-17,2024-01-19,2024-01-27,8,Executive,106730,20,85384,683072,Corporate,Nigerian Ports Authority,Online Travel Agent,Completed,Indian,4,Cash,Emeka Okonkwo,January,2024,%Q,Q1
BK01668,2024-10-14,2024-10-27,2024-10-28,1,Deluxe,76651,0,76651,0,Leisure,Individual Guest,Direct,No Show,Nigerian,2,POS,Emeka Okonkwo,October,2024,%Q,Q4
BK01669,2023-09-13,2023-09-18,2023-09-27,9,Deluxe,94629,15,80435,723912,Corporate,Seplat Energy,Direct,Completed,Nigerian,3,POS,Fatima Bello,September,2023,%Q,Q3
BK01670,2024-03-10,2024-04-06,2024-04-14,8,Executive,119085,0,119085,952680,MICE,Airtel Nigeria,Direct,Completed,Nigerian,3,Bank Transfer,Chioma Eze,April,2024,%Q,Q2
BK01671,2023-09-27,2023-10-29,2023-11-12,14,Presidential,393301,10,353971,4955593,Group,Individual Guest,Walk In,Completed,Nigerian,1,Cash,Amaka Osei,October,2023,%Q,Q4
BK01672,2023-07-13,2023-07-25,2023-07-31,6,Suite,136385,0,136385,0,Corporate,FBN Holdings,Corporate Agreement,Cancelled,Nigerian,3,POS,Direct Booking,July,2023,%Q,Q3
BK01673,2023-09-12,2023-11-03,2023-11-08,5,Suite,171323,5,162757,813784,Airline Crew,Lagos State Government,Travel Agent,Completed,Nigerian,2,POS,Direct Booking,November,2023,%Q,Q4
BK01674,2023-07-07,2023-08-22,2023-08-26,4,Deluxe,85546,15,72714,290856,Corporate,Oando PLC,Online Travel Agent,Completed,Ghanaian,4,Credit Card,Chioma Eze,August,2023,%Q,Q3
BK01675,2023-07-06,2023-08-03,2023-08-11,8,Presidential,257891,0,257891,2063128,Leisure,Individual Guest,Direct,Completed,Chinese,3,Corporate Account,Amaka Osei,August,2023,%Q,Q3
BK01676,2023-07-23,2023-08-19,2023-08-26,7,Executive,114637,15,97441,682090,Corporate,Air Peace,Direct,Completed,Nigerian,4,POS,Chioma Eze,August,2023,%Q,Q3
BK01677,2023-07-25,2023-07-29,2023-08-05,7,Presidential,351301,0,351301,2459107,Corporate,Nigerian Breweries,Walk In,Completed,British,2,Bank Transfer,Chioma Eze,July,2023,%Q,Q3
BK01678,2024-11-11,2024-11-22,2024-12-01,9,Standard,64771,0,64771,0,Leisure,Individual Guest,Direct,Cancelled,Indian,2,Credit Card,Chioma Eze,November,2024,%Q,Q4
BK01679,2024-11-02,2024-11-06,2024-11-15,9,Executive,98765,0,98765,888885,Leisure,Individual Guest,Online Travel Agent,Confirmed,French,1,Credit Card,Emeka Okonkwo,November,2024,%Q,Q4
BK01680,2024-06-03,2024-07-03,2024-07-10,7,Standard,57746,10,51971,363800,Airline Crew,Lafarge Africa,Direct,Confirmed,Nigerian,2,Corporate Account,Direct Booking,July,2024,%Q,Q3
BK01681,2024-07-05,2024-08-11,2024-08-16,5,Deluxe,86465,10,77818,389092,Group,Individual Guest,Direct,Completed,German,4,Bank Transfer,Emeka Okonkwo,August,2024,%Q,Q3
BK01682,2023-08-20,2023-09-10,2023-09-19,9,Presidential,378701,5,359766,3237894,Leisure,Individual Guest,Corporate Agreement,Completed,Nigerian,3,Cash,Emeka Okonkwo,September,2023,%Q,Q3
BK01683,2024-07-30,2024-09-19,2024-10-03,14,Deluxe,83600,0,83600,1170400,Corporate,NNPC,Walk In,Completed,Nigerian,4,Bank Transfer,Fatima Bello,September,2024,%Q,Q3
BK01684,2023-08-24,2023-09-03,2023-09-17,14,Suite,177839,5,168947,2365259,Group,Individual Guest,Walk In,Completed,American,4,Credit Card,Direct Booking,September,2023,%Q,Q3
BK01685,2024-06-27,2024-07-20,2024-07-22,2,Standard,48447,5,46025,92049,Leisure,Individual Guest,Online Travel Agent,Completed,Nigerian,1,POS,Tunde Adeyemi,July,2024,%Q,Q3
BK01686,2023-01-01,2023-01-28,2023-01-30,2,Executive,119979,15,101982,203964,Corporate,Lagos State Government,Online Travel Agent,Completed,Nigerian,3,Credit Card,Amaka Osei,January,2023,%Q,Q1
BK01687,2024-05-07,2024-05-11,2024-05-19,8,Standard,62970,0,62970,503760,Group,Individual Guest,Online Travel Agent,Completed,Nigerian,2,Credit Card,Chioma Eze,May,2024,%Q,Q2
BK01688,2024-09-02,2024-09-13,2024-09-15,2,Suite,128136,5,121729,243458,Leisure,Individual Guest,Direct,Completed,South African,2,Cash,Direct Booking,September,2024,%Q,Q3
BK01689,2023-12-20,2024-01-02,2024-01-05,3,Standard,62442,10,56198,168593,Corporate,Dangote Group,Travel Agent,Completed,British,4,Bank Transfer,Direct Booking,January,2024,%Q,Q1
BK01690,2024-02-21,2024-03-30,2024-03-31,1,Standard,46594,0,46594,46594,MICE,Julius Berger,Online Travel Agent,Completed,Nigerian,4,Bank Transfer,Amaka Osei,March,2024,%Q,Q1
BK01691,2023-01-01,2023-01-15,2023-01-21,6,Deluxe,92280,0,92280,0,Group,Individual Guest,Travel Agent,Cancelled,Ghanaian,2,Credit Card,Direct Booking,January,2023,%Q,Q1
BK01692,2024-02-24,2024-03-01,2024-03-10,9,Suite,141147,0,141147,0,Leisure,Individual Guest,Direct,Cancelled,Nigerian,2,Bank Transfer,Emeka Okonkwo,March,2024,%Q,Q1
BK01693,2023-03-30,2023-04-19,2023-04-25,6,Deluxe,70491,0,70491,422946,Leisure,Individual Guest,Online Travel Agent,Completed,Nigerian,3,Cash,Amaka Osei,April,2023,%Q,Q2
BK01694,2023-02-12,2023-03-10,2023-03-14,4,Suite,170301,0,170301,681204,Leisure,Individual Guest,Direct,Completed,Nigerian,3,Credit Card,Fatima Bello,March,2023,%Q,Q1
BK01695,2024-07-28,2024-09-06,2024-09-12,6,Executive,103711,15,88154,528926,Corporate,Airtel Nigeria,Corporate Agreement,Completed,Nigerian,4,POS,Amaka Osei,September,2024,%Q,Q3
BK01696,2024-04-21,2024-06-07,2024-06-18,11,Deluxe,86496,5,82171,903883,Leisure,Individual Guest,Direct,Completed,British,2,Cash,Amaka Osei,June,2024,%Q,Q2
BK01697,2023-09-02,2023-09-07,2023-09-17,10,Standard,49507,0,49507,495070,Leisure,Individual Guest,Direct,Completed,Nigerian,4,Credit Card,Amaka Osei,September,2023,%Q,Q3
BK01698,2023-04-28,2023-05-18,2023-05-23,5,Standard,62067,0,62067,310335,MICE,Federal Ministry of Works,Direct,Completed,Nigerian,3,Cash,Direct Booking,May,2023,%Q,Q2
BK01699,2023-07-27,2023-07-30,2023-08-08,9,Deluxe,92523,0,92523,0,Group,Individual Guest,Travel Agent,Cancelled,Nigerian,1,Corporate Account,Tunde Adeyemi,July,2023,%Q,Q3
BK01700,2024-05-06,2024-05-18,2024-05-20,2,Standard,49637,15,42191,84383,Government,Nestle Nigeria,Corporate Agreement,Confirmed,Ghanaian,1,Credit Card,Tunde Adeyemi,May,2024,%Q,Q2
BK01701,2024-04-13,2024-04-23,2024-04-28,5,Deluxe,78025,5,74124,370619,Leisure,Individual Guest,Online Travel Agent,Completed,British,3,Credit Card,Direct Booking,April,2024,%Q,Q2
BK01702,2023-02-26,2023-03-23,2023-03-29,6,Executive,105994,5,100694,604166,Leisure,Individual Guest,Corporate Agreement,Completed,Nigerian,1,Corporate Account,Tunde Adeyemi,March,2023,%Q,Q1
BK01703,2024-03-08,2024-03-13,2024-03-27,14,Suite,159005,5,151055,2114766,Leisure,Individual Guest,Direct,Completed,Nigerian,3,Corporate Account,Chioma Eze,March,2024,%Q,Q1
BK01704,2024-06-29,2024-07-29,2024-08-08,10,Standard,55919,15,47531,0,Corporate,Transcorp Hotels,Walk In,Cancelled,Nigerian,4,Cash,Fatima Bello,July,2024,%Q,Q3
BK01705,2024-01-14,2024-03-01,2024-03-08,7,Suite,145168,10,130651,914558,Leisure,Individual Guest,Corporate Agreement,Completed,Nigerian,4,Bank Transfer,Amaka Osei,March,2024,%Q,Q1
BK01706,2023-04-29,2023-06-16,2023-06-20,4,Executive,111728,5,106142,424566,MICE,9mobile,Online Travel Agent,Completed,American,4,Bank Transfer,Direct Booking,June,2023,%Q,Q2
BK01707,2023-08-11,2023-09-10,2023-09-14,4,Standard,56842,0,56842,227368,Group,Individual Guest,Corporate Agreement,Completed,British,4,POS,Chioma Eze,September,2023,%Q,Q3
BK01708,2023-08-11,2023-09-18,2023-09-22,4,Presidential,292317,15,248469,993878,Corporate,Access Bank,Walk In,Completed,Nigerian,2,Bank Transfer,Fatima Bello,September,2023,%Q,Q3
BK01709,2023-05-23,2023-06-19,2023-07-03,14,Suite,165340,20,132272,1851808,Corporate,FAAN,Corporate Agreement,Completed,South African,1,Bank Transfer,Direct Booking,June,2023,%Q,Q2
BK01710,2023-12-10,2023-12-19,2024-01-02,14,Suite,169068,0,169068,2366952,Corporate,Lagos State Government,Direct,Completed,Nigerian,1,Bank Transfer,Emeka Okonkwo,December,2023,%Q,Q4
BK01711,2024-11-11,2024-12-14,2024-12-21,7,Executive,113896,10,102506,0,Group,Individual Guest,Online Travel Agent,Cancelled,American,2,Corporate Account,Tunde Adeyemi,December,2024,%Q,Q4
BK01712,2023-03-18,2023-04-23,2023-05-01,8,Deluxe,76082,5,72278,578223,Corporate,Total Energies,Direct,Completed,German,1,Corporate Account,Emeka Okonkwo,April,2023,%Q,Q2
BK01713,2023-03-18,2023-03-23,2023-03-28,5,Executive,103171,10,92854,464270,Corporate,Glo Mobile,Direct,Confirmed,Nigerian,1,Bank Transfer,Amaka Osei,March,2023,%Q,Q1
BK01714,2023-01-01,2023-01-08,2023-01-19,11,Standard,48173,10,43356,476913,Corporate,MTN Nigeria,Online Travel Agent,Completed,Indian,4,Corporate Account,Chioma Eze,January,2023,%Q,Q1
BK01715,2024-08-20,2024-09-10,2024-09-17,7,Suite,164686,15,139983,979882,Government,Airtel Nigeria,Walk In,Completed,American,1,POS,Emeka Okonkwo,September,2024,%Q,Q3
BK01716,2023-11-29,2023-12-05,2023-12-18,13,Standard,59972,20,47978,623709,Government,Lagos State Government,Travel Agent,Completed,Nigerian,3,Bank Transfer,Fatima Bello,December,2023,%Q,Q4
BK01717,2023-08-15,2023-09-12,2023-09-18,6,Presidential,374570,0,374570,2247420,Leisure,Individual Guest,Direct,Completed,British,3,Bank Transfer,Chioma Eze,September,2023,%Q,Q3
BK01718,2023-11-02,2023-11-30,2023-12-11,11,Deluxe,89882,0,89882,988702,Leisure,Individual Guest,Travel Agent,Completed,Nigerian,4,Bank Transfer,Emeka Okonkwo,November,2023,%Q,Q4
BK01719,2024-07-30,2024-09-13,2024-09-17,4,Deluxe,87041,10,78337,313348,Government,Conoil,Travel Agent,Confirmed,Nigerian,4,POS,Direct Booking,September,2024,%Q,Q3
BK01720,2024-03-02,2024-04-01,2024-04-03,2,Presidential,313150,10,281835,563670,Corporate,Chevron Nigeria,Corporate Agreement,Completed,Nigerian,2,Bank Transfer,Emeka Okonkwo,April,2024,%Q,Q2
BK01721,2024-01-11,2024-01-28,2024-02-10,13,Deluxe,93565,10,84208,1094710,Corporate,Transcorp Hotels,Corporate Agreement,Completed,American,1,Corporate Account,Fatima Bello,January,2024,%Q,Q1
BK01722,2023-06-30,2023-08-18,2023-08-28,10,Presidential,266952,0,266952,2669520,Group,Individual Guest,Corporate Agreement,Completed,South African,4,POS,Emeka Okonkwo,August,2023,%Q,Q3
BK01723,2023-08-10,2023-08-17,2023-08-22,5,Suite,125746,5,119459,597294,Corporate,Glo Mobile,Walk In,Completed,South African,3,POS,Amaka Osei,August,2023,%Q,Q3
BK01724,2023-10-12,2023-11-17,2023-11-24,7,Standard,55184,0,55184,386288,Corporate,Julius Berger,Walk In,Completed,Nigerian,2,Credit Card,Chioma Eze,November,2023,%Q,Q4
BK01725,2024-01-06,2024-02-09,2024-02-10,1,Executive,115704,0,115704,115704,Corporate,UBA Group,Online Travel Agent,Completed,Nigerian,2,Cash,Fatima Bello,February,2024,%Q,Q1
BK01726,2024-08-17,2024-09-05,2024-09-11,6,Presidential,282365,5,268247,1609480,Corporate,Transcorp Hotels,Direct,Completed,Nigerian,3,Bank Transfer,Emeka Okonkwo,September,2024,%Q,Q3
BK01727,2023-06-19,2023-08-04,2023-08-18,14,Deluxe,92950,0,92950,1301300,Group,Individual Guest,Travel Agent,Completed,Kenyan,3,Corporate Account,Direct Booking,August,2023,%Q,Q3
BK01728,2023-01-01,2023-01-23,2023-02-01,9,Suite,147684,0,147684,1329156,Group,Individual Guest,Travel Agent,Completed,Nigerian,3,Cash,Fatima Bello,January,2023,%Q,Q1
BK01729,2024-11-13,2024-12-18,2025-01-01,14,Executive,101377,15,86170,1206386,Corporate,Dangote Group,Corporate Agreement,Completed,Nigerian,2,POS,Tunde Adeyemi,December,2024,%Q,Q4
BK01730,2024-11-25,2024-12-13,2024-12-21,8,Deluxe,76873,15,65342,522736,Corporate,Julius Berger,Direct,Completed,American,2,Bank Transfer,Fatima Bello,December,2024,%Q,Q4
BK01731,2024-01-20,2024-03-13,2024-03-24,11,Deluxe,71845,5,68253,0,Corporate,Transcorp Hotels,Direct,Cancelled,German,4,Cash,Direct Booking,March,2024,%Q,Q1
BK01732,2024-09-09,2024-10-04,2024-10-16,12,Deluxe,71113,15,60446,725353,Corporate,Lagos State Government,Corporate Agreement,Completed,Indian,1,Corporate Account,Direct Booking,October,2024,%Q,Q4
BK01733,2024-10-10,2024-10-27,2024-11-03,7,Executive,119072,20,95258,666803,Corporate,Unilever Nigeria,Online Travel Agent,Confirmed,American,1,Credit Card,Fatima Bello,October,2024,%Q,Q4
BK01734,2024-07-10,2024-08-09,2024-08-19,10,Suite,165464,10,148918,1489176,Group,Individual Guest,Direct,Completed,Nigerian,3,Corporate Account,Direct Booking,August,2024,%Q,Q3
BK01735,2023-04-19,2023-05-09,2023-05-11,2,Standard,62613,20,50090,100181,Corporate,Air Peace,Travel Agent,Completed,South African,1,Corporate Account,Fatima Bello,May,2023,%Q,Q2
BK01736,2024-07-07,2024-08-21,2024-08-30,9,Standard,51798,0,51798,0,Airline Crew,Unilever Nigeria,Corporate Agreement,Cancelled,Nigerian,3,Corporate Account,Fatima Bello,August,2024,%Q,Q3
BK01737,2023-01-05,2023-02-10,2023-02-13,3,Deluxe,91385,20,73108,219324,Corporate,Flour Mills Nigeria,Direct,Completed,Indian,3,Cash,Fatima Bello,February,2023,%Q,Q1
BK01738,2023-04-26,2023-06-25,2023-07-02,7,Standard,53137,20,42510,297567,Corporate,UBA Group,Online Travel Agent,Completed,British,3,Cash,Direct Booking,June,2023,%Q,Q2
BK01739,2024-06-22,2024-07-05,2024-07-14,9,Standard,46465,20,37172,334548,Corporate,Julius Berger,Travel Agent,Confirmed,Nigerian,2,POS,Tunde Adeyemi,July,2024,%Q,Q3
BK01740,2023-12-26,2024-01-03,2024-01-08,5,Presidential,360628,15,306534,1532669,Corporate,Flour Mills Nigeria,Corporate Agreement,Completed,Nigerian,3,Bank Transfer,Emeka Okonkwo,January,2024,%Q,Q1
BK01741,2024-11-08,2024-12-12,2024-12-15,3,Deluxe,72312,5,68696,206089,Group,Individual Guest,Corporate Agreement,Completed,British,2,Cash,Direct Booking,December,2024,%Q,Q4
BK01742,2023-04-18,2023-06-07,2023-06-13,6,Executive,119834,10,107851,647104,Corporate,PZ Cussons,Direct,Confirmed,Nigerian,1,Corporate Account,Fatima Bello,June,2023,%Q,Q2
BK01743,2024-09-24,2024-10-17,2024-10-19,2,Suite,170991,0,170991,341982,Corporate,Guinness Nigeria,Direct,Completed,Indian,1,Corporate Account,Tunde Adeyemi,October,2024,%Q,Q4
BK01744,2023-05-14,2023-06-29,2023-07-08,9,Suite,158589,10,142730,1284571,MICE,Honeywell Group,Online Travel Agent,Confirmed,British,3,POS,Chioma Eze,June,2023,%Q,Q2
BK01745,2023-04-02,2023-04-12,2023-04-13,1,Suite,169274,5,160810,160810,Leisure,Individual Guest,Corporate Agreement,Completed,Indian,4,POS,Fatima Bello,April,2023,%Q,Q2
BK01746,2024-08-13,2024-08-29,2024-09-01,3,Standard,61828,0,61828,185484,Group,Individual Guest,Direct,Completed,British,3,Bank Transfer,Chioma Eze,August,2024,%Q,Q3
BK01747,2024-10-30,2024-11-25,2024-12-05,10,Executive,106999,0,106999,1069990,Leisure,Individual Guest,Online Travel Agent,Completed,Nigerian,2,POS,Emeka Okonkwo,November,2024,%Q,Q4
BK01748,2024-10-07,2024-10-12,2024-10-26,14,Suite,146641,0,146641,2052974,MICE,Access Bank,Direct,Completed,Nigerian,1,Credit Card,Amaka Osei,October,2024,%Q,Q4
BK01749,2023-08-22,2023-10-20,2023-10-29,9,Executive,95700,5,90915,818235,Airline Crew,NNPC,Walk In,Completed,Nigerian,1,POS,Emeka Okonkwo,October,2023,%Q,Q4
BK01750,2023-01-03,2023-01-15,2023-01-25,10,Standard,58925,10,53032,530325,Group,Individual Guest,Direct,Completed,South African,1,POS,Fatima Bello,January,2023,%Q,Q1
BK01751,2024-02-21,2024-04-04,2024-04-07,3,Presidential,309000,5,293550,880650,Corporate,Nigerian Ports Authority,Online Travel Agent,Completed,Indian,4,Corporate Account,Emeka Okonkwo,April,2024,%Q,Q2
BK01752,2023-12-28,2024-01-18,2024-01-20,2,Deluxe,87665,0,87665,175330,MICE,Unilever Nigeria,Online Travel Agent,Completed,Nigerian,4,POS,Amaka Osei,January,2024,%Q,Q1
BK01753,2023-10-08,2023-11-09,2023-11-20,11,Standard,60173,10,54156,595713,Government,Honeywell Group,Direct,Confirmed,Nigerian,1,Cash,Chioma Eze,November,2023,%Q,Q4
BK01754,2023-12-14,2023-12-25,2024-01-06,12,Executive,118234,15,100499,1205987,Corporate,NNPC,Direct,Completed,Nigerian,1,Corporate Account,Tunde Adeyemi,December,2023,%Q,Q4
BK01755,2023-01-01,2023-01-08,2023-01-11,3,Suite,134817,5,128076,384228,Leisure,Individual Guest,Online Travel Agent,Completed,French,1,Cash,Fatima Bello,January,2023,%Q,Q1
BK01756,2024-10-06,2024-11-03,2024-11-17,14,Deluxe,74583,0,74583,1044162,Leisure,Individual Guest,Online Travel Agent,Completed,Kenyan,2,Bank Transfer,Tunde Adeyemi,November,2024,%Q,Q4
BK01757,2023-01-17,2023-02-11,2023-02-14,3,Executive,116706,15,99200,297600,Government,Chevron Nigeria,Walk In,Completed,Indian,4,Bank Transfer,Chioma Eze,February,2023,%Q,Q1
BK01758,2024-05-27,2024-07-17,2024-07-25,8,Deluxe,80645,0,80645,645160,MICE,Lagos State Government,Walk In,Completed,Kenyan,1,Credit Card,Emeka Okonkwo,July,2024,%Q,Q3
BK01759,2023-01-13,2023-01-22,2023-01-25,3,Suite,152768,15,129853,389558,Corporate,PZ Cussons,Travel Agent,Confirmed,Nigerian,4,Bank Transfer,Fatima Bello,January,2023,%Q,Q1
BK01760,2023-09-23,2023-10-24,2023-10-29,5,Standard,59055,15,50197,250984,Corporate,Shell Nigeria,Direct,Completed,Nigerian,2,Cash,Amaka Osei,October,2023,%Q,Q4
BK01761,2023-06-08,2023-07-23,2023-07-31,8,Standard,61460,0,61460,0,Group,Individual Guest,Travel Agent,Cancelled,British,1,Credit Card,Tunde Adeyemi,July,2023,%Q,Q3
BK01762,2024-01-29,2024-02-15,2024-02-16,1,Deluxe,74790,0,74790,74790,Leisure,Individual Guest,Direct,Completed,Nigerian,3,POS,Emeka Okonkwo,February,2024,%Q,Q1
BK01763,2023-07-20,2023-08-16,2023-08-22,6,Executive,99020,0,99020,594120,Leisure,Individual Guest,Online Travel Agent,Completed,Nigerian,4,Cash,Chioma Eze,August,2023,%Q,Q3
BK01764,2023-11-13,2023-11-24,2023-11-25,1,Standard,45017,10,40515,0,Corporate,Airtel Nigeria,Online Travel Agent,Cancelled,French,2,Corporate Account,Amaka Osei,November,2023,%Q,Q4
BK01765,2024-04-27,2024-05-18,2024-05-24,6,Suite,127309,5,120944,725661,Corporate,MTN Nigeria,Travel Agent,Completed,Nigerian,3,Cash,Chioma Eze,May,2024,%Q,Q2
BK01766,2024-10-14,2024-10-27,2024-11-01,5,Presidential,350676,15,298075,1490373,Corporate,Nigerian Breweries,Corporate Agreement,Confirmed,Nigerian,2,Credit Card,Fatima Bello,October,2024,%Q,Q4
BK01767,2023-02-11,2023-04-12,2023-04-14,2,Presidential,339888,15,288905,577810,Corporate,Transcorp Hotels,Direct,Completed,American,2,Credit Card,Amaka Osei,April,2023,%Q,Q2
BK01768,2024-07-01,2024-07-17,2024-07-29,12,Presidential,341052,10,306947,3683362,Government,Seplat Energy,Direct,Completed,Nigerian,1,Corporate Account,Emeka Okonkwo,July,2024,%Q,Q3
BK01769,2024-07-23,2024-09-05,2024-09-10,5,Deluxe,79491,5,75516,377582,Corporate,Dangote Group,Corporate Agreement,Completed,South African,1,Corporate Account,Emeka Okonkwo,September,2024,%Q,Q3
BK01770,2024-02-21,2024-03-24,2024-04-06,13,Executive,120575,10,108518,1410728,Leisure,Individual Guest,Direct,Completed,Nigerian,1,POS,Tunde Adeyemi,March,2024,%Q,Q1
BK01771,2024-02-26,2024-04-11,2024-04-20,9,Presidential,317851,10,286066,2574593,Corporate,Guinness Nigeria,Direct,Completed,Nigerian,2,Bank Transfer,Tunde Adeyemi,April,2024,%Q,Q2
BK01772,2023-02-01,2023-02-10,2023-02-21,11,Suite,128714,10,115843,1274269,Corporate,Dangote Group,Direct,Completed,Ghanaian,1,Bank Transfer,Fatima Bello,February,2023,%Q,Q1
BK01773,2024-09-16,2024-10-09,2024-10-19,10,Suite,125455,15,106637,1066368,Government,Flour Mills Nigeria,Online Travel Agent,Completed,British,1,Bank Transfer,Chioma Eze,October,2024,%Q,Q4
BK01774,2023-07-27,2023-08-13,2023-08-25,12,Deluxe,78388,5,74469,893623,Airline Crew,Nigerian Breweries,Corporate Agreement,Completed,Chinese,2,POS,Chioma Eze,August,2023,%Q,Q3
BK01775,2023-07-28,2023-08-14,2023-08-20,6,Deluxe,89059,0,89059,534354,Group,Individual Guest,Online Travel Agent,Completed,Nigerian,3,Corporate Account,Direct Booking,August,2023,%Q,Q3
BK01776,2024-04-04,2024-05-05,2024-05-07,2,Deluxe,85053,10,76548,0,Corporate,Total Energies,Online Travel Agent,Cancelled,American,1,Cash,Direct Booking,May,2024,%Q,Q2
BK01777,2023-04-25,2023-06-16,2023-06-19,3,Executive,107310,0,107310,321930,Corporate,Zenith Bank,Online Travel Agent,Completed,British,2,Bank Transfer,Emeka Okonkwo,June,2023,%Q,Q2
BK01778,2024-08-16,2024-09-09,2024-09-11,2,Executive,96357,5,91539,183078,Corporate,MTN Nigeria,Corporate Agreement,Completed,Nigerian,3,Bank Transfer,Tunde Adeyemi,September,2024,%Q,Q3
BK01779,2024-10-04,2024-10-04,2024-10-14,10,Standard,48484,0,48484,484840,Leisure,Individual Guest,Travel Agent,Completed,Nigerian,4,Corporate Account,Tunde Adeyemi,October,2024,%Q,Q4
BK01780,2023-10-12,2023-11-11,2023-11-17,6,Deluxe,77989,0,77989,467934,Corporate,FBN Holdings,Direct,Completed,Ghanaian,3,POS,Amaka Osei,November,2023,%Q,Q4
BK01781,2024-05-12,2024-06-07,2024-06-21,14,Deluxe,70039,20,56031,0,Government,Air Peace,Online Travel Agent,Cancelled,Nigerian,4,Credit Card,Chioma Eze,June,2024,%Q,Q2
BK01782,2023-04-16,2023-04-26,2023-05-04,8,Standard,52357,5,49739,397913,Corporate,UBA Group,Corporate Agreement,Completed,Nigerian,2,Bank Transfer,Amaka Osei,April,2023,%Q,Q2
BK01783,2024-02-22,2024-03-14,2024-03-23,9,Presidential,297543,0,297543,0,Group,Individual Guest,Corporate Agreement,Cancelled,Nigerian,1,Cash,Chioma Eze,March,2024,%Q,Q1
BK01784,2024-05-03,2024-05-26,2024-06-06,11,Suite,173131,10,155818,1713997,Government,Zenith Bank,Travel Agent,Completed,Indian,3,Credit Card,Direct Booking,May,2024,%Q,Q2
BK01785,2023-12-20,2024-02-04,2024-02-12,8,Executive,99411,10,89470,715759,Corporate,NNPC,Direct,Completed,Nigerian,4,Credit Card,Tunde Adeyemi,February,2024,%Q,Q1
BK01786,2023-10-27,2023-11-23,2023-12-01,8,Executive,122128,10,109915,879322,Group,Individual Guest,Direct,Completed,Chinese,4,Corporate Account,Tunde Adeyemi,November,2023,%Q,Q4
BK01787,2024-04-20,2024-05-24,2024-06-02,9,Executive,129896,0,129896,0,Leisure,Individual Guest,Direct,No Show,American,2,POS,Fatima Bello,May,2024,%Q,Q2
BK01788,2023-08-29,2023-08-29,2023-09-04,6,Deluxe,70562,0,70562,423372,Leisure,Individual Guest,Direct,Completed,Nigerian,2,Cash,Chioma Eze,August,2023,%Q,Q3
BK01789,2024-02-23,2024-04-16,2024-04-19,3,Presidential,360382,0,360382,1081146,Corporate,Guinness Nigeria,Direct,Confirmed,Indian,4,Credit Card,Direct Booking,April,2024,%Q,Q2
BK01790,2024-11-20,2024-12-13,2024-12-20,7,Standard,48473,0,48473,339311,Group,Individual Guest,Travel Agent,Confirmed,Kenyan,3,Credit Card,Amaka Osei,December,2024,%Q,Q4
BK01791,2023-03-18,2023-03-22,2023-03-26,4,Standard,63650,5,60468,241870,MICE,Federal Ministry of Works,Direct,Confirmed,South African,3,POS,Direct Booking,March,2023,%Q,Q1
BK01792,2024-02-05,2024-02-26,2024-03-09,12,Executive,95865,0,95865,1150380,Corporate,Shell Nigeria,Corporate Agreement,Confirmed,British,2,POS,Tunde Adeyemi,February,2024,%Q,Q1
BK01793,2024-01-14,2024-02-10,2024-02-24,14,Executive,111911,10,100720,1410079,Government,GTCO,Online Travel Agent,Completed,Nigerian,4,POS,Amaka Osei,February,2024,%Q,Q1
BK01794,2023-06-27,2023-08-05,2023-08-12,7,Standard,52173,0,52173,365211,Leisure,Individual Guest,Walk In,Completed,British,4,Corporate Account,Amaka Osei,August,2023,%Q,Q3
BK01795,2024-10-05,2024-10-30,2024-11-10,11,Executive,105801,0,105801,1163811,Corporate,Nigerian Ports Authority,Direct,Completed,Nigerian,3,Cash,Amaka Osei,October,2024,%Q,Q4
BK01796,2023-08-24,2023-09-03,2023-09-08,5,Presidential,277909,10,250118,1250590,Corporate,MTN Nigeria,Online Travel Agent,Completed,British,2,Bank Transfer,Direct Booking,September,2023,%Q,Q3
BK01797,2023-02-21,2023-03-29,2023-04-08,10,Standard,63472,5,60298,602984,Airline Crew,Transcorp Hotels,Online Travel Agent,Confirmed,Chinese,3,Cash,Amaka Osei,March,2023,%Q,Q1
BK01798,2024-05-07,2024-05-27,2024-05-31,4,Executive,118320,10,106488,425952,Airline Crew,Nigerian Breweries,Travel Agent,Completed,Nigerian,1,Credit Card,Fatima Bello,May,2024,%Q,Q2
BK01799,2023-12-21,2024-01-27,2024-02-04,8,Standard,54506,5,51781,414246,Corporate,Oando PLC,Corporate Agreement,Confirmed,Indian,2,Credit Card,Tunde Adeyemi,January,2024,%Q,Q1
BK01800,2024-04-12,2024-05-28,2024-06-06,9,Presidential,387176,20,309741,2787667,Government,Glo Mobile,Direct,Completed,Nigerian,1,Corporate Account,Fatima Bello,May,2024,%Q,Q2
BK01801,2024-11-15,2024-11-30,2024-12-07,7,Deluxe,90001,0,90001,630007,Group,Individual Guest,Corporate Agreement,Completed,German,2,Bank Transfer,Amaka Osei,November,2024,%Q,Q4
BK01802,2024-05-24,2024-07-14,2024-07-28,14,Standard,61348,0,61348,0,Corporate,Airtel Nigeria,Direct,Cancelled,Nigerian,3,Cash,Fatima Bello,July,2024,%Q,Q3
BK01803,2023-01-28,2023-03-14,2023-03-17,3,Executive,111904,0,111904,335712,Airline Crew,Flour Mills Nigeria,Online Travel Agent,Completed,Chinese,4,POS,Amaka Osei,March,2023,%Q,Q1
BK01804,2023-12-21,2024-01-08,2024-01-22,14,Executive,121806,5,115716,1620020,MICE,Nestle Nigeria,Online Travel Agent,Completed,British,1,Cash,Chioma Eze,January,2024,%Q,Q1
BK01805,2024-05-17,2024-06-02,2024-06-10,8,Standard,46869,0,46869,0,Group,Individual Guest,Travel Agent,No Show,Nigerian,4,Cash,Amaka Osei,June,2024,%Q,Q2
BK01806,2024-06-13,2024-08-06,2024-08-13,7,Standard,52308,0,52308,366156,Leisure,Individual Guest,Direct,Completed,Nigerian,4,POS,Direct Booking,August,2024,%Q,Q3
BK01807,2023-02-11,2023-03-29,2023-04-01,3,Standard,58007,5,55107,165320,MICE,Julius Berger,Direct,Completed,Nigerian,2,Corporate Account,Fatima Bello,March,2023,%Q,Q1
BK01808,2023-03-30,2023-04-28,2023-05-03,5,Standard,62861,10,56575,282874,Corporate,Transcorp Hotels,Direct,Confirmed,British,1,Corporate Account,Fatima Bello,April,2023,%Q,Q2
BK01809,2024-03-03,2024-03-16,2024-03-24,8,Standard,51930,0,51930,415440,MICE,NNPC,Corporate Agreement,Completed,Nigerian,4,Cash,Amaka Osei,March,2024,%Q,Q1
BK01810,2023-09-18,2023-11-02,2023-11-16,14,Executive,122506,0,122506,1715084,Leisure,Individual Guest,Direct,Completed,Ghanaian,3,Corporate Account,Amaka Osei,November,2023,%Q,Q4
BK01811,2023-05-27,2023-06-18,2023-06-22,4,Executive,126563,0,126563,506252,Leisure,Individual Guest,Direct,Completed,American,4,POS,Chioma Eze,June,2023,%Q,Q2
BK01812,2024-06-01,2024-07-28,2024-08-10,13,Presidential,302051,5,286948,3730330,Corporate,Shell Nigeria,Walk In,Completed,Chinese,1,Cash,Direct Booking,July,2024,%Q,Q3
BK01813,2024-03-14,2024-04-14,2024-04-17,3,Suite,127445,0,127445,382335,MICE,Federal Ministry of Works,Corporate Agreement,Completed,German,1,Corporate Account,Tunde Adeyemi,April,2024,%Q,Q2
BK01814,2023-07-31,2023-08-12,2023-08-24,12,Executive,105885,0,105885,0,Group,Individual Guest,Direct,Cancelled,Nigerian,1,POS,Direct Booking,August,2023,%Q,Q3
BK01815,2023-12-20,2024-01-08,2024-01-09,1,Suite,152904,10,137614,137614,MICE,Unilever Nigeria,Corporate Agreement,Completed,Nigerian,3,Cash,Emeka Okonkwo,January,2024,%Q,Q1
BK01816,2024-01-24,2024-03-12,2024-03-21,9,Suite,127430,15,108316,974840,Government,Oando PLC,Direct,Completed,British,4,Corporate Account,Fatima Bello,March,2024,%Q,Q1
BK01817,2024-09-24,2024-11-06,2024-11-18,12,Executive,113562,0,113562,1362744,Group,Individual Guest,Walk In,Completed,Nigerian,1,Bank Transfer,Amaka Osei,November,2024,%Q,Q4
BK01818,2024-09-17,2024-09-23,2024-09-30,7,Executive,101534,5,96457,675201,Group,Individual Guest,Travel Agent,Completed,American,2,Credit Card,Emeka Okonkwo,September,2024,%Q,Q3
BK01819,2024-07-11,2024-07-18,2024-07-25,7,Deluxe,85387,0,85387,597709,Airline Crew,9mobile,Walk In,Completed,Nigerian,1,Corporate Account,Direct Booking,July,2024,%Q,Q3
BK01820,2023-07-31,2023-08-18,2023-08-27,9,Suite,177645,5,168763,1518865,Group,Individual Guest,Walk In,Completed,French,1,Credit Card,Direct Booking,August,2023,%Q,Q3
BK01821,2023-02-02,2023-02-03,2023-02-04,1,Deluxe,82268,0,82268,82268,MICE,Airtel Nigeria,Walk In,Completed,German,4,POS,Tunde Adeyemi,February,2023,%Q,Q1
BK01822,2024-08-29,2024-09-23,2024-10-04,11,Standard,63935,5,60738,668121,Leisure,Individual Guest,Online Travel Agent,Completed,American,2,Cash,Emeka Okonkwo,September,2024,%Q,Q3
BK01823,2023-07-11,2023-08-25,2023-08-27,2,Deluxe,86523,5,82197,164394,Corporate,Lagos State Government,Corporate Agreement,Completed,Nigerian,3,Credit Card,Fatima Bello,August,2023,%Q,Q3
BK01824,2023-04-05,2023-04-06,2023-04-08,2,Executive,95756,0,95756,191512,Group,Individual Guest,Direct,Completed,American,4,POS,Amaka Osei,April,2023,%Q,Q2
BK01825,2023-04-04,2023-05-14,2023-05-22,8,Suite,132226,10,119003,952027,Corporate,Guinness Nigeria,Online Travel Agent,Completed,Nigerian,1,Cash,Emeka Okonkwo,May,2023,%Q,Q2
BK01826,2023-02-14,2023-03-26,2023-03-29,3,Standard,63984,0,63984,191952,MICE,Unilever Nigeria,Corporate Agreement,Completed,Nigerian,2,Cash,Chioma Eze,March,2023,%Q,Q1
BK01827,2023-01-26,2023-03-21,2023-03-29,8,Suite,179815,5,170824,1366594,MICE,Lagos State Government,Travel Agent,Confirmed,Nigerian,2,Bank Transfer,Emeka Okonkwo,March,2023,%Q,Q1
BK01828,2023-12-11,2024-01-20,2024-01-26,6,Executive,105558,10,95002,570013,Corporate,MTN Nigeria,Corporate Agreement,Completed,British,3,Bank Transfer,Amaka Osei,January,2024,%Q,Q1
BK01829,2024-04-02,2024-05-10,2024-05-20,10,Presidential,251314,5,238748,2387483,Corporate,Flour Mills Nigeria,Direct,Completed,Nigerian,2,POS,Amaka Osei,May,2024,%Q,Q2
BK01830,2023-11-13,2024-01-09,2024-01-11,2,Deluxe,70966,0,70966,141932,Corporate,Guinness Nigeria,Corporate Agreement,Confirmed,Nigerian,2,Corporate Account,Chioma Eze,January,2024,%Q,Q1
BK01831,2023-11-18,2023-12-23,2024-01-04,12,Suite,150608,0,150608,1807296,Group,Individual Guest,Online Travel Agent,Completed,Nigerian,2,Cash,Tunde Adeyemi,December,2023,%Q,Q4
BK01832,2024-10-09,2024-12-04,2024-12-18,14,Suite,145744,20,116595,0,Corporate,GTCO,Direct,Cancelled,American,4,Corporate Account,Emeka Okonkwo,December,2024,%Q,Q4
BK01833,2023-09-16,2023-10-06,2023-10-20,14,Presidential,278195,0,278195,3894730,Group,Individual Guest,Corporate Agreement,Completed,Nigerian,4,Bank Transfer,Direct Booking,October,2023,%Q,Q4
BK01834,2023-01-19,2023-02-04,2023-02-13,9,Presidential,357428,5,339557,3056009,Corporate,9mobile,Direct,Completed,Ghanaian,3,Credit Card,Emeka Okonkwo,February,2023,%Q,Q1
BK01835,2023-02-02,2023-03-16,2023-03-20,4,Suite,144377,20,115502,462006,Corporate,Airtel Nigeria,Online Travel Agent,Confirmed,Nigerian,4,Credit Card,Chioma Eze,March,2023,%Q,Q1
BK01836,2023-10-22,2023-11-26,2023-11-30,4,Standard,57635,15,48990,195959,Corporate,Lafarge Africa,Direct,Completed,Nigerian,4,Bank Transfer,Fatima Bello,November,2023,%Q,Q4
BK01837,2023-11-02,2023-11-22,2023-12-06,14,Deluxe,76459,20,61167,856341,Corporate,Honeywell Group,Walk In,Completed,Nigerian,2,Corporate Account,Amaka Osei,November,2023,%Q,Q4
BK01838,2023-11-07,2023-12-01,2023-12-11,10,Deluxe,88887,15,75554,755540,Corporate,Air Peace,Travel Agent,Completed,German,2,Cash,Emeka Okonkwo,December,2023,%Q,Q4
BK01839,2023-01-01,2023-02-07,2023-02-16,9,Presidential,260255,10,234230,2108066,Corporate,Air Peace,Direct,Confirmed,Ghanaian,3,Cash,Direct Booking,February,2023,%Q,Q1
BK01840,2023-12-16,2023-12-21,2023-12-28,7,Presidential,332096,10,298886,2092205,Leisure,Individual Guest,Direct,Confirmed,German,3,Bank Transfer,Emeka Okonkwo,December,2023,%Q,Q4
BK01841,2023-04-02,2023-04-16,2023-04-17,1,Standard,45340,20,36272,36272,Corporate,Airtel Nigeria,Corporate Agreement,Completed,Nigerian,3,Credit Card,Amaka Osei,April,2023,%Q,Q2
BK01842,2023-01-01,2023-01-06,2023-01-18,12,Standard,53509,15,45483,545792,Government,Conoil,Walk In,Confirmed,Nigerian,4,POS,Chioma Eze,January,2023,%Q,Q1
BK01843,2024-10-18,2024-12-16,2024-12-19,3,Deluxe,89118,10,80206,240619,Leisure,Individual Guest,Travel Agent,Confirmed,South African,1,Corporate Account,Emeka Okonkwo,December,2024,%Q,Q4
BK01844,2024-05-19,2024-06-24,2024-06-28,4,Executive,127119,10,114407,457628,Airline Crew,Airtel Nigeria,Online Travel Agent,Completed,Nigerian,3,Bank Transfer,Chioma Eze,June,2024,%Q,Q2
BK01845,2023-07-27,2023-09-06,2023-09-17,11,Deluxe,92772,0,92772,1020492,Corporate,Honeywell Group,Direct,Confirmed,Nigerian,4,Credit Card,Emeka Okonkwo,September,2023,%Q,Q3
BK01846,2023-10-24,2023-12-15,2023-12-19,4,Presidential,388318,0,388318,1553272,Leisure,Individual Guest,Walk In,Completed,American,1,Credit Card,Direct Booking,December,2023,%Q,Q4
BK01847,2023-07-20,2023-08-13,2023-08-19,6,Executive,128650,5,122218,0,Corporate,Lagos State Government,Direct,Cancelled,Nigerian,1,POS,Chioma Eze,August,2023,%Q,Q3
BK01848,2024-03-01,2024-04-17,2024-04-19,2,Standard,52882,0,52882,0,Corporate,Oando PLC,Direct,Cancelled,American,3,Cash,Emeka Okonkwo,April,2024,%Q,Q2
BK01849,2024-06-25,2024-07-17,2024-07-19,2,Executive,108897,15,92562,185125,Corporate,NNPC,Direct,Completed,Nigerian,4,Bank Transfer,Amaka Osei,July,2024,%Q,Q3
BK01850,2023-07-06,2023-07-18,2023-07-23,5,Executive,106576,0,106576,532880,Leisure,Individual Guest,Online Travel Agent,Completed,Nigerian,2,Bank Transfer,Direct Booking,July,2023,%Q,Q3
BK01851,2023-08-10,2023-08-13,2023-08-15,2,Standard,63849,15,54272,108543,Corporate,Zenith Bank,Direct,Completed,French,4,Corporate Account,Direct Booking,August,2023,%Q,Q3
BK01852,2023-02-27,2023-04-14,2023-04-18,4,Suite,152451,5,144828,579314,Corporate,Lafarge Africa,Direct,Completed,British,1,Bank Transfer,Direct Booking,April,2023,%Q,Q2
BK01853,2024-04-21,2024-05-30,2024-06-11,12,Executive,115009,0,115009,0,MICE,PZ Cussons,Corporate Agreement,Cancelled,Nigerian,2,Corporate Account,Chioma Eze,May,2024,%Q,Q2
BK01854,2024-10-17,2024-11-13,2024-11-21,8,Suite,121364,15,103159,825275,Corporate,Flour Mills Nigeria,Direct,Completed,South African,3,POS,Amaka Osei,November,2024,%Q,Q4
BK01855,2024-07-20,2024-08-20,2024-08-21,1,Deluxe,85485,5,81211,81211,Corporate,Air Peace,Walk In,Completed,Ghanaian,2,POS,Fatima Bello,August,2024,%Q,Q3
BK01856,2023-03-19,2023-04-07,2023-04-09,2,Suite,149662,0,149662,299324,Leisure,Individual Guest,Online Travel Agent,Completed,American,4,Cash,Chioma Eze,April,2023,%Q,Q2
BK01857,2023-11-13,2023-12-28,2024-01-02,5,Suite,178416,10,160574,802872,Leisure,Individual Guest,Travel Agent,Completed,Kenyan,3,Bank Transfer,Emeka Okonkwo,December,2023,%Q,Q4
BK01858,2024-10-08,2024-10-17,2024-10-18,1,Executive,109434,0,109434,109434,Group,Individual Guest,Online Travel Agent,Confirmed,Nigerian,3,Corporate Account,Direct Booking,October,2024,%Q,Q4
BK01859,2023-02-03,2023-04-02,2023-04-06,4,Executive,102073,5,96969,387877,Airline Crew,Seplat Energy,Travel Agent,Completed,Nigerian,3,Cash,Direct Booking,April,2023,%Q,Q2
BK01860,2024-06-27,2024-08-26,2024-09-02,7,Suite,140271,0,140271,981897,Corporate,Glo Mobile,Direct,Completed,Ghanaian,3,Cash,Fatima Bello,August,2024,%Q,Q3
BK01861,2023-01-01,2023-01-09,2023-01-17,8,Deluxe,85280,0,85280,682240,Group,Individual Guest,Direct,Completed,British,4,Cash,Tunde Adeyemi,January,2023,%Q,Q1
BK01862,2023-02-18,2023-03-08,2023-03-21,13,Standard,59872,0,59872,778336,Corporate,UBA Group,Direct,Completed,Nigerian,3,Corporate Account,Amaka Osei,March,2023,%Q,Q1
BK01863,2023-02-13,2023-02-21,2023-02-26,5,Suite,177587,20,142070,710348,Corporate,Shell Nigeria,Corporate Agreement,Completed,Nigerian,4,Credit Card,Direct Booking,February,2023,%Q,Q1
BK01864,2023-03-10,2023-03-24,2023-03-29,5,Standard,60505,20,48404,242020,Government,PZ Cussons,Corporate Agreement,Completed,Nigerian,3,Cash,Amaka Osei,March,2023,%Q,Q1
BK01865,2023-10-10,2023-11-15,2023-11-18,3,Executive,116134,0,116134,348402,MICE,Nestle Nigeria,Direct,Completed,Nigerian,3,Credit Card,Fatima Bello,November,2023,%Q,Q4
BK01866,2023-02-21,2023-03-29,2023-04-03,5,Executive,107017,5,101666,508331,Leisure,Individual Guest,Online Travel Agent,Completed,Nigerian,3,Cash,Emeka Okonkwo,March,2023,%Q,Q1
BK01867,2023-11-30,2023-12-29,2024-01-05,7,Executive,121886,0,121886,853202,Leisure,Individual Guest,Direct,Completed,South African,3,Credit Card,Amaka Osei,December,2023,%Q,Q4
BK01868,2024-07-25,2024-08-17,2024-08-26,9,Deluxe,90345,0,90345,813105,Leisure,Individual Guest,Direct,Completed,South African,4,Credit Card,Emeka Okonkwo,August,2024,%Q,Q3
BK01869,2024-03-01,2024-04-18,2024-05-01,13,Presidential,370644,0,370644,4818372,MICE,Access Bank,Travel Agent,Confirmed,British,1,POS,Chioma Eze,April,2024,%Q,Q2
BK01870,2024-06-19,2024-08-02,2024-08-10,8,Suite,176643,5,167811,1342487,Corporate,Dangote Group,Online Travel Agent,Completed,British,2,Credit Card,Emeka Okonkwo,August,2024,%Q,Q3
BK01871,2023-10-17,2023-11-05,2023-11-16,11,Standard,60891,0,60891,0,Group,Individual Guest,Direct,Cancelled,Nigerian,1,POS,Amaka Osei,November,2023,%Q,Q4
BK01872,2023-06-29,2023-07-29,2023-07-31,2,Standard,61574,10,55417,110833,Leisure,Individual Guest,Direct,Confirmed,Nigerian,3,Credit Card,Tunde Adeyemi,July,2023,%Q,Q3
BK01873,2024-10-05,2024-11-28,2024-12-06,8,Presidential,282295,10,254066,2032524,Leisure,Individual Guest,Direct,Completed,Ghanaian,2,Credit Card,Direct Booking,November,2024,%Q,Q4
BK01874,2024-12-05,2024-12-17,2024-12-26,9,Executive,126487,15,107514,967626,Corporate,Nigerian Breweries,Online Travel Agent,Completed,American,1,Corporate Account,Emeka Okonkwo,December,2024,%Q,Q4
BK01875,2024-02-04,2024-03-02,2024-03-16,14,Deluxe,70916,0,70916,992824,Corporate,Unilever Nigeria,Direct,Completed,Nigerian,4,POS,Direct Booking,March,2024,%Q,Q1
BK01876,2023-12-01,2023-12-30,2024-01-02,3,Executive,113147,20,90518,271553,Corporate,Chevron Nigeria,Travel Agent,Completed,Nigerian,4,POS,Chioma Eze,December,2023,%Q,Q4
BK01877,2023-01-24,2023-03-06,2023-03-09,3,Deluxe,81529,5,77453,232358,Group,Individual Guest,Online Travel Agent,Completed,Kenyan,3,Cash,Tunde Adeyemi,March,2023,%Q,Q1
BK01878,2023-01-29,2023-03-11,2023-03-25,14,Executive,119675,0,119675,1675450,Airline Crew,Total Energies,Walk In,Completed,South African,2,Cash,Fatima Bello,March,2023,%Q,Q1
BK01879,2024-08-03,2024-08-25,2024-09-04,10,Presidential,355846,10,320261,3202614,Corporate,Air Peace,Direct,Completed,Nigerian,4,Corporate Account,Amaka Osei,August,2024,%Q,Q3
BK01880,2023-07-06,2023-08-26,2023-09-08,13,Deluxe,73454,10,66109,859412,Government,Total Energies,Online Travel Agent,Completed,Indian,3,Bank Transfer,Amaka Osei,August,2023,%Q,Q3
BK01881,2023-01-01,2023-02-08,2023-02-22,14,Standard,59468,0,59468,832552,MICE,Air Peace,Online Travel Agent,Completed,American,2,Credit Card,Emeka Okonkwo,February,2023,%Q,Q1
BK01882,2023-08-19,2023-09-16,2023-09-24,8,Suite,134778,0,134778,1078224,Corporate,Chevron Nigeria,Online Travel Agent,Completed,Ghanaian,1,POS,Amaka Osei,September,2023,%Q,Q3
BK01883,2023-06-07,2023-07-28,2023-07-29,1,Deluxe,70171,0,70171,70171,Leisure,Individual Guest,Online Travel Agent,Completed,Nigerian,4,POS,Tunde Adeyemi,July,2023,%Q,Q3
BK01884,2023-06-10,2023-08-01,2023-08-11,10,Executive,127823,5,121432,1214318,Leisure,Individual Guest,Corporate Agreement,Completed,Nigerian,4,Corporate Account,Amaka Osei,August,2023,%Q,Q3
BK01885,2023-03-09,2023-03-14,2023-03-24,10,Deluxe,86949,10,78254,782541,Corporate,Unilever Nigeria,Direct,Completed,Nigerian,3,Credit Card,Amaka Osei,March,2023,%Q,Q1
BK01886,2024-01-13,2024-02-04,2024-02-16,12,Standard,50172,5,47663,571961,Airline Crew,Zenith Bank,Direct,Completed,Nigerian,3,POS,Fatima Bello,February,2024,%Q,Q1
BK01887,2024-08-22,2024-09-25,2024-09-26,1,Standard,64096,0,64096,64096,Leisure,Individual Guest,Direct,Completed,Nigerian,3,Corporate Account,Chioma Eze,September,2024,%Q,Q3
BK01888,2023-12-06,2023-12-09,2023-12-22,13,Deluxe,76692,0,76692,996996,Leisure,Individual Guest,Walk In,Completed,American,4,Credit Card,Amaka Osei,December,2023,%Q,Q4
BK01889,2024-06-17,2024-07-31,2024-08-10,10,Standard,56332,0,56332,563320,Airline Crew,Federal Ministry of Works,Corporate Agreement,Completed,Nigerian,2,Corporate Account,Fatima Bello,July,2024,%Q,Q3
BK01890,2023-02-10,2023-02-12,2023-02-14,2,Executive,128266,0,128266,256532,Corporate,9mobile,Online Travel Agent,Completed,Kenyan,1,Bank Transfer,Tunde Adeyemi,February,2023,%Q,Q1
BK01891,2023-06-12,2023-07-20,2023-07-29,9,Executive,96185,0,96185,865665,Leisure,Individual Guest,Travel Agent,Confirmed,American,2,Corporate Account,Emeka Okonkwo,July,2023,%Q,Q3
BK01892,2024-01-27,2024-03-24,2024-03-26,2,Presidential,346392,0,346392,692784,Leisure,Individual Guest,Walk In,Completed,Nigerian,1,POS,Amaka Osei,March,2024,%Q,Q1
BK01893,2024-01-10,2024-02-27,2024-03-10,12,Presidential,398910,5,378964,4547574,Corporate,MTN Nigeria,Direct,Completed,Nigerian,4,Credit Card,Amaka Osei,February,2024,%Q,Q1
BK01894,2023-09-27,2023-10-17,2023-10-18,1,Suite,159479,0,159479,0,Group,Individual Guest,Direct,No Show,British,1,Bank Transfer,Emeka Okonkwo,October,2023,%Q,Q4
BK01895,2023-09-01,2023-09-14,2023-09-23,9,Executive,118393,20,94714,852430,Government,Guinness Nigeria,Online Travel Agent,Completed,Nigerian,2,Cash,Fatima Bello,September,2023,%Q,Q3
BK01896,2023-08-18,2023-10-01,2023-10-07,6,Presidential,381975,5,362876,2177258,Corporate,9mobile,Corporate Agreement,Completed,British,2,Bank Transfer,Chioma Eze,October,2023,%Q,Q4
BK01897,2024-05-29,2024-06-17,2024-06-21,4,Presidential,305251,15,259463,1037853,Corporate,Shell Nigeria,Direct,Confirmed,Nigerian,1,Bank Transfer,Emeka Okonkwo,June,2024,%Q,Q2
BK01898,2023-01-18,2023-02-04,2023-02-09,5,Presidential,350709,15,298103,1490513,Corporate,Access Bank,Travel Agent,Confirmed,Nigerian,4,Corporate Account,Amaka Osei,February,2023,%Q,Q1
BK01899,2023-02-02,2023-02-15,2023-02-19,4,Executive,107086,0,107086,428344,Group,Individual Guest,Corporate Agreement,Completed,Nigerian,3,Bank Transfer,Chioma Eze,February,2023,%Q,Q1
BK01900,2024-07-11,2024-08-28,2024-09-01,4,Standard,56172,10,50555,202219,Group,Individual Guest,Travel Agent,Completed,South African,1,Bank Transfer,Direct Booking,August,2024,%Q,Q3
BK01901,2023-12-05,2024-02-02,2024-02-14,12,Suite,176263,5,167450,2009398,Airline Crew,Oando PLC,Corporate Agreement,Completed,South African,4,Credit Card,Chioma Eze,February,2024,%Q,Q1
BK01902,2023-07-05,2023-09-01,2023-09-04,3,Standard,54197,0,54197,162591,MICE,FBN Holdings,Direct,Confirmed,Nigerian,4,POS,Chioma Eze,September,2023,%Q,Q3
BK01903,2024-08-30,2024-09-22,2024-09-27,5,Suite,163203,15,138723,693613,Corporate,MTN Nigeria,Corporate Agreement,Confirmed,Nigerian,4,Credit Card,Chioma Eze,September,2024,%Q,Q3
BK01904,2023-01-18,2023-01-18,2023-01-26,8,Executive,97425,10,87682,701460,Airline Crew,Transcorp Hotels,Corporate Agreement,Completed,Nigerian,3,Bank Transfer,Fatima Bello,January,2023,%Q,Q1
BK01905,2024-07-14,2024-07-18,2024-07-24,6,Executive,106783,5,101444,0,Corporate,FBN Holdings,Online Travel Agent,No Show,Nigerian,1,Credit Card,Tunde Adeyemi,July,2024,%Q,Q3
BK01906,2023-04-26,2023-04-28,2023-05-09,11,Deluxe,92427,0,92427,1016697,Leisure,Individual Guest,Online Travel Agent,Completed,British,3,Bank Transfer,Tunde Adeyemi,April,2023,%Q,Q2
BK01907,2023-01-01,2023-01-17,2023-01-28,11,Suite,155418,0,155418,1709598,Group,Individual Guest,Online Travel Agent,Completed,Nigerian,1,Bank Transfer,Emeka Okonkwo,January,2023,%Q,Q1
BK01908,2023-06-22,2023-07-28,2023-08-03,6,Suite,174338,0,174338,1046028,MICE,Federal Ministry of Works,Online Travel Agent,Confirmed,Nigerian,3,Cash,Amaka Osei,July,2023,%Q,Q3
BK01909,2024-01-30,2024-02-22,2024-03-04,11,Executive,114271,10,102844,0,Group,Individual Guest,Direct,Cancelled,Chinese,1,Bank Transfer,Fatima Bello,February,2024,%Q,Q1
BK01910,2023-07-16,2023-08-05,2023-08-18,13,Presidential,383216,0,383216,4981808,MICE,9mobile,Online Travel Agent,Completed,British,4,Credit Card,Direct Booking,August,2023,%Q,Q3
BK01911,2023-02-13,2023-03-21,2023-03-25,4,Presidential,393715,10,354344,1417374,Group,Individual Guest,Direct,Completed,Kenyan,4,POS,Amaka Osei,March,2023,%Q,Q1
BK01912,2024-05-27,2024-06-16,2024-06-24,8,Suite,132781,0,132781,1062248,MICE,UBA Group,Online Travel Agent,Completed,Ghanaian,4,Credit Card,Chioma Eze,June,2024,%Q,Q2
BK01913,2023-04-14,2023-04-29,2023-05-11,12,Executive,121864,5,115771,1389250,Leisure,Individual Guest,Online Travel Agent,Completed,French,2,Corporate Account,Direct Booking,April,2023,%Q,Q2
BK01914,2024-01-28,2024-03-04,2024-03-08,4,Deluxe,87616,0,87616,350464,Corporate,Federal Ministry of Works,Corporate Agreement,Completed,British,3,Cash,Chioma Eze,March,2024,%Q,Q1
BK01915,2023-02-27,2023-03-25,2023-04-01,7,Presidential,288901,0,288901,2022307,Leisure,Individual Guest,Travel Agent,Completed,French,2,Bank Transfer,Emeka Okonkwo,March,2023,%Q,Q1
BK01916,2024-01-16,2024-03-04,2024-03-09,5,Presidential,373171,0,373171,1865855,Group,Individual Guest,Direct,Confirmed,Nigerian,1,Credit Card,Direct Booking,March,2024,%Q,Q1
BK01917,2024-05-09,2024-06-11,2024-06-25,14,Executive,122679,10,110411,1545755,Leisure,Individual Guest,Corporate Agreement,Completed,American,3,Cash,Amaka Osei,June,2024,%Q,Q2
BK01918,2024-09-09,2024-09-15,2024-09-25,10,Standard,47416,5,45045,450452,Group,Individual Guest,Online Travel Agent,Completed,Nigerian,3,Corporate Account,Emeka Okonkwo,September,2024,%Q,Q3
BK01919,2024-11-01,2024-12-17,2024-12-20,3,Deluxe,93714,0,93714,0,MICE,Access Bank,Direct,Cancelled,British,4,Corporate Account,Direct Booking,December,2024,%Q,Q4
BK01920,2024-02-22,2024-03-25,2024-03-28,3,Presidential,323216,15,274734,0,Government,Nigerian Breweries,Online Travel Agent,No Show,Nigerian,4,POS,Fatima Bello,March,2024,%Q,Q1
BK01921,2023-11-07,2023-11-27,2023-12-04,7,Deluxe,74692,10,67223,470560,Corporate,Lafarge Africa,Direct,Completed,Kenyan,3,Bank Transfer,Chioma Eze,November,2023,%Q,Q4
BK01922,2023-06-01,2023-06-19,2023-06-21,2,Suite,151892,0,151892,303784,Leisure,Individual Guest,Direct,Completed,French,2,Bank Transfer,Fatima Bello,June,2023,%Q,Q2
BK01923,2023-05-12,2023-05-25,2023-05-27,2,Presidential,383352,5,364184,728369,MICE,Air Peace,Direct,Completed,French,1,Credit Card,Fatima Bello,May,2023,%Q,Q2
BK01924,2023-01-14,2023-01-27,2023-02-02,6,Suite,157431,5,149559,897357,Leisure,Individual Guest,Direct,Completed,Nigerian,4,Bank Transfer,Amaka Osei,January,2023,%Q,Q1
BK01925,2024-05-15,2024-05-20,2024-05-25,5,Deluxe,79124,0,79124,395620,Group,Individual Guest,Online Travel Agent,Confirmed,Nigerian,3,Bank Transfer,Tunde Adeyemi,May,2024,%Q,Q2
BK01926,2024-05-17,2024-06-03,2024-06-09,6,Executive,128609,10,115748,694489,Group,Individual Guest,Corporate Agreement,Confirmed,French,1,Corporate Account,Amaka Osei,June,2024,%Q,Q2
BK01927,2023-09-30,2023-11-22,2023-11-26,4,Presidential,259341,15,220440,0,Government,MTN Nigeria,Corporate Agreement,No Show,Kenyan,3,Credit Card,Tunde Adeyemi,November,2023,%Q,Q4
BK01928,2023-04-14,2023-06-05,2023-06-13,8,Deluxe,94037,5,89335,714681,Leisure,Individual Guest,Corporate Agreement,Confirmed,Nigerian,1,Credit Card,Fatima Bello,June,2023,%Q,Q2
BK01929,2023-02-03,2023-03-10,2023-03-18,8,Presidential,304669,0,304669,2437352,Group,Individual Guest,Corporate Agreement,Confirmed,British,2,POS,Direct Booking,March,2023,%Q,Q1
BK01930,2024-03-29,2024-05-10,2024-05-19,9,Deluxe,79833,0,79833,718497,MICE,UBA Group,Online Travel Agent,Completed,British,4,Cash,Fatima Bello,May,2024,%Q,Q2
BK01931,2023-04-02,2023-04-09,2023-04-13,4,Suite,147498,5,140123,0,Airline Crew,Airtel Nigeria,Online Travel Agent,No Show,Nigerian,3,Bank Transfer,Chioma Eze,April,2023,%Q,Q2
BK01932,2024-11-03,2024-12-22,2024-12-25,3,Executive,127058,10,114352,343057,Group,Individual Guest,Direct,Completed,Nigerian,1,Corporate Account,Tunde Adeyemi,December,2024,%Q,Q4
BK01933,2023-10-15,2023-11-27,2023-12-02,5,Suite,146950,0,146950,734750,Leisure,Individual Guest,Online Travel Agent,Completed,French,2,Corporate Account,Chioma Eze,November,2023,%Q,Q4
BK01934,2024-10-11,2024-10-13,2024-10-27,14,Suite,149336,0,149336,2090704,Leisure,Individual Guest,Direct,Completed,Nigerian,3,Bank Transfer,Direct Booking,October,2024,%Q,Q4
BK01935,2024-09-10,2024-09-11,2024-09-20,9,Standard,57425,10,51682,465142,Corporate,Glo Mobile,Travel Agent,Completed,British,2,Bank Transfer,Direct Booking,September,2024,%Q,Q3
BK01936,2024-06-22,2024-07-02,2024-07-06,4,Presidential,353684,0,353684,1414736,MICE,Guinness Nigeria,Direct,Completed,Nigerian,2,Credit Card,Emeka Okonkwo,July,2024,%Q,Q3
BK01937,2023-02-05,2023-02-06,2023-02-20,14,Presidential,276875,0,276875,3876250,Leisure,Individual Guest,Direct,Completed,Nigerian,2,Credit Card,Amaka Osei,February,2023,%Q,Q1
BK01938,2023-09-29,2023-10-06,2023-10-18,12,Executive,121263,0,121263,1455156,Corporate,FBN Holdings,Direct,Completed,Nigerian,1,Corporate Account,Direct Booking,October,2023,%Q,Q4
BK01939,2024-05-11,2024-07-08,2024-07-18,10,Deluxe,73131,10,65818,658179,Group,Individual Guest,Direct,Completed,British,4,Cash,Chioma Eze,July,2024,%Q,Q3
BK01940,2023-01-07,2023-01-24,2023-01-29,5,Executive,108281,15,92039,460194,Corporate,Transcorp Hotels,Online Travel Agent,Completed,Nigerian,3,POS,Emeka Okonkwo,January,2023,%Q,Q1
BK01941,2023-09-15,2023-10-19,2023-10-31,12,Presidential,314124,0,314124,3769488,Leisure,Individual Guest,Corporate Agreement,Completed,Indian,4,Bank Transfer,Fatima Bello,October,2023,%Q,Q4
BK01942,2024-07-20,2024-08-14,2024-08-15,1,Deluxe,84650,10,76185,76185,Leisure,Individual Guest,Corporate Agreement,Completed,Nigerian,1,Bank Transfer,Direct Booking,August,2024,%Q,Q3
BK01943,2023-04-29,2023-06-23,2023-06-27,4,Executive,111381,15,94674,378695,Corporate,Lagos State Government,Online Travel Agent,Completed,American,1,Credit Card,Fatima Bello,June,2023,%Q,Q2
BK01944,2023-08-28,2023-09-16,2023-09-23,7,Suite,174678,20,139742,978197,Corporate,Airtel Nigeria,Corporate Agreement,Completed,Kenyan,4,Credit Card,Chioma Eze,September,2023,%Q,Q3
BK01945,2024-04-15,2024-05-26,2024-06-01,6,Deluxe,80545,5,76518,459106,Leisure,Individual Guest,Corporate Agreement,Completed,South African,1,Bank Transfer,Direct Booking,May,2024,%Q,Q2
BK01946,2024-11-23,2024-12-17,2024-12-19,2,Deluxe,94801,5,90061,0,Corporate,Unilever Nigeria,Online Travel Agent,Cancelled,Indian,4,Corporate Account,Amaka Osei,December,2024,%Q,Q4
BK01947,2024-08-31,2024-10-03,2024-10-16,13,Executive,104166,10,93749,1218742,Group,Individual Guest,Online Travel Agent,Completed,Nigerian,3,Cash,Emeka Okonkwo,October,2024,%Q,Q4
BK01948,2023-10-02,2023-11-27,2023-12-07,10,Suite,156949,5,149102,1491016,Group,Individual Guest,Online Travel Agent,Confirmed,Nigerian,3,Cash,Fatima Bello,November,2023,%Q,Q4
BK01949,2024-02-19,2024-04-18,2024-04-22,4,Suite,168939,5,160492,641968,Group,Individual Guest,Direct,Completed,Nigerian,3,Bank Transfer,Emeka Okonkwo,April,2024,%Q,Q2
BK01950,2023-06-03,2023-07-03,2023-07-06,3,Standard,45183,20,36146,0,Corporate,Julius Berger,Direct,Cancelled,Nigerian,4,Bank Transfer,Amaka Osei,July,2023,%Q,Q3
BK01951,2023-05-19,2023-06-10,2023-06-12,2,Presidential,309252,10,278327,556654,Corporate,MTN Nigeria,Direct,Completed,Ghanaian,3,POS,Emeka Okonkwo,June,2023,%Q,Q2
BK01952,2024-09-06,2024-10-01,2024-10-14,13,Suite,156773,0,156773,2038049,Leisure,Individual Guest,Direct,Completed,Nigerian,3,Credit Card,Direct Booking,October,2024,%Q,Q4
BK01953,2023-09-21,2023-09-27,2023-10-07,10,Deluxe,87115,10,78404,784035,Leisure,Individual Guest,Online Travel Agent,Completed,South African,3,POS,Fatima Bello,September,2023,%Q,Q3
BK01954,2024-11-02,2024-11-15,2024-11-23,8,Deluxe,70087,0,70087,560696,MICE,Lafarge Africa,Travel Agent,Confirmed,Nigerian,1,Corporate Account,Tunde Adeyemi,November,2024,%Q,Q4
BK01955,2023-03-13,2023-03-21,2023-03-22,1,Presidential,365261,5,346998,346998,Leisure,Individual Guest,Online Travel Agent,Completed,South African,4,POS,Tunde Adeyemi,March,2023,%Q,Q1
BK01956,2023-12-31,2024-01-30,2024-02-11,12,Suite,140431,5,133409,1600913,MICE,Airtel Nigeria,Travel Agent,Completed,Kenyan,2,Cash,Tunde Adeyemi,January,2024,%Q,Q1
BK01957,2024-06-26,2024-07-27,2024-08-04,8,Suite,164916,5,156670,1253362,Corporate,NNPC,Direct,Completed,Kenyan,4,Cash,Emeka Okonkwo,July,2024,%Q,Q3
BK01958,2024-07-29,2024-09-23,2024-10-02,9,Deluxe,82532,0,82532,742788,Leisure,Individual Guest,Walk In,Completed,Nigerian,2,POS,Chioma Eze,September,2024,%Q,Q3
BK01959,2024-08-02,2024-08-23,2024-08-28,5,Standard,57087,20,45670,228348,Government,MTN Nigeria,Direct,Completed,Nigerian,1,Corporate Account,Emeka Okonkwo,August,2024,%Q,Q3
BK01960,2024-12-05,2024-12-22,2024-12-27,5,Standard,63749,0,63749,318745,MICE,Transcorp Hotels,Corporate Agreement,Completed,Nigerian,1,POS,Emeka Okonkwo,December,2024,%Q,Q4
BK01961,2023-12-06,2024-01-14,2024-01-15,1,Deluxe,93122,0,93122,93122,Group,Individual Guest,Direct,Completed,Nigerian,4,Bank Transfer,Amaka Osei,January,2024,%Q,Q1
BK01962,2023-09-25,2023-11-18,2023-11-20,2,Presidential,322739,10,290465,580930,Airline Crew,Julius Berger,Corporate Agreement,Completed,Nigerian,2,Cash,Direct Booking,November,2023,%Q,Q4
BK01963,2024-01-11,2024-01-11,2024-01-20,9,Executive,122287,0,122287,1100583,MICE,Dangote Group,Travel Agent,Confirmed,Nigerian,1,Cash,Direct Booking,January,2024,%Q,Q1
BK01964,2024-03-13,2024-03-30,2024-03-31,1,Presidential,302083,10,271875,271875,Group,Individual Guest,Corporate Agreement,Completed,Kenyan,3,Cash,Amaka Osei,March,2024,%Q,Q1
BK01965,2023-12-05,2023-12-26,2023-12-28,2,Executive,100642,0,100642,201284,Leisure,Individual Guest,Direct,Completed,Nigerian,2,Bank Transfer,Direct Booking,December,2023,%Q,Q4
BK01966,2024-08-27,2024-08-28,2024-09-08,11,Deluxe,70342,10,63308,696386,Corporate,Nigerian Ports Authority,Travel Agent,Completed,Chinese,2,Credit Card,Chioma Eze,August,2024,%Q,Q3
BK01967,2023-01-10,2023-02-24,2023-03-03,7,Suite,131665,10,118498,829490,Corporate,Airtel Nigeria,Travel Agent,Completed,Nigerian,3,Credit Card,Tunde Adeyemi,February,2023,%Q,Q1
BK01968,2024-11-29,2024-12-15,2024-12-23,8,Standard,61052,10,54947,439574,Leisure,Individual Guest,Travel Agent,Completed,Nigerian,1,Credit Card,Direct Booking,December,2024,%Q,Q4
BK01969,2023-12-27,2024-01-30,2024-02-02,3,Presidential,305223,0,305223,915669,Airline Crew,NNPC,Travel Agent,Completed,Ghanaian,3,Cash,Tunde Adeyemi,January,2024,%Q,Q1
BK01970,2024-05-27,2024-06-09,2024-06-22,13,Suite,134303,5,127588,1658642,Leisure,Individual Guest,Direct,Confirmed,American,2,Corporate Account,Tunde Adeyemi,June,2024,%Q,Q2
BK01971,2024-07-31,2024-08-23,2024-08-29,6,Presidential,349066,5,331613,1989676,Group,Individual Guest,Online Travel Agent,Completed,Nigerian,2,Bank Transfer,Chioma Eze,August,2024,%Q,Q3
BK01972,2024-04-10,2024-05-01,2024-05-07,6,Standard,51131,20,40905,0,Government,GTCO,Online Travel Agent,Cancelled,South African,4,POS,Emeka Okonkwo,May,2024,%Q,Q2
BK01973,2024-07-16,2024-08-12,2024-08-24,12,Executive,126036,0,126036,1512432,MICE,Flour Mills Nigeria,Corporate Agreement,Completed,Nigerian,1,Cash,Emeka Okonkwo,August,2024,%Q,Q3
BK01974,2024-05-08,2024-06-03,2024-06-05,2,Executive,112652,10,101387,202774,Airline Crew,Lagos State Government,Direct,Completed,Nigerian,2,POS,Chioma Eze,June,2024,%Q,Q2
BK01975,2023-04-11,2023-05-23,2023-05-26,3,Suite,171679,5,163095,489285,Airline Crew,Access Bank,Travel Agent,Completed,Ghanaian,2,Corporate Account,Emeka Okonkwo,May,2023,%Q,Q2
BK01976,2023-01-01,2023-01-01,2023-01-12,11,Deluxe,75638,20,60510,0,Corporate,Access Bank,Travel Agent,Cancelled,Nigerian,2,Credit Card,Direct Booking,January,2023,%Q,Q1
BK01977,2023-12-20,2024-01-19,2024-01-20,1,Deluxe,81295,15,69101,69101,Corporate,Lagos State Government,Walk In,Completed,American,1,Credit Card,Emeka Okonkwo,January,2024,%Q,Q1
BK01978,2023-03-25,2023-05-12,2023-05-18,6,Deluxe,83103,0,83103,498618,MICE,UBA Group,Corporate Agreement,Completed,Nigerian,1,POS,Emeka Okonkwo,May,2023,%Q,Q2
BK01979,2024-03-29,2024-05-15,2024-05-26,11,Presidential,257050,0,257050,2827550,Corporate,Total Energies,Online Travel Agent,Completed,Nigerian,4,POS,Amaka Osei,May,2024,%Q,Q2
BK01980,2024-10-15,2024-10-23,2024-10-27,4,Executive,107318,10,96586,386345,Corporate,GTCO,Online Travel Agent,Completed,American,3,Credit Card,Emeka Okonkwo,October,2024,%Q,Q4
BK01981,2023-12-11,2024-02-01,2024-02-12,11,Executive,97282,10,87554,0,Corporate,Federal Ministry of Works,Online Travel Agent,Cancelled,Nigerian,1,Corporate Account,Amaka Osei,February,2024,%Q,Q1
BK01982,2024-11-27,2024-12-03,2024-12-15,12,Executive,95801,0,95801,1149612,Corporate,Nestle Nigeria,Online Travel Agent,Completed,Nigerian,4,Corporate Account,Emeka Okonkwo,December,2024,%Q,Q4
BK01983,2023-10-22,2023-11-07,2023-11-14,7,Standard,64779,0,64779,453453,MICE,Seplat Energy,Travel Agent,Completed,American,1,Cash,Fatima Bello,November,2023,%Q,Q4
BK01984,2024-01-22,2024-03-10,2024-03-19,9,Executive,100243,15,85207,766859,Corporate,Glo Mobile,Corporate Agreement,Completed,Nigerian,4,POS,Fatima Bello,March,2024,%Q,Q1
BK01985,2023-02-01,2023-02-19,2023-02-27,8,Standard,48982,0,48982,391856,MICE,Oando PLC,Travel Agent,Completed,American,3,Corporate Account,Chioma Eze,February,2023,%Q,Q1
BK01986,2023-01-08,2023-01-25,2023-02-03,9,Deluxe,79608,0,79608,716472,Leisure,Individual Guest,Online Travel Agent,Confirmed,British,3,Bank Transfer,Fatima Bello,January,2023,%Q,Q1
BK01987,2024-06-03,2024-06-28,2024-07-10,12,Deluxe,75742,20,60594,727123,Corporate,Nigerian Breweries,Direct,Confirmed,Nigerian,4,Cash,Chioma Eze,June,2024,%Q,Q2
BK01988,2023-07-12,2023-09-07,2023-09-21,14,Presidential,399177,10,359259,5029630,Leisure,Individual Guest,Online Travel Agent,Confirmed,Nigerian,4,Bank Transfer,Direct Booking,September,2023,%Q,Q3
BK01989,2023-01-22,2023-03-22,2023-03-28,6,Suite,147690,0,147690,0,Leisure,Individual Guest,Corporate Agreement,Cancelled,American,4,Bank Transfer,Direct Booking,March,2023,%Q,Q1
BK01990,2023-06-30,2023-07-16,2023-07-26,10,Suite,160342,0,160342,1603420,Leisure,Individual Guest,Direct,Completed,Ghanaian,4,POS,Chioma Eze,July,2023,%Q,Q3
BK01991,2024-02-05,2024-03-23,2024-03-28,5,Deluxe,79071,5,75117,375587,Leisure,Individual Guest,Online Travel Agent,Confirmed,Nigerian,1,Cash,Chioma Eze,March,2024,%Q,Q1
BK01992,2023-06-12,2023-08-01,2023-08-02,1,Executive,103504,10,93154,93154,Corporate,Oando PLC,Walk In,Completed,Nigerian,1,Credit Card,Tunde Adeyemi,August,2023,%Q,Q3
BK01993,2023-07-07,2023-08-15,2023-08-17,2,Suite,167720,5,159334,318668,Group,Individual Guest,Corporate Agreement,Completed,British,4,POS,Chioma Eze,August,2023,%Q,Q3
BK01994,2024-07-04,2024-07-25,2024-07-26,1,Suite,140948,10,126853,0,Corporate,Seplat Energy,Travel Agent,Cancelled,Nigerian,4,Credit Card,Fatima Bello,July,2024,%Q,Q3
BK01995,2024-01-06,2024-02-17,2024-02-18,1,Presidential,270606,0,270606,270606,Group,Individual Guest,Online Travel Agent,Completed,Nigerian,3,Cash,Fatima Bello,February,2024,%Q,Q1
BK01996,2023-10-07,2023-11-19,2023-11-27,8,Executive,96937,5,92090,736721,Corporate,Chevron Nigeria,Corporate Agreement,Completed,Nigerian,4,Cash,Amaka Osei,November,2023,%Q,Q4
BK01997,2024-01-12,2024-01-20,2024-01-29,9,Executive,103093,10,92784,0,Corporate,Lafarge Africa,Direct,Cancelled,Nigerian,4,Corporate Account,Tunde Adeyemi,January,2024,%Q,Q1
BK01998,2023-06-15,2023-08-11,2023-08-18,7,Presidential,323106,5,306951,2148655,Corporate,Nigerian Ports Authority,Corporate Agreement,Completed,American,4,Cash,Direct Booking,August,2023,%Q,Q3
BK01999,2024-01-01,2024-02-18,2024-02-26,8,Executive,113761,5,108073,0,MICE,Seplat Energy,Travel Agent,Cancelled,Nigerian,3,POS,Amaka Osei,February,2024,%Q,Q1
BK02000,2024-09-20,2024-11-02,2024-11-05,3,Standard,57561,0,57561,172683,Leisure,Individual Guest,Online Travel Agent,Completed,Nigerian,2,POS,Amaka Osei,November,2024,%Q,Q4
BK02001,2024-08-15,2024-09-16,2024-09-26,10,Standard,64646,0,64646,646460,Leisure,Individual Guest,Direct,Completed,British,4,POS,Tunde Adeyemi,September,2024,%Q,Q3
BK02002,2023-11-29,2024-01-15,2024-01-16,1,Presidential,352062,5,334459,334459,Leisure,Individual Guest,Travel Agent,Completed,Nigerian,2,Credit Card,Chioma Eze,January,2024,%Q,Q1
BK02003,2024-12-10,2024-12-30,2025-01-03,4,Deluxe,79600,5,75620,0,Corporate,Air Peace,Online Travel Agent,Cancelled,Nigerian,2,Corporate Account,Fatima Bello,December,2024,%Q,Q4
BK02004,2024-03-07,2024-04-17,2024-04-26,9,Standard,64792,10,58313,0,MICE,Chevron Nigeria,Corporate Agreement,No Show,Nigerian,4,Bank Transfer,Direct Booking,April,2024,%Q,Q2
BK02005,2024-04-02,2024-04-26,2024-05-10,14,Standard,58667,5,55734,780271,Airline Crew,Unilever Nigeria,Corporate Agreement,Completed,German,4,Bank Transfer,Direct Booking,April,2024,%Q,Q2
BK02006,2023-01-11,2023-03-03,2023-03-08,5,Executive,97615,0,97615,488075,Leisure,Individual Guest,Online Travel Agent,Completed,British,1,Bank Transfer,Emeka Okonkwo,March,2023,%Q,Q1
BK02007,2023-08-05,2023-09-26,2023-10-09,13,Presidential,279303,0,279303,3630939,Group,Individual Guest,Corporate Agreement,Completed,Nigerian,2,Corporate Account,Tunde Adeyemi,September,2023,%Q,Q3
BK02008,2023-02-28,2023-04-10,2023-04-16,6,Standard,60015,15,51013,306076,Government,Honeywell Group,Travel Agent,Completed,Nigerian,3,Corporate Account,Direct Booking,April,2023,%Q,Q2
BK02009,2024-11-11,2024-12-17,2024-12-22,5,Suite,158956,10,143060,715302,Corporate,Nestle Nigeria,Direct,Confirmed,Nigerian,3,POS,Chioma Eze,December,2024,%Q,Q4
BK02010,2023-11-01,2023-11-11,2023-11-23,12,Presidential,329886,10,296897,3562769,Leisure,Individual Guest,Direct,Completed,South African,2,Credit Card,Direct Booking,November,2023,%Q,Q4
BK02011,2023-10-03,2023-10-27,2023-11-10,14,Suite,161730,15,137470,1924587,Corporate,Lafarge Africa,Direct,Completed,Nigerian,4,POS,Chioma Eze,October,2023,%Q,Q4
BK02012,2024-09-03,2024-09-25,2024-09-28,3,Deluxe,89239,0,89239,267717,MICE,Airtel Nigeria,Online Travel Agent,Completed,Chinese,4,Credit Card,Direct Booking,September,2024,%Q,Q3
BK02013,2024-05-10,2024-05-10,2024-05-17,7,Standard,56218,15,47785,0,Corporate,Lafarge Africa,Direct,Cancelled,South African,3,Credit Card,Amaka Osei,May,2024,%Q,Q2
BK02014,2024-02-17,2024-04-15,2024-04-25,10,Standard,62174,15,52848,528479,Government,Julius Berger,Direct,Completed,British,1,POS,Chioma Eze,April,2024,%Q,Q2
BK02015,2024-05-27,2024-07-20,2024-07-29,9,Presidential,270826,0,270826,2437434,Airline Crew,Dangote Group,Online Travel Agent,Completed,Nigerian,2,Credit Card,Direct Booking,July,2024,%Q,Q3
BK02016,2024-11-08,2024-12-07,2024-12-19,12,Deluxe,71318,0,71318,855816,Airline Crew,FBN Holdings,Direct,Completed,Nigerian,3,Credit Card,Amaka Osei,December,2024,%Q,Q4
BK02017,2023-07-17,2023-08-01,2023-08-05,4,Presidential,375116,5,356360,1425441,Leisure,Individual Guest,Travel Agent,Completed,Nigerian,2,Bank Transfer,Direct Booking,August,2023,%Q,Q3
BK02018,2023-04-25,2023-04-30,2023-05-08,8,Executive,107936,5,102539,820314,Corporate,Lafarge Africa,Direct,Completed,Nigerian,4,Bank Transfer,Emeka Okonkwo,April,2023,%Q,Q2
BK02019,2024-07-17,2024-08-26,2024-09-08,13,Presidential,369604,10,332644,4324367,Airline Crew,Flour Mills Nigeria,Corporate Agreement,Completed,Nigerian,4,Cash,Tunde Adeyemi,August,2024,%Q,Q3
BK02020,2023-09-29,2023-10-18,2023-10-29,11,Suite,176836,0,176836,1945196,Leisure,Individual Guest,Corporate Agreement,Completed,Nigerian,1,Corporate Account,Direct Booking,October,2023,%Q,Q4
BK02021,2024-04-24,2024-05-14,2024-05-15,1,Presidential,373340,10,336006,0,Leisure,Individual Guest,Travel Agent,Cancelled,American,3,Corporate Account,Amaka Osei,May,2024,%Q,Q2
BK02022,2023-05-19,2023-07-07,2023-07-11,4,Standard,52595,20,42076,168304,Corporate,GTCO,Online Travel Agent,Completed,Nigerian,2,POS,Chioma Eze,July,2023,%Q,Q3
BK02023,2024-10-30,2024-11-19,2024-11-22,3,Deluxe,76288,0,76288,228864,MICE,Chevron Nigeria,Corporate Agreement,Completed,Nigerian,4,Corporate Account,Fatima Bello,November,2024,%Q,Q4
BK02024,2023-07-24,2023-08-23,2023-08-28,5,Suite,144300,15,122655,613275,Corporate,Glo Mobile,Travel Agent,Completed,Nigerian,4,Corporate Account,Chioma Eze,August,2023,%Q,Q3
BK02025,2023-01-01,2023-01-06,2023-01-19,13,Executive,98624,0,98624,1282112,Airline Crew,9mobile,Direct,Completed,Nigerian,2,Bank Transfer,Chioma Eze,January,2023,%Q,Q1
BK02026,2024-10-23,2024-11-08,2024-11-20,12,Suite,174562,10,157106,1885270,Leisure,Individual Guest,Travel Agent,Completed,Nigerian,2,Credit Card,Fatima Bello,November,2024,%Q,Q4
BK02027,2024-04-06,2024-05-30,2024-06-07,8,Suite,127001,15,107951,863607,Corporate,Chevron Nigeria,Online Travel Agent,Completed,American,4,Bank Transfer,Emeka Okonkwo,May,2024,%Q,Q2
BK02028,2023-08-06,2023-09-13,2023-09-18,5,Presidential,348308,5,330893,1654463,Corporate,Dangote Group,Direct,Completed,Nigerian,4,Bank Transfer,Chioma Eze,September,2023,%Q,Q3
BK02029,2023-01-27,2023-03-17,2023-03-23,6,Executive,104946,20,83957,503741,Government,GTCO,Corporate Agreement,Completed,Nigerian,3,POS,Chioma Eze,March,2023,%Q,Q1
BK02030,2024-06-09,2024-06-27,2024-07-11,14,Standard,49602,0,49602,694428,MICE,Zenith Bank,Corporate Agreement,Completed,South African,2,Corporate Account,Chioma Eze,June,2024,%Q,Q2
BK02031,2023-11-11,2023-11-25,2023-12-03,8,Executive,118737,15,100926,0,Corporate,Flour Mills Nigeria,Corporate Agreement,No Show,Nigerian,4,Corporate Account,Amaka Osei,November,2023,%Q,Q4
BK02032,2024-05-10,2024-05-13,2024-05-26,13,Presidential,265803,15,225933,2937123,Government,Nigerian Ports Authority,Online Travel Agent,Confirmed,Nigerian,4,Cash,Fatima Bello,May,2024,%Q,Q2
BK02033,2024-07-02,2024-08-11,2024-08-17,6,Standard,47475,10,42728,256365,Leisure,Individual Guest,Travel Agent,Completed,Nigerian,4,Bank Transfer,Fatima Bello,August,2024,%Q,Q3
BK02034,2024-09-09,2024-10-27,2024-10-31,4,Standard,59121,0,59121,236484,MICE,Oando PLC,Travel Agent,Completed,South African,1,Cash,Direct Booking,October,2024,%Q,Q4
BK02035,2024-10-04,2024-10-25,2024-11-04,10,Executive,129584,0,129584,1295840,MICE,NNPC,Online Travel Agent,Completed,Nigerian,1,Corporate Account,Fatima Bello,October,2024,%Q,Q4
BK02036,2023-07-23,2023-08-19,2023-08-25,6,Deluxe,78482,0,78482,470892,MICE,Airtel Nigeria,Corporate Agreement,Completed,Nigerian,2,Cash,Fatima Bello,August,2023,%Q,Q3
BK02037,2023-05-13,2023-06-01,2023-06-05,4,Deluxe,73306,5,69641,278563,Corporate,Conoil,Online Travel Agent,Completed,Indian,2,Cash,Chioma Eze,June,2023,%Q,Q2
BK02038,2023-07-16,2023-07-26,2023-07-31,5,Executive,112765,0,112765,563825,Corporate,Lafarge Africa,Direct,Completed,Kenyan,4,Bank Transfer,Emeka Okonkwo,July,2023,%Q,Q3
BK02039,2024-02-12,2024-03-30,2024-04-13,14,Deluxe,82465,20,65972,923608,Corporate,Seplat Energy,Direct,Completed,Nigerian,2,Bank Transfer,Amaka Osei,March,2024,%Q,Q1
BK02040,2024-07-13,2024-08-15,2024-08-27,12,Standard,50337,0,50337,604044,MICE,Unilever Nigeria,Corporate Agreement,Completed,Nigerian,2,Corporate Account,Chioma Eze,August,2024,%Q,Q3
BK02041,2023-03-02,2023-04-03,2023-04-16,13,Suite,151324,10,136192,1770491,Corporate,Unilever Nigeria,Direct,Completed,Nigerian,1,Corporate Account,Emeka Okonkwo,April,2023,%Q,Q2
BK02042,2023-11-13,2024-01-05,2024-01-10,5,Standard,59226,15,50342,0,Government,GTCO,Corporate Agreement,Cancelled,American,1,Corporate Account,Emeka Okonkwo,January,2024,%Q,Q1
BK02043,2024-10-22,2024-10-24,2024-10-30,6,Deluxe,78159,10,70343,422059,Corporate,MTN Nigeria,Direct,Confirmed,American,2,Bank Transfer,Amaka Osei,October,2024,%Q,Q4
BK02044,2023-12-21,2024-01-16,2024-01-26,10,Deluxe,83737,15,71176,711764,Corporate,Shell Nigeria,Travel Agent,Completed,Nigerian,1,Credit Card,Amaka Osei,January,2024,%Q,Q1
BK02045,2023-07-03,2023-07-28,2023-08-02,5,Suite,179570,5,170592,852958,MICE,Airtel Nigeria,Direct,Confirmed,Nigerian,2,Bank Transfer,Emeka Okonkwo,July,2023,%Q,Q3
BK02046,2023-01-24,2023-02-17,2023-02-26,9,Presidential,387679,15,329527,2965744,Corporate,Nigerian Breweries,Travel Agent,Confirmed,Nigerian,4,Bank Transfer,Amaka Osei,February,2023,%Q,Q1
BK02047,2024-01-04,2024-03-01,2024-03-15,14,Presidential,365452,20,292362,4093062,Corporate,MTN Nigeria,Online Travel Agent,Completed,French,3,Cash,Tunde Adeyemi,March,2024,%Q,Q1
BK02048,2024-11-09,2024-11-15,2024-11-27,12,Executive,127296,0,127296,1527552,Group,Individual Guest,Direct,Completed,Nigerian,2,Credit Card,Tunde Adeyemi,November,2024,%Q,Q4
BK02049,2023-03-14,2023-04-08,2023-04-20,12,Suite,178125,10,160312,0,Group,Individual Guest,Direct,No Show,South African,4,Cash,Chioma Eze,April,2023,%Q,Q2
BK02050,2024-05-11,2024-06-16,2024-06-25,9,Suite,169800,10,152820,1375380,Government,Airtel Nigeria,Corporate Agreement,Completed,British,1,Corporate Account,Amaka Osei,June,2024,%Q,Q2
BK02051,2023-06-27,2023-07-06,2023-07-07,1,Standard,52793,15,44874,44874,Corporate,Airtel Nigeria,Online Travel Agent,Confirmed,Kenyan,4,POS,Tunde Adeyemi,July,2023,%Q,Q3
BK02052,2023-06-30,2023-08-08,2023-08-16,8,Suite,155774,0,155774,1246192,Leisure,Individual Guest,Corporate Agreement,Completed,Nigerian,2,Cash,Chioma Eze,August,2023,%Q,Q3
BK02053,2023-10-22,2023-12-16,2023-12-29,13,Executive,124905,0,124905,1623765,Group,Individual Guest,Online Travel Agent,Completed,Nigerian,4,Cash,Amaka Osei,December,2023,%Q,Q4
BK02054,2024-07-04,2024-07-10,2024-07-13,3,Deluxe,84989,10,76490,229470,MICE,Unilever Nigeria,Direct,Completed,Kenyan,4,Corporate Account,Chioma Eze,July,2024,%Q,Q3
BK02055,2023-02-22,2023-03-26,2023-04-09,14,Deluxe,83027,10,74724,1046140,MICE,Julius Berger,Corporate Agreement,Confirmed,South African,2,Cash,Tunde Adeyemi,March,2023,%Q,Q1
BK02056,2024-06-24,2024-06-27,2024-07-06,9,Presidential,345068,10,310561,2795051,Leisure,Individual Guest,Walk In,Completed,Nigerian,2,Bank Transfer,Tunde Adeyemi,June,2024,%Q,Q2
BK02057,2023-06-22,2023-08-20,2023-09-03,14,Deluxe,87721,20,70177,982475,Government,NNPC,Direct,Completed,Indian,4,Cash,Emeka Okonkwo,August,2023,%Q,Q3
BK02058,2024-02-07,2024-03-07,2024-03-15,8,Suite,128920,10,116028,928224,Group,Individual Guest,Direct,Completed,American,2,Cash,Direct Booking,March,2024,%Q,Q1
BK02059,2024-08-28,2024-08-31,2024-09-02,2,Executive,104194,15,88565,177130,Corporate,Chevron Nigeria,Travel Agent,Completed,Indian,2,Corporate Account,Tunde Adeyemi,August,2024,%Q,Q3
BK02060,2024-01-24,2024-02-05,2024-02-15,10,Deluxe,81482,15,69260,692597,Corporate,FBN Holdings,Online Travel Agent,Confirmed,American,2,Credit Card,Fatima Bello,February,2024,%Q,Q1
BK02061,2023-05-09,2023-05-26,2023-06-06,11,Suite,120705,5,114670,1261367,Group,Individual Guest,Online Travel Agent,Completed,South African,2,Corporate Account,Fatima Bello,May,2023,%Q,Q2
BK02062,2023-10-26,2023-11-02,2023-11-16,14,Presidential,369109,15,313743,4392397,Corporate,Glo Mobile,Walk In,Completed,Nigerian,4,Bank Transfer,Chioma Eze,November,2023,%Q,Q4
BK02063,2024-06-27,2024-08-22,2024-08-25,3,Executive,114077,15,96965,290896,Corporate,Nigerian Breweries,Corporate Agreement,Confirmed,Indian,4,Credit Card,Chioma Eze,August,2024,%Q,Q3
BK02064,2024-01-27,2024-03-07,2024-03-08,1,Standard,54181,0,54181,54181,MICE,FBN Holdings,Corporate Agreement,Completed,Nigerian,3,Cash,Direct Booking,March,2024,%Q,Q1
BK02065,2023-01-01,2023-01-14,2023-01-16,2,Executive,110908,10,99817,0,Leisure,Individual Guest,Online Travel Agent,Cancelled,Nigerian,4,Corporate Account,Direct Booking,January,2023,%Q,Q1
BK02066,2024-04-17,2024-06-15,2024-06-29,14,Executive,97759,0,97759,1368626,Group,Individual Guest,Travel Agent,Completed,Indian,1,Bank Transfer,Fatima Bello,June,2024,%Q,Q2
BK02067,2023-11-23,2024-01-05,2024-01-15,10,Presidential,360580,5,342551,3425510,MICE,Conoil,Travel Agent,Completed,Kenyan,1,POS,Fatima Bello,January,2024,%Q,Q1
BK02068,2024-08-17,2024-10-05,2024-10-17,12,Executive,96680,10,87012,1044144,Corporate,Total Energies,Walk In,Confirmed,Nigerian,4,Bank Transfer,Emeka Okonkwo,October,2024,%Q,Q4
BK02069,2023-11-21,2024-01-03,2024-01-17,14,Suite,143093,0,143093,2003302,Airline Crew,PZ Cussons,Travel Agent,Completed,Nigerian,2,Cash,Direct Booking,January,2024,%Q,Q1
BK02070,2024-05-31,2024-07-25,2024-08-07,13,Presidential,334379,0,334379,4346927,Group,Individual Guest,Travel Agent,Completed,Nigerian,3,Bank Transfer,Emeka Okonkwo,July,2024,%Q,Q3
BK02071,2024-08-07,2024-09-23,2024-10-02,9,Deluxe,80372,5,76353,687181,MICE,Nigerian Breweries,Direct,Completed,Nigerian,2,Corporate Account,Fatima Bello,September,2024,%Q,Q3
BK02072,2023-06-03,2023-07-27,2023-08-01,5,Executive,117976,5,112077,560386,Corporate,Seplat Energy,Travel Agent,Completed,Indian,1,Bank Transfer,Chioma Eze,July,2023,%Q,Q3
BK02073,2024-06-21,2024-08-18,2024-08-23,5,Presidential,396927,10,357234,1786172,Corporate,Total Energies,Corporate Agreement,Completed,Nigerian,4,POS,Amaka Osei,August,2024,%Q,Q3
BK02074,2023-05-09,2023-05-30,2023-06-11,12,Presidential,342746,0,342746,4112952,Leisure,Individual Guest,Direct,Completed,Indian,1,POS,Chioma Eze,May,2023,%Q,Q2
BK02075,2023-06-28,2023-08-19,2023-08-27,8,Standard,53057,0,53057,424456,Leisure,Individual Guest,Direct,Completed,Nigerian,2,Credit Card,Direct Booking,August,2023,%Q,Q3
BK02076,2024-02-04,2024-03-26,2024-04-06,11,Deluxe,74763,15,63549,699034,Corporate,PZ Cussons,Travel Agent,Completed,Nigerian,2,Corporate Account,Emeka Okonkwo,March,2024,%Q,Q1
BK02077,2023-06-07,2023-07-10,2023-07-24,14,Presidential,354757,5,337019,4718268,Group,Individual Guest,Walk In,Completed,South African,3,Cash,Direct Booking,July,2023,%Q,Q3
BK02078,2023-11-19,2024-01-15,2024-01-21,6,Deluxe,80490,0,80490,482940,Leisure,Individual Guest,Corporate Agreement,Confirmed,Nigerian,2,Credit Card,Direct Booking,January,2024,%Q,Q1
BK02079,2024-05-04,2024-06-03,2024-06-15,12,Presidential,332178,10,298960,3587522,Corporate,Guinness Nigeria,Corporate Agreement,Completed,British,4,Credit Card,Fatima Bello,June,2024,%Q,Q2
BK02080,2024-08-08,2024-08-11,2024-08-25,14,Executive,123696,0,123696,1731744,Leisure,Individual Guest,Walk In,Completed,Nigerian,1,Corporate Account,Fatima Bello,August,2024,%Q,Q3
BK02081,2024-03-19,2024-05-03,2024-05-17,14,Deluxe,72089,5,68485,958784,Group,Individual Guest,Corporate Agreement,Confirmed,British,4,Bank Transfer,Direct Booking,May,2024,%Q,Q2
BK02082,2024-10-23,2024-12-22,2025-01-04,13,Deluxe,82984,5,78835,1024852,Corporate,Seplat Energy,Corporate Agreement,Completed,Nigerian,4,POS,Tunde Adeyemi,December,2024,%Q,Q4
BK02083,2024-05-30,2024-07-06,2024-07-17,11,Suite,176540,20,141232,1553552,Corporate,Dangote Group,Online Travel Agent,Completed,Nigerian,1,POS,Amaka Osei,July,2024,%Q,Q3
BK02084,2024-02-18,2024-02-28,2024-03-11,12,Deluxe,78152,0,78152,937824,Airline Crew,Total Energies,Direct,Completed,Chinese,3,Bank Transfer,Direct Booking,February,2024,%Q,Q1
BK02085,2023-03-02,2023-04-07,2023-04-14,7,Executive,121710,5,115624,809372,Leisure,Individual Guest,Travel Agent,Completed,Nigerian,2,Cash,Chioma Eze,April,2023,%Q,Q2
BK02086,2023-09-11,2023-09-16,2023-09-24,8,Deluxe,78536,10,70682,0,Leisure,Individual Guest,Walk In,Cancelled,British,1,Corporate Account,Chioma Eze,September,2023,%Q,Q3
BK02087,2023-07-27,2023-09-21,2023-09-22,1,Presidential,265964,0,265964,265964,Airline Crew,Dangote Group,Direct,Completed,Nigerian,1,Bank Transfer,Fatima Bello,September,2023,%Q,Q3
BK02088,2024-01-28,2024-01-29,2024-02-03,5,Presidential,397682,0,397682,1988410,Leisure,Individual Guest,Direct,Confirmed,British,2,Credit Card,Emeka Okonkwo,January,2024,%Q,Q1
BK02089,2023-02-26,2023-04-10,2023-04-24,14,Deluxe,89651,5,85168,0,Leisure,Individual Guest,Online Travel Agent,Cancelled,Kenyan,2,POS,Tunde Adeyemi,April,2023,%Q,Q2
BK02090,2023-01-30,2023-02-01,2023-02-11,10,Presidential,281531,0,281531,2815310,MICE,GTCO,Direct,Completed,American,2,POS,Fatima Bello,February,2023,%Q,Q1
BK02091,2024-04-16,2024-05-24,2024-05-28,4,Deluxe,90093,15,76579,306316,Government,Oando PLC,Online Travel Agent,Completed,Nigerian,1,Bank Transfer,Emeka Okonkwo,May,2024,%Q,Q2
BK02092,2023-09-01,2023-09-10,2023-09-16,6,Deluxe,86081,20,68865,413189,Corporate,Lagos State Government,Direct,Confirmed,German,1,POS,Emeka Okonkwo,September,2023,%Q,Q3
BK02093,2023-02-22,2023-04-04,2023-04-15,11,Suite,179760,0,179760,1977360,Leisure,Individual Guest,Online Travel Agent,Completed,Nigerian,3,Credit Card,Fatima Bello,April,2023,%Q,Q2
BK02094,2023-04-01,2023-05-19,2023-05-27,8,Deluxe,79599,20,63679,509434,Government,NNPC,Online Travel Agent,Completed,Nigerian,3,Bank Transfer,Emeka Okonkwo,May,2023,%Q,Q2
BK02095,2024-04-16,2024-05-10,2024-05-20,10,Suite,152611,0,152611,1526110,Airline Crew,UBA Group,Corporate Agreement,Completed,Nigerian,1,Credit Card,Amaka Osei,May,2024,%Q,Q2
BK02096,2024-06-28,2024-08-24,2024-09-05,12,Presidential,392288,10,353059,4236710,Corporate,Airtel Nigeria,Online Travel Agent,Completed,Nigerian,2,Corporate Account,Chioma Eze,August,2024,%Q,Q3
BK02097,2024-05-13,2024-07-04,2024-07-05,1,Executive,128316,0,128316,0,Leisure,Individual Guest,Online Travel Agent,Cancelled,American,4,Bank Transfer,Tunde Adeyemi,July,2024,%Q,Q3
BK02098,2023-07-26,2023-08-15,2023-08-27,12,Standard,51671,0,51671,620052,Leisure,Individual Guest,Corporate Agreement,Completed,Nigerian,1,Credit Card,Emeka Okonkwo,August,2023,%Q,Q3
BK02099,2023-01-01,2023-01-05,2023-01-09,4,Suite,131603,10,118443,473771,Airline Crew,Guinness Nigeria,Travel Agent,Completed,Nigerian,2,POS,Tunde Adeyemi,January,2023,%Q,Q1
BK02100,2024-09-20,2024-11-15,2024-11-20,5,Executive,115299,15,98004,490021,Corporate,FBN Holdings,Direct,Completed,Ghanaian,2,Cash,Emeka Okonkwo,November,2024,%Q,Q4
BK02101,2023-09-17,2023-09-17,2023-09-27,10,Executive,97739,0,97739,977390,Group,Individual Guest,Corporate Agreement,Completed,Nigerian,1,Bank Transfer,Direct Booking,September,2023,%Q,Q3
BK02102,2024-05-04,2024-05-15,2024-05-17,2,Presidential,335820,10,302238,604476,Corporate,Flour Mills Nigeria,Corporate Agreement,Completed,American,3,POS,Chioma Eze,May,2024,%Q,Q2
BK02103,2024-07-31,2024-08-06,2024-08-11,5,Standard,57940,5,55043,275215,MICE,Julius Berger,Corporate Agreement,Completed,Nigerian,1,POS,Tunde Adeyemi,August,2024,%Q,Q3
BK02104,2024-04-28,2024-05-05,2024-05-07,2,Deluxe,71246,5,67684,135367,MICE,Total Energies,Corporate Agreement,Confirmed,Nigerian,3,POS,Emeka Okonkwo,May,2024,%Q,Q2
BK02105,2023-04-19,2023-05-27,2023-06-04,8,Standard,61502,0,61502,492016,MICE,Julius Berger,Corporate Agreement,Completed,Nigerian,3,Credit Card,Amaka Osei,May,2023,%Q,Q2
BK02106,2023-05-31,2023-06-29,2023-07-05,6,Deluxe,91107,15,77441,0,Corporate,FAAN,Direct,Cancelled,Nigerian,3,Credit Card,Tunde Adeyemi,June,2023,%Q,Q2
BK02107,2023-01-01,2023-01-26,2023-02-09,14,Standard,53053,0,53053,742742,Group,Individual Guest,Direct,Completed,Nigerian,1,Bank Transfer,Chioma Eze,January,2023,%Q,Q1
BK02108,2024-01-21,2024-02-24,2024-03-04,9,Standard,50567,5,48039,432348,Group,Individual Guest,Direct,Completed,French,1,Credit Card,Direct Booking,February,2024,%Q,Q1
BK02109,2023-01-01,2023-01-04,2023-01-14,10,Executive,102840,0,102840,1028400,MICE,Conoil,Direct,Completed,British,4,POS,Emeka Okonkwo,January,2023,%Q,Q1
BK02110,2024-11-09,2024-12-03,2024-12-13,10,Executive,110575,5,105046,1050462,Group,Individual Guest,Online Travel Agent,Completed,German,2,Corporate Account,Emeka Okonkwo,December,2024,%Q,Q4
BK02111,2024-06-19,2024-07-03,2024-07-09,6,Deluxe,79399,5,75429,0,Group,Individual Guest,Walk In,Cancelled,German,1,Cash,Tunde Adeyemi,July,2024,%Q,Q3
BK02112,2023-11-02,2023-11-04,2023-11-07,3,Executive,121894,5,115799,347398,Group,Individual Guest,Direct,Completed,Nigerian,2,Cash,Direct Booking,November,2023,%Q,Q4
BK02113,2024-02-07,2024-03-07,2024-03-14,7,Executive,124090,0,124090,868630,Airline Crew,Oando PLC,Online Travel Agent,Completed,Nigerian,2,POS,Direct Booking,March,2024,%Q,Q1
BK02114,2023-07-30,2023-08-11,2023-08-23,12,Presidential,301013,10,270912,3250940,Government,Nigerian Ports Authority,Online Travel Agent,Completed,South African,3,Cash,Emeka Okonkwo,August,2023,%Q,Q3
BK02115,2024-01-08,2024-02-07,2024-02-10,3,Standard,62787,0,62787,188361,Group,Individual Guest,Travel Agent,Completed,South African,1,Corporate Account,Fatima Bello,February,2024,%Q,Q1
BK02116,2023-07-07,2023-08-11,2023-08-17,6,Deluxe,91615,10,82454,494721,Leisure,Individual Guest,Direct,Completed,Nigerian,4,Credit Card,Direct Booking,August,2023,%Q,Q3
BK02117,2024-10-28,2024-11-14,2024-11-17,3,Presidential,290856,0,290856,872568,Group,Individual Guest,Travel Agent,Completed,Nigerian,2,Corporate Account,Chioma Eze,November,2024,%Q,Q4
BK02118,2024-04-04,2024-05-13,2024-05-19,6,Presidential,389090,0,389090,2334540,Group,Individual Guest,Corporate Agreement,Completed,South African,1,Bank Transfer,Amaka Osei,May,2024,%Q,Q2
BK02119,2023-12-01,2023-12-06,2023-12-20,14,Suite,179100,10,161190,2256660,Leisure,Individual Guest,Walk In,Completed,Nigerian,3,Cash,Amaka Osei,December,2023,%Q,Q4
BK02120,2024-03-12,2024-04-02,2024-04-10,8,Deluxe,79494,5,75519,604154,Corporate,Chevron Nigeria,Direct,Completed,Nigerian,4,POS,Fatima Bello,April,2024,%Q,Q2
BK02121,2024-06-19,2024-07-29,2024-08-07,9,Executive,113430,0,113430,1020870,Group,Individual Guest,Walk In,Completed,American,1,Corporate Account,Tunde Adeyemi,July,2024,%Q,Q3
BK02122,2023-04-19,2023-05-19,2023-05-26,7,Executive,126252,15,107314,751199,Corporate,Air Peace,Walk In,Completed,Nigerian,2,POS,Emeka Okonkwo,May,2023,%Q,Q2
BK02123,2023-01-01,2023-01-21,2023-01-29,8,Presidential,340132,10,306119,2448950,Government,Access Bank,Direct,Completed,Nigerian,2,Corporate Account,Chioma Eze,January,2023,%Q,Q1
BK02124,2024-10-06,2024-11-15,2024-11-19,4,Suite,139159,0,139159,556636,Group,Individual Guest,Direct,Completed,British,4,Bank Transfer,Emeka Okonkwo,November,2024,%Q,Q4
BK02125,2023-12-24,2024-01-09,2024-01-23,14,Deluxe,86823,15,73800,1033194,Corporate,Air Peace,Walk In,Completed,Nigerian,3,Cash,Tunde Adeyemi,January,2024,%Q,Q1
BK02126,2024-03-17,2024-03-19,2024-03-25,6,Suite,169151,0,169151,1014906,Airline Crew,Oando PLC,Online Travel Agent,Completed,Nigerian,1,Bank Transfer,Fatima Bello,March,2024,%Q,Q1
BK02127,2023-11-29,2024-01-25,2024-01-29,4,Executive,119904,5,113909,455635,Leisure,Individual Guest,Direct,Completed,Nigerian,4,POS,Chioma Eze,January,2024,%Q,Q1
BK02128,2024-12-17,2024-12-25,2024-12-31,6,Suite,167128,20,133702,802214,Corporate,Julius Berger,Direct,Completed,French,3,Bank Transfer,Direct Booking,December,2024,%Q,Q4
BK02129,2023-03-07,2023-04-27,2023-04-28,1,Deluxe,94971,0,94971,0,Corporate,Zenith Bank,Direct,Cancelled,British,1,Bank Transfer,Tunde Adeyemi,April,2023,%Q,Q2
BK02130,2023-01-01,2023-01-14,2023-01-26,12,Suite,177026,20,141621,0,Government,Zenith Bank,Corporate Agreement,Cancelled,Kenyan,1,Cash,Emeka Okonkwo,January,2023,%Q,Q1
BK02131,2023-03-21,2023-05-05,2023-05-06,1,Deluxe,76537,10,68883,0,Government,Access Bank,Corporate Agreement,Cancelled,Nigerian,2,Credit Card,Emeka Okonkwo,May,2023,%Q,Q2
BK02132,2023-03-03,2023-03-23,2023-03-30,7,Presidential,300499,10,270449,0,Leisure,Individual Guest,Walk In,Cancelled,British,3,Corporate Account,Tunde Adeyemi,March,2023,%Q,Q1
BK02133,2023-02-21,2023-03-04,2023-03-12,8,Presidential,251655,5,239072,1912578,Corporate,Julius Berger,Travel Agent,Completed,British,1,Bank Transfer,Tunde Adeyemi,March,2023,%Q,Q1
BK02134,2023-06-21,2023-07-11,2023-07-25,14,Deluxe,75322,5,71556,1001783,Leisure,Individual Guest,Direct,Completed,Nigerian,2,Cash,Direct Booking,July,2023,%Q,Q3
BK02135,2023-08-23,2023-09-14,2023-09-28,14,Deluxe,87385,20,69908,978712,Corporate,Flour Mills Nigeria,Direct,Completed,Nigerian,1,Cash,Emeka Okonkwo,September,2023,%Q,Q3
BK02136,2024-02-02,2024-03-16,2024-03-18,2,Executive,95786,10,86207,172415,Airline Crew,Access Bank,Travel Agent,Completed,French,1,POS,Direct Booking,March,2024,%Q,Q1
BK02137,2023-08-04,2023-09-26,2023-10-08,12,Suite,149542,0,149542,1794504,Leisure,Individual Guest,Online Travel Agent,Completed,Nigerian,2,Cash,Emeka Okonkwo,September,2023,%Q,Q3
BK02138,2024-08-22,2024-08-24,2024-08-27,3,Suite,146852,5,139509,418528,Leisure,Individual Guest,Walk In,Completed,Kenyan,4,Corporate Account,Emeka Okonkwo,August,2024,%Q,Q3
BK02139,2023-04-20,2023-06-06,2023-06-09,3,Executive,122498,10,110248,330745,Government,Nestle Nigeria,Online Travel Agent,Completed,Kenyan,3,Corporate Account,Tunde Adeyemi,June,2023,%Q,Q2
BK02140,2024-01-28,2024-03-20,2024-04-02,13,Deluxe,74949,0,74949,0,Leisure,Individual Guest,Direct,Cancelled,Nigerian,3,Cash,Tunde Adeyemi,March,2024,%Q,Q1
BK02141,2023-01-01,2023-01-23,2023-01-31,8,Deluxe,79945,5,75948,0,MICE,FBN Holdings,Online Travel Agent,Cancelled,American,2,Corporate Account,Emeka Okonkwo,January,2023,%Q,Q1
BK02142,2024-10-21,2024-11-12,2024-11-13,1,Standard,47192,5,44832,44832,Airline Crew,Transcorp Hotels,Direct,Completed,Nigerian,4,Credit Card,Emeka Okonkwo,November,2024,%Q,Q4
BK02143,2023-01-01,2023-01-14,2023-01-19,5,Deluxe,81094,0,81094,405470,Group,Individual Guest,Online Travel Agent,Completed,Nigerian,3,POS,Tunde Adeyemi,January,2023,%Q,Q1
BK02144,2023-12-05,2024-01-18,2024-01-31,13,Deluxe,82109,0,82109,1067417,Leisure,Individual Guest,Direct,Completed,Nigerian,3,Credit Card,Tunde Adeyemi,January,2024,%Q,Q1
BK02145,2023-09-20,2023-11-17,2023-11-28,11,Executive,113384,10,102046,1122502,Leisure,Individual Guest,Online Travel Agent,Completed,Nigerian,2,Cash,Tunde Adeyemi,November,2023,%Q,Q4
BK02146,2024-07-26,2024-09-16,2024-09-20,4,Deluxe,86010,0,86010,344040,Leisure,Individual Guest,Online Travel Agent,Completed,French,3,Credit Card,Emeka Okonkwo,September,2024,%Q,Q3
BK02147,2024-05-27,2024-06-25,2024-07-03,8,Presidential,319732,15,271772,2174178,Corporate,FAAN,Travel Agent,Completed,Nigerian,1,Cash,Tunde Adeyemi,June,2024,%Q,Q2
BK02148,2023-08-01,2023-09-10,2023-09-14,4,Standard,55722,10,50150,200599,Leisure,Individual Guest,Corporate Agreement,Completed,South African,3,Corporate Account,Chioma Eze,September,2023,%Q,Q3
BK02149,2024-05-12,2024-07-03,2024-07-07,4,Deluxe,89581,0,89581,358324,Group,Individual Guest,Direct,Completed,French,3,POS,Fatima Bello,July,2024,%Q,Q3
BK02150,2023-12-08,2024-01-21,2024-01-28,7,Standard,54770,15,46554,325882,Corporate,Shell Nigeria,Direct,Completed,British,3,Bank Transfer,Emeka Okonkwo,January,2024,%Q,Q1
BK02151,2023-04-22,2023-06-01,2023-06-09,8,Executive,105287,0,105287,842296,Leisure,Individual Guest,Direct,Completed,Nigerian,4,Credit Card,Chioma Eze,June,2023,%Q,Q2
BK02152,2023-06-08,2023-06-16,2023-06-26,10,Suite,121111,15,102944,1029443,Corporate,Airtel Nigeria,Online Travel Agent,Completed,Nigerian,1,Corporate Account,Direct Booking,June,2023,%Q,Q2
BK02153,2024-09-28,2024-10-23,2024-10-29,6,Deluxe,80702,0,80702,484212,Group,Individual Guest,Corporate Agreement,Completed,Nigerian,1,Bank Transfer,Fatima Bello,October,2024,%Q,Q4
BK02154,2024-03-25,2024-05-23,2024-05-25,2,Standard,49584,15,42146,84293,Corporate,Chevron Nigeria,Direct,Completed,South African,1,Cash,Chioma Eze,May,2024,%Q,Q2
BK02155,2023-12-14,2023-12-18,2023-12-31,13,Executive,121251,0,121251,1576263,Leisure,Individual Guest,Corporate Agreement,Completed,Nigerian,1,POS,Tunde Adeyemi,December,2023,%Q,Q4
BK02156,2024-03-28,2024-04-04,2024-04-07,3,Suite,134902,5,128157,384471,Corporate,Air Peace,Travel Agent,Confirmed,Nigerian,2,Bank Transfer,Amaka Osei,April,2024,%Q,Q2
BK02157,2023-05-29,2023-06-06,2023-06-20,14,Presidential,333744,0,333744,4672416,Corporate,Lagos State Government,Travel Agent,Confirmed,Nigerian,1,Corporate Account,Direct Booking,June,2023,%Q,Q2
BK02158,2023-07-22,2023-07-24,2023-08-03,10,Deluxe,77520,5,73644,736440,Leisure,Individual Guest,Corporate Agreement,Confirmed,British,2,POS,Chioma Eze,July,2023,%Q,Q3
BK02159,2023-07-03,2023-08-06,2023-08-09,3,Standard,54221,5,51510,154530,Corporate,Nigerian Ports Authority,Direct,Completed,Nigerian,3,Cash,Fatima Bello,August,2023,%Q,Q3
BK02160,2023-11-06,2023-12-01,2023-12-06,5,Standard,54351,0,54351,271755,Leisure,Individual Guest,Walk In,Completed,American,2,Credit Card,Emeka Okonkwo,December,2023,%Q,Q4
BK02161,2023-01-01,2023-02-12,2023-02-19,7,Standard,51736,0,51736,362152,Corporate,GTCO,Corporate Agreement,Completed,French,4,Cash,Chioma Eze,February,2023,%Q,Q1
BK02162,2024-10-11,2024-10-25,2024-11-05,11,Presidential,316147,15,268725,2955974,Corporate,Air Peace,Direct,Completed,Nigerian,4,Credit Card,Chioma Eze,October,2024,%Q,Q4
BK02163,2023-11-07,2023-12-02,2023-12-10,8,Presidential,293321,10,263989,2111911,Government,Transcorp Hotels,Direct,Completed,German,1,Bank Transfer,Tunde Adeyemi,December,2023,%Q,Q4
BK02164,2023-01-29,2023-02-01,2023-02-11,10,Standard,53986,10,48587,485874,Government,GTCO,Corporate Agreement,Completed,Indian,3,Bank Transfer,Amaka Osei,February,2023,%Q,Q1
BK02165,2024-09-26,2024-10-23,2024-10-27,4,Suite,124987,5,118738,474951,Corporate,Air Peace,Direct,Completed,Nigerian,4,Cash,Tunde Adeyemi,October,2024,%Q,Q4
BK02166,2023-03-18,2023-05-04,2023-05-15,11,Standard,60614,10,54553,600079,Corporate,Unilever Nigeria,Direct,Confirmed,Kenyan,3,POS,Fatima Bello,May,2023,%Q,Q2
BK02167,2023-01-01,2023-01-24,2023-02-05,12,Executive,99147,5,94190,0,Group,Individual Guest,Direct,Cancelled,American,4,Bank Transfer,Amaka Osei,January,2023,%Q,Q1
BK02168,2024-04-10,2024-04-21,2024-04-28,7,Standard,63899,15,54314,380199,Government,Zenith Bank,Travel Agent,Completed,American,2,Corporate Account,Direct Booking,April,2024,%Q,Q2
BK02169,2023-01-08,2023-01-25,2023-02-05,11,Deluxe,77694,0,77694,854634,Group,Individual Guest,Walk In,Completed,Nigerian,4,Corporate Account,Fatima Bello,January,2023,%Q,Q1
BK02170,2023-01-26,2023-02-18,2023-02-23,5,Standard,64596,0,64596,322980,Leisure,Individual Guest,Online Travel Agent,Completed,Nigerian,2,POS,Chioma Eze,February,2023,%Q,Q1
BK02171,2024-09-20,2024-10-16,2024-10-22,6,Deluxe,89012,0,89012,534072,Leisure,Individual Guest,Online Travel Agent,Completed,Nigerian,4,Corporate Account,Direct Booking,October,2024,%Q,Q4
BK02172,2024-02-09,2024-03-18,2024-03-20,2,Suite,177984,10,160186,320371,Corporate,9mobile,Online Travel Agent,Completed,Nigerian,1,Credit Card,Direct Booking,March,2024,%Q,Q1
BK02173,2024-04-23,2024-06-02,2024-06-16,14,Deluxe,89621,15,76178,1066490,Corporate,Chevron Nigeria,Corporate Agreement,Completed,Indian,1,Corporate Account,Tunde Adeyemi,June,2024,%Q,Q2
BK02174,2023-03-22,2023-04-25,2023-05-04,9,Standard,62025,15,52721,0,Corporate,MTN Nigeria,Corporate Agreement,No Show,Chinese,3,Credit Card,Direct Booking,April,2023,%Q,Q2
BK02175,2023-03-15,2023-04-30,2023-05-06,6,Suite,155943,10,140349,0,Government,Lagos State Government,Online Travel Agent,Cancelled,Nigerian,4,Credit Card,Amaka Osei,April,2023,%Q,Q2
BK02176,2024-11-29,2024-12-11,2024-12-24,13,Standard,61531,0,61531,799903,MICE,Honeywell Group,Direct,Confirmed,Indian,3,Corporate Account,Tunde Adeyemi,December,2024,%Q,Q4
BK02177,2024-07-02,2024-07-08,2024-07-19,11,Deluxe,70770,15,60154,661700,Corporate,UBA Group,Direct,Confirmed,South African,3,Bank Transfer,Amaka Osei,July,2024,%Q,Q3
BK02178,2023-03-03,2023-05-02,2023-05-09,7,Suite,163357,10,147021,1029149,Leisure,Individual Guest,Online Travel Agent,Completed,Nigerian,4,Cash,Tunde Adeyemi,May,2023,%Q,Q2
BK02179,2024-07-17,2024-08-26,2024-09-03,8,Presidential,260977,10,234879,1879034,Group,Individual Guest,Online Travel Agent,Completed,Nigerian,4,Corporate Account,Chioma Eze,August,2024,%Q,Q3
BK02180,2023-02-26,2023-04-11,2023-04-18,7,Presidential,342026,20,273621,1915346,Government,Honeywell Group,Online Travel Agent,Completed,Indian,3,Corporate Account,Amaka Osei,April,2023,%Q,Q2
BK02181,2023-03-21,2023-04-05,2023-04-07,2,Standard,59899,0,59899,119798,Leisure,Individual Guest,Corporate Agreement,Completed,Nigerian,4,Cash,Chioma Eze,April,2023,%Q,Q2
BK02182,2024-09-14,2024-09-20,2024-09-27,7,Standard,49206,5,46746,327220,Leisure,Individual Guest,Direct,Completed,Nigerian,2,POS,Amaka Osei,September,2024,%Q,Q3
BK02183,2023-09-03,2023-10-09,2023-10-21,12,Executive,98192,10,88373,1060474,Corporate,Unilever Nigeria,Online Travel Agent,Completed,French,1,Credit Card,Chioma Eze,October,2023,%Q,Q4
BK02184,2024-08-11,2024-09-07,2024-09-13,6,Standard,50072,0,50072,0,Airline Crew,Zenith Bank,Online Travel Agent,Cancelled,Nigerian,4,Credit Card,Direct Booking,September,2024,%Q,Q3
BK02185,2023-10-23,2023-11-06,2023-11-09,3,Suite,176725,0,176725,530175,Group,Individual Guest,Direct,Completed,Nigerian,1,Bank Transfer,Direct Booking,November,2023,%Q,Q4
BK02186,2023-04-06,2023-05-23,2023-05-26,3,Presidential,397526,15,337897,1013691,Corporate,Honeywell Group,Corporate Agreement,Completed,Nigerian,1,Cash,Fatima Bello,May,2023,%Q,Q2
BK02187,2024-04-13,2024-04-30,2024-05-01,1,Executive,122672,5,116538,116538,Corporate,Access Bank,Walk In,Completed,Nigerian,2,POS,Emeka Okonkwo,April,2024,%Q,Q2
BK02188,2023-04-24,2023-05-04,2023-05-05,1,Standard,63691,5,60506,60506,Corporate,Julius Berger,Walk In,Completed,Nigerian,1,Corporate Account,Chioma Eze,May,2023,%Q,Q2
BK02189,2024-08-12,2024-08-19,2024-08-26,7,Presidential,260421,0,260421,1822947,Corporate,Shell Nigeria,Corporate Agreement,Completed,Nigerian,1,Bank Transfer,Chioma Eze,August,2024,%Q,Q3
BK02190,2024-06-04,2024-06-21,2024-07-02,11,Presidential,389072,15,330711,3637823,Corporate,Nestle Nigeria,Direct,Completed,Nigerian,4,Credit Card,Tunde Adeyemi,June,2024,%Q,Q2
BK02191,2024-04-29,2024-05-05,2024-05-09,4,Deluxe,82709,0,82709,330836,Leisure,Individual Guest,Travel Agent,Completed,Nigerian,2,Credit Card,Direct Booking,May,2024,%Q,Q2
BK02192,2024-04-30,2024-05-04,2024-05-13,9,Presidential,293183,15,249206,2242850,Corporate,Federal Ministry of Works,Online Travel Agent,Completed,Nigerian,1,Corporate Account,Chioma Eze,May,2024,%Q,Q2
BK02193,2023-01-24,2023-02-13,2023-02-27,14,Executive,96813,20,77450,1084306,Corporate,Nigerian Ports Authority,Corporate Agreement,Completed,Kenyan,4,Credit Card,Direct Booking,February,2023,%Q,Q1
BK02194,2024-04-25,2024-06-05,2024-06-12,7,Deluxe,77908,10,70117,490820,Leisure,Individual Guest,Travel Agent,Completed,Nigerian,1,Corporate Account,Amaka Osei,June,2024,%Q,Q2
BK02195,2023-01-30,2023-03-28,2023-04-09,12,Deluxe,91017,10,81915,982984,Corporate,FBN Holdings,Online Travel Agent,Completed,Ghanaian,3,Cash,Chioma Eze,March,2023,%Q,Q1
BK02196,2024-03-26,2024-04-26,2024-05-05,9,Executive,103995,0,103995,935955,Leisure,Individual Guest,Online Travel Agent,Confirmed,Nigerian,1,POS,Fatima Bello,April,2024,%Q,Q2
BK02197,2024-08-08,2024-10-06,2024-10-11,5,Suite,177327,10,159594,797972,Corporate,Guinness Nigeria,Walk In,Completed,French,3,Credit Card,Fatima Bello,October,2024,%Q,Q4
BK02198,2023-06-25,2023-07-16,2023-07-30,14,Presidential,357882,10,322094,4509313,Corporate,NNPC,Direct,Completed,British,2,Cash,Tunde Adeyemi,July,2023,%Q,Q3
BK02199,2024-11-25,2024-12-30,2025-01-08,9,Suite,133399,0,133399,1200591,MICE,Total Energies,Corporate Agreement,Confirmed,Nigerian,3,Credit Card,Tunde Adeyemi,December,2024,%Q,Q4
BK02200,2024-09-24,2024-10-25,2024-11-07,13,Suite,136097,10,122487,1592335,Leisure,Individual Guest,Walk In,Completed,Nigerian,3,Credit Card,Chioma Eze,October,2024,%Q,Q4
BK02201,2023-03-08,2023-03-15,2023-03-20,5,Executive,120760,20,96608,483040,Corporate,Julius Berger,Direct,Completed,Nigerian,3,POS,Fatima Bello,March,2023,%Q,Q1
BK02202,2024-07-23,2024-08-04,2024-08-11,7,Suite,123341,0,123341,863387,Airline Crew,Honeywell Group,Online Travel Agent,Completed,Nigerian,2,Credit Card,Amaka Osei,August,2024,%Q,Q3
BK02203,2023-11-16,2024-01-06,2024-01-19,13,Standard,46344,0,46344,602472,MICE,FBN Holdings,Online Travel Agent,Confirmed,Nigerian,2,Corporate Account,Amaka Osei,January,2024,%Q,Q1
BK02204,2024-11-04,2024-11-07,2024-11-17,10,Standard,48651,20,38921,389208,Corporate,FBN Holdings,Direct,Completed,Nigerian,3,POS,Fatima Bello,November,2024,%Q,Q4
BK02205,2023-12-14,2023-12-29,2024-01-12,14,Deluxe,70752,0,70752,990528,Leisure,Individual Guest,Direct,Completed,Ghanaian,1,Credit Card,Emeka Okonkwo,December,2023,%Q,Q4
BK02206,2023-02-16,2023-04-04,2023-04-14,10,Presidential,320707,0,320707,3207070,MICE,Unilever Nigeria,Travel Agent,Confirmed,Nigerian,2,POS,Emeka Okonkwo,April,2023,%Q,Q2
BK02207,2023-08-08,2023-08-14,2023-08-19,5,Standard,52824,0,52824,264120,Group,Individual Guest,Travel Agent,Completed,Kenyan,2,Credit Card,Emeka Okonkwo,August,2023,%Q,Q3
BK02208,2023-02-08,2023-03-25,2023-04-01,7,Executive,124001,15,105401,737806,Corporate,FAAN,Travel Agent,Completed,Nigerian,4,Credit Card,Chioma Eze,March,2023,%Q,Q1
BK02209,2024-05-31,2024-06-20,2024-06-26,6,Standard,61352,0,61352,368112,Leisure,Individual Guest,Online Travel Agent,Completed,Nigerian,4,Bank Transfer,Tunde Adeyemi,June,2024,%Q,Q2
BK02210,2024-02-05,2024-02-18,2024-02-22,4,Suite,143151,10,128836,0,Leisure,Individual Guest,Direct,No Show,Nigerian,1,Corporate Account,Fatima Bello,February,2024,%Q,Q1
BK02211,2023-07-25,2023-09-07,2023-09-18,11,Standard,59819,5,56828,625109,Group,Individual Guest,Corporate Agreement,Confirmed,Nigerian,4,Corporate Account,Amaka Osei,September,2023,%Q,Q3
BK02212,2024-02-12,2024-03-10,2024-03-12,2,Suite,142821,0,142821,285642,Corporate,Nigerian Ports Authority,Direct,Completed,Nigerian,2,POS,Tunde Adeyemi,March,2024,%Q,Q1
BK02213,2024-01-23,2024-01-26,2024-02-01,6,Deluxe,72948,5,69301,0,Group,Individual Guest,Corporate Agreement,Cancelled,British,3,Bank Transfer,Chioma Eze,January,2024,%Q,Q1
BK02214,2023-05-24,2023-06-02,2023-06-07,5,Executive,113252,20,90602,0,Government,Total Energies,Online Travel Agent,Cancelled,Nigerian,1,Bank Transfer,Tunde Adeyemi,June,2023,%Q,Q2
BK02215,2024-09-12,2024-11-01,2024-11-14,13,Deluxe,79445,0,79445,1032785,Leisure,Individual Guest,Travel Agent,Completed,Nigerian,1,POS,Tunde Adeyemi,November,2024,%Q,Q4
BK02216,2023-02-21,2023-04-14,2023-04-19,5,Deluxe,87496,0,87496,437480,Corporate,Oando PLC,Online Travel Agent,Completed,Nigerian,2,Credit Card,Fatima Bello,April,2023,%Q,Q2
BK02217,2023-11-20,2023-11-30,2023-12-14,14,Suite,153636,10,138272,1935814,MICE,Dangote Group,Direct,Completed,Nigerian,3,Credit Card,Tunde Adeyemi,November,2023,%Q,Q4
BK02218,2023-09-28,2023-10-13,2023-10-21,8,Executive,106478,0,106478,851824,Group,Individual Guest,Direct,Completed,British,4,Bank Transfer,Amaka Osei,October,2023,%Q,Q4
BK02219,2023-01-01,2023-01-01,2023-01-06,5,Presidential,378439,10,340595,1702976,Group,Individual Guest,Online Travel Agent,Completed,Nigerian,3,Corporate Account,Fatima Bello,January,2023,%Q,Q1
BK02220,2024-06-22,2024-08-14,2024-08-26,12,Executive,111477,10,100329,1203952,Leisure,Individual Guest,Online Travel Agent,Completed,Nigerian,1,Credit Card,Amaka Osei,August,2024,%Q,Q3
BK02221,2023-12-24,2024-01-12,2024-01-26,14,Standard,64804,15,55083,771168,Government,FAAN,Online Travel Agent,Completed,Nigerian,2,Bank Transfer,Tunde Adeyemi,January,2024,%Q,Q1
BK02222,2024-10-06,2024-10-15,2024-10-28,13,Executive,104164,5,98956,1286425,Group,Individual Guest,Direct,Completed,Nigerian,3,Corporate Account,Tunde Adeyemi,October,2024,%Q,Q4
BK02223,2023-12-30,2024-02-13,2024-02-21,8,Executive,119351,15,101448,811587,Government,Oando PLC,Walk In,Confirmed,Nigerian,3,Bank Transfer,Tunde Adeyemi,February,2024,%Q,Q1
BK02224,2023-01-26,2023-02-24,2023-03-02,6,Executive,123402,10,111062,666371,Corporate,UBA Group,Online Travel Agent,Completed,Nigerian,3,Bank Transfer,Emeka Okonkwo,February,2023,%Q,Q1
BK02225,2023-05-20,2023-07-18,2023-07-23,5,Presidential,293501,20,234801,1174004,Corporate,Nigerian Breweries,Corporate Agreement,Confirmed,Nigerian,2,POS,Amaka Osei,July,2023,%Q,Q3
BK02226,2023-12-19,2024-01-16,2024-01-17,1,Executive,116891,5,111046,111046,MICE,Oando PLC,Online Travel Agent,Completed,Nigerian,1,POS,Fatima Bello,January,2024,%Q,Q1
BK02227,2024-03-27,2024-05-14,2024-05-21,7,Presidential,259478,5,246504,1725529,Group,Individual Guest,Corporate Agreement,Completed,Nigerian,3,Corporate Account,Tunde Adeyemi,May,2024,%Q,Q2
BK02228,2024-10-03,2024-10-12,2024-10-17,5,Deluxe,94972,10,85475,427374,Government,Access Bank,Direct,Completed,Nigerian,1,Cash,Amaka Osei,October,2024,%Q,Q4
BK02229,2023-06-13,2023-07-19,2023-07-26,7,Deluxe,83683,0,83683,585781,MICE,Shell Nigeria,Corporate Agreement,Completed,German,1,Bank Transfer,Tunde Adeyemi,July,2023,%Q,Q3
BK02230,2023-01-01,2023-02-08,2023-02-13,5,Executive,99331,15,84431,422157,Corporate,Chevron Nigeria,Online Travel Agent,Completed,Nigerian,3,Cash,Emeka Okonkwo,February,2023,%Q,Q1
BK02231,2023-08-18,2023-09-22,2023-10-02,10,Presidential,336664,10,302998,3029976,Group,Individual Guest,Direct,Completed,American,3,POS,Direct Booking,September,2023,%Q,Q3
BK02232,2023-07-19,2023-09-09,2023-09-13,4,Standard,59217,10,53295,213181,Leisure,Individual Guest,Online Travel Agent,Completed,Nigerian,1,Corporate Account,Direct Booking,September,2023,%Q,Q3
BK02233,2023-09-10,2023-11-04,2023-11-17,13,Suite,126979,10,114281,1485654,MICE,Guinness Nigeria,Direct,Completed,Indian,1,Credit Card,Emeka Okonkwo,November,2023,%Q,Q4
BK02234,2024-05-06,2024-06-01,2024-06-07,6,Executive,122478,0,122478,734868,Leisure,Individual Guest,Direct,Completed,British,3,Bank Transfer,Direct Booking,June,2024,%Q,Q2
BK02235,2024-01-30,2024-03-22,2024-03-29,7,Executive,105095,5,99840,698882,Leisure,Individual Guest,Online Travel Agent,Completed,Nigerian,4,Credit Card,Chioma Eze,March,2024,%Q,Q1
BK02236,2024-01-28,2024-02-10,2024-02-20,10,Executive,123187,0,123187,0,MICE,UBA Group,Travel Agent,No Show,Nigerian,4,Cash,Fatima Bello,February,2024,%Q,Q1
BK02237,2023-04-09,2023-04-14,2023-04-16,2,Standard,49916,0,49916,99832,Leisure,Individual Guest,Direct,Completed,Indian,1,Credit Card,Direct Booking,April,2023,%Q,Q2
BK02238,2024-04-25,2024-04-27,2024-04-30,3,Deluxe,79549,0,79549,238647,Airline Crew,Nigerian Ports Authority,Walk In,Completed,American,1,POS,Direct Booking,April,2024,%Q,Q2
BK02239,2023-05-29,2023-06-19,2023-06-24,5,Standard,46276,5,43962,219811,Airline Crew,Access Bank,Corporate Agreement,Completed,Ghanaian,4,Credit Card,Tunde Adeyemi,June,2023,%Q,Q2
BK02240,2023-03-15,2023-04-21,2023-04-26,5,Suite,160333,10,144300,721498,MICE,Zenith Bank,Direct,Completed,Nigerian,2,Cash,Fatima Bello,April,2023,%Q,Q2
BK02241,2023-03-02,2023-04-09,2023-04-17,8,Deluxe,92578,10,83320,666562,Corporate,Lagos State Government,Corporate Agreement,Completed,American,3,Cash,Emeka Okonkwo,April,2023,%Q,Q2
BK02242,2024-09-09,2024-10-31,2024-11-12,12,Executive,122392,0,122392,1468704,MICE,PZ Cussons,Travel Agent,Completed,American,4,Credit Card,Tunde Adeyemi,October,2024,%Q,Q4
BK02243,2024-12-19,2024-12-21,2024-12-24,3,Standard,46925,0,46925,140775,Leisure,Individual Guest,Direct,Confirmed,Nigerian,3,Bank Transfer,Tunde Adeyemi,December,2024,%Q,Q4
BK02244,2024-10-29,2024-12-05,2024-12-11,6,Deluxe,93548,0,93548,561288,Leisure,Individual Guest,Walk In,Completed,American,3,POS,Direct Booking,December,2024,%Q,Q4
BK02245,2024-04-27,2024-04-29,2024-05-10,11,Suite,130258,5,123745,1361196,Leisure,Individual Guest,Direct,Completed,Kenyan,2,Corporate Account,Chioma Eze,April,2024,%Q,Q2
BK02246,2024-03-25,2024-04-19,2024-04-30,11,Suite,149465,5,141992,1561909,Corporate,Airtel Nigeria,Corporate Agreement,Completed,American,1,Credit Card,Fatima Bello,April,2024,%Q,Q2
BK02247,2023-09-09,2023-09-14,2023-09-21,7,Executive,116925,0,116925,0,Corporate,Nestle Nigeria,Corporate Agreement,No Show,Indian,4,Credit Card,Tunde Adeyemi,September,2023,%Q,Q3
BK02248,2023-01-01,2023-01-10,2023-01-21,11,Suite,172442,0,172442,1896862,Group,Individual Guest,Direct,Completed,South African,2,Credit Card,Fatima Bello,January,2023,%Q,Q1
BK02249,2023-10-26,2023-12-07,2023-12-18,11,Presidential,321682,0,321682,3538502,Leisure,Individual Guest,Walk In,Completed,British,4,Credit Card,Fatima Bello,December,2023,%Q,Q4
BK02250,2024-03-04,2024-04-10,2024-04-22,12,Presidential,326072,5,309768,3717221,Leisure,Individual Guest,Direct,Completed,Nigerian,1,POS,Emeka Okonkwo,April,2024,%Q,Q2
BK02251,2024-01-05,2024-03-03,2024-03-11,8,Presidential,399919,20,319935,2559482,Corporate,Airtel Nigeria,Direct,Completed,Nigerian,2,Bank Transfer,Direct Booking,March,2024,%Q,Q1
BK02252,2023-09-02,2023-09-18,2023-09-25,7,Standard,62391,10,56152,393063,Corporate,Guinness Nigeria,Online Travel Agent,Completed,Nigerian,1,Bank Transfer,Emeka Okonkwo,September,2023,%Q,Q3
BK02253,2024-05-06,2024-07-02,2024-07-16,14,Presidential,359249,0,359249,5029486,Corporate,GTCO,Corporate Agreement,Completed,Nigerian,3,Credit Card,Fatima Bello,July,2024,%Q,Q3
BK02254,2023-07-25,2023-08-29,2023-09-05,7,Suite,131615,0,131615,0,Leisure,Individual Guest,Corporate Agreement,Cancelled,Nigerian,4,Credit Card,Direct Booking,August,2023,%Q,Q3
BK02255,2023-02-12,2023-04-12,2023-04-15,3,Suite,131077,0,131077,393231,Group,Individual Guest,Online Travel Agent,Completed,French,3,Credit Card,Tunde Adeyemi,April,2023,%Q,Q2
BK02256,2023-09-19,2023-10-23,2023-10-28,5,Presidential,267980,5,254581,1272905,Corporate,Shell Nigeria,Travel Agent,Completed,Nigerian,3,Bank Transfer,Tunde Adeyemi,October,2023,%Q,Q4
BK02257,2023-03-30,2023-04-27,2023-05-10,13,Suite,127958,0,127958,1663454,Leisure,Individual Guest,Online Travel Agent,Completed,Nigerian,3,POS,Emeka Okonkwo,April,2023,%Q,Q2
BK02258,2023-12-26,2023-12-31,2024-01-13,13,Suite,131560,0,131560,0,Leisure,Individual Guest,Walk In,Cancelled,American,1,Bank Transfer,Fatima Bello,December,2023,%Q,Q4
BK02259,2023-05-20,2023-05-30,2023-06-05,6,Presidential,390197,5,370687,2224123,Corporate,9mobile,Travel Agent,Confirmed,Ghanaian,4,Bank Transfer,Emeka Okonkwo,May,2023,%Q,Q2
BK02260,2023-05-13,2023-06-21,2023-06-25,4,Executive,99384,0,99384,397536,Airline Crew,Guinness Nigeria,Walk In,Completed,South African,4,Corporate Account,Fatima Bello,June,2023,%Q,Q2
BK02261,2024-10-07,2024-10-19,2024-10-25,6,Standard,46192,0,46192,277152,Leisure,Individual Guest,Online Travel Agent,Confirmed,German,4,Cash,Chioma Eze,October,2024,%Q,Q4
BK02262,2023-10-21,2023-11-19,2023-12-03,14,Standard,49393,10,44454,622352,MICE,Unilever Nigeria,Online Travel Agent,Completed,British,1,Cash,Fatima Bello,November,2023,%Q,Q4
BK02263,2023-01-01,2023-02-03,2023-02-16,13,Suite,136124,15,115705,1504170,Corporate,NNPC,Travel Agent,Completed,Nigerian,3,Credit Card,Chioma Eze,February,2023,%Q,Q1
BK02264,2023-05-16,2023-06-06,2023-06-11,5,Executive,99875,0,99875,499375,Airline Crew,Nigerian Ports Authority,Online Travel Agent,Confirmed,Nigerian,3,Bank Transfer,Amaka Osei,June,2023,%Q,Q2
BK02265,2023-07-04,2023-07-09,2023-07-21,12,Deluxe,87201,0,87201,1046412,Group,Individual Guest,Online Travel Agent,Completed,Nigerian,3,Cash,Chioma Eze,July,2023,%Q,Q3
BK02266,2023-06-24,2023-07-07,2023-07-17,10,Presidential,270667,20,216534,2165336,Corporate,FBN Holdings,Travel Agent,Completed,South African,3,POS,Amaka Osei,July,2023,%Q,Q3
BK02267,2024-10-29,2024-11-04,2024-11-09,5,Executive,97669,20,78135,390676,Corporate,Federal Ministry of Works,Online Travel Agent,Confirmed,South African,1,Bank Transfer,Tunde Adeyemi,November,2024,%Q,Q4
BK02268,2023-01-01,2023-01-05,2023-01-07,2,Executive,97786,0,97786,195572,Leisure,Individual Guest,Online Travel Agent,Completed,Nigerian,2,POS,Fatima Bello,January,2023,%Q,Q1
BK02269,2023-11-28,2023-12-09,2023-12-12,3,Presidential,277229,5,263368,790103,Group,Individual Guest,Direct,Confirmed,American,2,POS,Tunde Adeyemi,December,2023,%Q,Q4
BK02270,2023-01-01,2023-01-06,2023-01-17,11,Suite,157794,10,142015,1562161,MICE,Julius Berger,Direct,Completed,Nigerian,2,Corporate Account,Fatima Bello,January,2023,%Q,Q1
BK02271,2023-10-19,2023-10-27,2023-11-02,6,Executive,121970,20,97576,585456,Government,UBA Group,Corporate Agreement,Completed,French,3,Corporate Account,Direct Booking,October,2023,%Q,Q4
BK02272,2024-09-11,2024-09-11,2024-09-19,8,Standard,58288,0,58288,466304,Leisure,Individual Guest,Corporate Agreement,Completed,British,1,POS,Direct Booking,September,2024,%Q,Q3
BK02273,2023-05-14,2023-05-16,2023-05-28,12,Deluxe,78191,10,70372,844463,Group,Individual Guest,Corporate Agreement,Completed,Nigerian,1,Cash,Tunde Adeyemi,May,2023,%Q,Q2
BK02274,2023-01-01,2023-01-03,2023-01-14,11,Standard,45450,0,45450,499950,Leisure,Individual Guest,Online Travel Agent,Completed,Nigerian,3,Bank Transfer,Direct Booking,January,2023,%Q,Q1
BK02275,2024-01-14,2024-02-25,2024-03-03,7,Presidential,322106,5,306001,0,Leisure,Individual Guest,Corporate Agreement,Cancelled,Nigerian,2,Credit Card,Chioma Eze,February,2024,%Q,Q1
BK02276,2024-04-18,2024-05-15,2024-05-20,5,Standard,53261,5,50598,0,Corporate,Oando PLC,Travel Agent,Cancelled,Ghanaian,3,Corporate Account,Direct Booking,May,2024,%Q,Q2
BK02277,2024-01-03,2024-02-28,2024-03-01,2,Suite,129220,10,116298,232596,Corporate,Total Energies,Direct,Completed,South African,4,Bank Transfer,Fatima Bello,February,2024,%Q,Q1
BK02278,2023-10-24,2023-11-07,2023-11-18,11,Executive,108167,5,102759,1130345,Group,Individual Guest,Online Travel Agent,Completed,Nigerian,2,Corporate Account,Tunde Adeyemi,November,2023,%Q,Q4
BK02279,2023-03-29,2023-05-17,2023-05-18,1,Deluxe,91142,0,91142,0,Leisure,Individual Guest,Walk In,Cancelled,Nigerian,3,Bank Transfer,Tunde Adeyemi,May,2023,%Q,Q2
BK02280,2024-05-05,2024-06-18,2024-06-23,5,Standard,53906,0,53906,269530,MICE,GTCO,Direct,Completed,British,3,Credit Card,Amaka Osei,June,2024,%Q,Q2
BK02281,2023-07-28,2023-09-08,2023-09-21,13,Presidential,388915,20,311132,4044716,Government,Honeywell Group,Direct,Completed,Indian,4,POS,Chioma Eze,September,2023,%Q,Q3
BK02282,2023-11-16,2023-12-16,2023-12-17,1,Deluxe,76139,15,64718,64718,Corporate,GTCO,Online Travel Agent,Completed,American,2,POS,Chioma Eze,December,2023,%Q,Q4
BK02283,2024-10-09,2024-11-16,2024-11-30,14,Presidential,397854,0,397854,5569956,Leisure,Individual Guest,Corporate Agreement,Completed,French,3,Bank Transfer,Chioma Eze,November,2024,%Q,Q4
BK02284,2024-04-12,2024-04-27,2024-05-10,13,Presidential,337406,0,337406,4386278,Leisure,Individual Guest,Corporate Agreement,Completed,American,2,POS,Amaka Osei,April,2024,%Q,Q2
BK02285,2024-02-23,2024-02-25,2024-03-10,14,Deluxe,85305,0,85305,1194270,Leisure,Individual Guest,Direct,Completed,American,2,Corporate Account,Fatima Bello,February,2024,%Q,Q1
BK02286,2023-07-16,2023-08-08,2023-08-12,4,Standard,46199,10,41579,166316,Corporate,Federal Ministry of Works,Direct,Confirmed,British,1,Credit Card,Emeka Okonkwo,August,2023,%Q,Q3
BK02287,2023-08-24,2023-08-31,2023-09-10,10,Standard,53202,0,53202,532020,MICE,PZ Cussons,Corporate Agreement,Confirmed,Nigerian,4,Bank Transfer,Direct Booking,August,2023,%Q,Q3
BK02288,2024-02-20,2024-02-26,2024-03-03,6,Standard,61505,10,55354,332127,Leisure,Individual Guest,Direct,Completed,Nigerian,4,Cash,Chioma Eze,February,2024,%Q,Q1
BK02289,2024-12-12,2024-12-13,2024-12-16,3,Standard,63733,5,60546,0,Corporate,FBN Holdings,Travel Agent,Cancelled,Nigerian,2,Credit Card,Amaka Osei,December,2024,%Q,Q4
BK02290,2023-07-04,2023-07-22,2023-07-25,3,Executive,99015,0,99015,0,Group,Individual Guest,Direct,Cancelled,Nigerian,3,Credit Card,Direct Booking,July,2023,%Q,Q3
BK02291,2024-11-25,2024-12-04,2024-12-11,7,Standard,50212,0,50212,351484,Leisure,Individual Guest,Online Travel Agent,Confirmed,Nigerian,1,Corporate Account,Direct Booking,December,2024,%Q,Q4
BK02292,2023-06-07,2023-06-11,2023-06-15,4,Deluxe,83600,15,71060,284240,Corporate,Guinness Nigeria,Direct,Completed,American,3,POS,Direct Booking,June,2023,%Q,Q2
BK02293,2023-05-04,2023-06-11,2023-06-25,14,Presidential,398712,20,318970,4465574,Corporate,Seplat Energy,Corporate Agreement,Completed,Ghanaian,3,Cash,Chioma Eze,June,2023,%Q,Q2
BK02294,2023-06-18,2023-08-08,2023-08-20,12,Standard,51431,0,51431,617172,Leisure,Individual Guest,Online Travel Agent,Completed,Chinese,2,Bank Transfer,Fatima Bello,August,2023,%Q,Q3
BK02295,2023-07-11,2023-08-24,2023-09-05,12,Presidential,279665,10,251698,3020382,Leisure,Individual Guest,Corporate Agreement,Completed,American,2,Bank Transfer,Tunde Adeyemi,August,2023,%Q,Q3
BK02296,2023-08-18,2023-08-26,2023-09-08,13,Deluxe,71663,10,64497,838457,Leisure,Individual Guest,Travel Agent,Completed,Nigerian,3,Bank Transfer,Fatima Bello,August,2023,%Q,Q3
BK02297,2024-06-18,2024-07-04,2024-07-06,2,Suite,141762,0,141762,283524,Leisure,Individual Guest,Direct,Completed,Nigerian,2,Credit Card,Tunde Adeyemi,July,2024,%Q,Q3
BK02298,2024-05-06,2024-06-14,2024-06-17,3,Executive,99681,0,99681,299043,Leisure,Individual Guest,Direct,Completed,South African,3,Credit Card,Emeka Okonkwo,June,2024,%Q,Q2
BK02299,2023-01-01,2023-01-31,2023-02-01,1,Standard,45895,0,45895,45895,MICE,Air Peace,Corporate Agreement,Completed,Nigerian,1,POS,Tunde Adeyemi,January,2023,%Q,Q1
BK02300,2024-11-05,2024-12-05,2024-12-09,4,Standard,59384,0,59384,237536,MICE,Nigerian Ports Authority,Corporate Agreement,Confirmed,Indian,3,Credit Card,Amaka Osei,December,2024,%Q,Q4
BK02301,2024-01-17,2024-01-24,2024-02-04,11,Presidential,325985,0,325985,0,MICE,Flour Mills Nigeria,Online Travel Agent,Cancelled,Nigerian,4,POS,Direct Booking,January,2024,%Q,Q1
BK02302,2024-03-20,2024-05-17,2024-05-26,9,Standard,49934,15,42444,381995,Corporate,UBA Group,Travel Agent,Completed,Nigerian,4,Bank Transfer,Emeka Okonkwo,May,2024,%Q,Q2
BK02303,2023-01-01,2023-01-27,2023-01-28,1,Standard,45091,10,40582,40582,Group,Individual Guest,Online Travel Agent,Completed,British,3,Cash,Amaka Osei,January,2023,%Q,Q1
BK02304,2023-05-10,2023-06-03,2023-06-10,7,Presidential,282228,10,254005,1778036,Corporate,Shell Nigeria,Online Travel Agent,Completed,German,3,Bank Transfer,Chioma Eze,June,2023,%Q,Q2
BK02305,2023-05-19,2023-06-24,2023-07-07,13,Executive,97744,10,87970,1143605,Leisure,Individual Guest,Online Travel Agent,Confirmed,Nigerian,4,Corporate Account,Tunde Adeyemi,June,2023,%Q,Q2
BK02306,2023-12-29,2023-12-30,2024-01-12,13,Presidential,387841,20,310273,4033546,Corporate,Zenith Bank,Travel Agent,Confirmed,Chinese,1,Cash,Emeka Okonkwo,December,2023,%Q,Q4
BK02307,2024-06-25,2024-06-25,2024-07-07,12,Suite,160997,10,144897,1738768,Group,Individual Guest,Corporate Agreement,Completed,Nigerian,2,Corporate Account,Emeka Okonkwo,June,2024,%Q,Q2
BK02308,2023-06-03,2023-07-18,2023-07-25,7,Deluxe,87312,0,87312,611184,Group,Individual Guest,Direct,Completed,American,3,Corporate Account,Tunde Adeyemi,July,2023,%Q,Q3
BK02309,2024-05-08,2024-06-18,2024-06-28,10,Suite,146715,5,139379,0,Corporate,Air Peace,Online Travel Agent,No Show,American,4,POS,Chioma Eze,June,2024,%Q,Q2
BK02310,2023-02-27,2023-04-17,2023-04-22,5,Suite,125384,0,125384,626920,Leisure,Individual Guest,Online Travel Agent,Confirmed,Chinese,2,Corporate Account,Direct Booking,April,2023,%Q,Q2
BK02311,2023-12-31,2024-01-18,2024-01-31,13,Standard,51114,0,51114,0,Leisure,Individual Guest,Corporate Agreement,Cancelled,Nigerian,3,Credit Card,Direct Booking,January,2024,%Q,Q1
BK02312,2023-01-19,2023-01-24,2023-02-04,11,Executive,119724,5,113738,1251116,Corporate,FBN Holdings,Online Travel Agent,Completed,Indian,1,POS,Fatima Bello,January,2023,%Q,Q1
BK02313,2023-04-07,2023-04-22,2023-04-28,6,Presidential,381326,0,381326,2287956,Leisure,Individual Guest,Direct,Completed,American,1,Corporate Account,Tunde Adeyemi,April,2023,%Q,Q2
BK02314,2023-01-01,2023-02-08,2023-02-13,5,Standard,54547,0,54547,0,Corporate,Lafarge Africa,Travel Agent,Cancelled,Nigerian,3,Cash,Fatima Bello,February,2023,%Q,Q1
BK02315,2024-01-26,2024-02-09,2024-02-21,12,Deluxe,73348,5,69681,836167,Corporate,Oando PLC,Corporate Agreement,Completed,South African,2,Bank Transfer,Fatima Bello,February,2024,%Q,Q1
BK02316,2024-07-21,2024-08-30,2024-09-01,2,Deluxe,86140,0,86140,172280,Corporate,Lagos State Government,Walk In,Completed,Nigerian,1,Bank Transfer,Emeka Okonkwo,August,2024,%Q,Q3
BK02317,2024-08-17,2024-09-18,2024-10-01,13,Executive,116459,0,116459,1513967,Airline Crew,Nigerian Breweries,Online Travel Agent,Completed,Nigerian,1,POS,Fatima Bello,September,2024,%Q,Q3
BK02318,2023-05-18,2023-07-09,2023-07-13,4,Standard,45963,0,45963,183852,Leisure,Individual Guest,Online Travel Agent,Completed,Nigerian,1,POS,Fatima Bello,July,2023,%Q,Q3
BK02319,2024-11-14,2024-12-05,2024-12-12,7,Executive,127594,15,108455,759184,Corporate,UBA Group,Corporate Agreement,Completed,Indian,2,Bank Transfer,Emeka Okonkwo,December,2024,%Q,Q4
BK02320,2023-11-23,2024-01-12,2024-01-22,10,Suite,128776,10,115898,1158984,Government,Zenith Bank,Direct,Completed,Nigerian,3,POS,Fatima Bello,January,2024,%Q,Q1
BK02321,2024-06-22,2024-07-06,2024-07-11,5,Deluxe,83008,0,83008,415040,Leisure,Individual Guest,Direct,Completed,Nigerian,2,Credit Card,Emeka Okonkwo,July,2024,%Q,Q3
BK02322,2023-07-02,2023-08-09,2023-08-19,10,Presidential,288766,5,274328,2743277,Corporate,Seplat Energy,Online Travel Agent,Completed,Nigerian,3,Bank Transfer,Chioma Eze,August,2023,%Q,Q3
BK02323,2024-05-21,2024-06-16,2024-06-25,9,Standard,57020,0,57020,513180,Group,Individual Guest,Online Travel Agent,Completed,Nigerian,4,Corporate Account,Emeka Okonkwo,June,2024,%Q,Q2
BK02324,2024-06-09,2024-06-15,2024-06-27,12,Standard,49220,0,49220,590640,Leisure,Individual Guest,Walk In,Completed,Chinese,2,POS,Amaka Osei,June,2024,%Q,Q2
BK02325,2023-12-10,2024-02-04,2024-02-11,7,Presidential,273168,0,273168,1912176,MICE,Air Peace,Corporate Agreement,Completed,Nigerian,1,Credit Card,Direct Booking,February,2024,%Q,Q1
BK02326,2023-06-16,2023-08-12,2023-08-17,5,Suite,143317,20,114654,573268,Corporate,NNPC,Direct,Completed,British,4,Corporate Account,Emeka Okonkwo,August,2023,%Q,Q3
BK02327,2024-09-12,2024-10-21,2024-10-24,3,Deluxe,87186,0,87186,261558,MICE,UBA Group,Direct,Completed,Nigerian,4,Bank Transfer,Fatima Bello,October,2024,%Q,Q4
BK02328,2023-12-02,2023-12-17,2023-12-22,5,Executive,129642,10,116678,0,Corporate,Conoil,Corporate Agreement,Cancelled,British,1,Bank Transfer,Amaka Osei,December,2023,%Q,Q4
BK02329,2024-02-23,2024-04-07,2024-04-19,12,Standard,64846,0,64846,778152,MICE,Nigerian Ports Authority,Corporate Agreement,Completed,Nigerian,2,Cash,Chioma Eze,April,2024,%Q,Q2
BK02330,2024-03-02,2024-04-08,2024-04-13,5,Deluxe,83200,0,83200,416000,MICE,Federal Ministry of Works,Corporate Agreement,Completed,Nigerian,4,Cash,Direct Booking,April,2024,%Q,Q2
BK02331,2024-06-09,2024-06-18,2024-06-23,5,Presidential,345992,0,345992,1729960,Leisure,Individual Guest,Corporate Agreement,Completed,Nigerian,3,Bank Transfer,Fatima Bello,June,2024,%Q,Q2
BK02332,2024-04-21,2024-05-27,2024-06-01,5,Presidential,300974,5,285925,1429626,Airline Crew,Julius Berger,Travel Agent,Confirmed,Ghanaian,2,Cash,Tunde Adeyemi,May,2024,%Q,Q2
BK02333,2024-01-14,2024-02-18,2024-02-28,10,Standard,58363,5,55445,554448,Group,Individual Guest,Corporate Agreement,Confirmed,Nigerian,4,Bank Transfer,Direct Booking,February,2024,%Q,Q1
BK02334,2023-01-04,2023-02-01,2023-02-12,11,Deluxe,94552,20,75642,832058,Corporate,Guinness Nigeria,Direct,Completed,American,2,Cash,Fatima Bello,February,2023,%Q,Q1
BK02335,2023-03-26,2023-05-22,2023-06-02,11,Presidential,254587,10,229128,2520411,MICE,UBA Group,Travel Agent,Completed,Indian,2,Bank Transfer,Direct Booking,May,2023,%Q,Q2
BK02336,2024-08-26,2024-09-16,2024-09-23,7,Standard,62997,0,62997,440979,MICE,Shell Nigeria,Travel Agent,Completed,Nigerian,3,Corporate Account,Tunde Adeyemi,September,2024,%Q,Q3
BK02337,2024-06-11,2024-07-17,2024-07-24,7,Executive,117591,0,117591,823137,Leisure,Individual Guest,Travel Agent,Confirmed,Nigerian,1,Corporate Account,Emeka Okonkwo,July,2024,%Q,Q3
BK02338,2023-06-11,2023-07-14,2023-07-27,13,Suite,157454,20,125963,0,Corporate,Unilever Nigeria,Direct,No Show,Nigerian,2,Credit Card,Fatima Bello,July,2023,%Q,Q3
BK02339,2023-10-14,2023-11-15,2023-11-29,14,Suite,161028,20,128822,1803514,Government,Air Peace,Direct,Completed,South African,4,Bank Transfer,Amaka Osei,November,2023,%Q,Q4
BK02340,2024-02-01,2024-02-05,2024-02-12,7,Standard,48826,0,48826,341782,MICE,FAAN,Direct,Completed,American,1,Cash,Fatima Bello,February,2024,%Q,Q1
BK02341,2023-02-04,2023-03-09,2023-03-16,7,Standard,54150,20,43320,303240,Corporate,Zenith Bank,Online Travel Agent,Completed,Nigerian,2,POS,Tunde Adeyemi,March,2023,%Q,Q1
BK02342,2024-03-03,2024-03-29,2024-04-09,11,Deluxe,71648,10,64483,0,Group,Individual Guest,Direct,Cancelled,Nigerian,4,Corporate Account,Emeka Okonkwo,March,2024,%Q,Q1
BK02343,2023-10-06,2023-10-16,2023-10-23,7,Standard,59713,20,47770,334393,Government,Lagos State Government,Online Travel Agent,Completed,Nigerian,1,Cash,Tunde Adeyemi,October,2023,%Q,Q4
BK02344,2023-02-09,2023-04-05,2023-04-17,12,Executive,126073,15,107162,1285945,Government,Dangote Group,Corporate Agreement,Completed,Chinese,1,Cash,Amaka Osei,April,2023,%Q,Q2
BK02345,2024-05-17,2024-06-20,2024-07-01,11,Suite,124401,0,124401,0,Airline Crew,Julius Berger,Direct,Cancelled,Chinese,2,Cash,Chioma Eze,June,2024,%Q,Q2
BK02346,2023-12-14,2023-12-20,2023-12-27,7,Executive,100187,10,90168,0,Leisure,Individual Guest,Walk In,Cancelled,French,1,Bank Transfer,Direct Booking,December,2023,%Q,Q4
BK02347,2023-05-24,2023-06-17,2023-06-18,1,Standard,52171,5,49562,49562,MICE,PZ Cussons,Walk In,Completed,Nigerian,3,Corporate Account,Emeka Okonkwo,June,2023,%Q,Q2
BK02348,2023-04-22,2023-05-05,2023-05-09,4,Executive,99871,10,89884,359536,Government,UBA Group,Corporate Agreement,Completed,American,3,POS,Tunde Adeyemi,May,2023,%Q,Q2
BK02349,2023-04-30,2023-05-25,2023-06-08,14,Suite,153440,0,153440,2148160,Corporate,Nigerian Breweries,Direct,Completed,Nigerian,3,Credit Card,Emeka Okonkwo,May,2023,%Q,Q2
BK02350,2024-01-09,2024-02-12,2024-02-20,8,Standard,49645,15,42198,337586,Government,Honeywell Group,Direct,Completed,Nigerian,1,Credit Card,Amaka Osei,February,2024,%Q,Q1
BK02351,2024-07-05,2024-08-26,2024-09-04,9,Deluxe,73353,5,69685,627168,Group,Individual Guest,Walk In,Completed,Nigerian,3,POS,Fatima Bello,August,2024,%Q,Q3
BK02352,2024-11-06,2024-12-04,2024-12-14,10,Deluxe,94834,10,85351,853506,Leisure,Individual Guest,Travel Agent,Completed,Nigerian,2,POS,Amaka Osei,December,2024,%Q,Q4
BK02353,2024-11-02,2024-11-28,2024-12-04,6,Standard,56091,15,47677,286064,Corporate,Seplat Energy,Direct,Completed,South African,4,POS,Fatima Bello,November,2024,%Q,Q4
BK02354,2024-10-30,2024-11-28,2024-11-30,2,Executive,99003,0,99003,198006,Leisure,Individual Guest,Direct,Completed,Nigerian,3,Bank Transfer,Tunde Adeyemi,November,2024,%Q,Q4
BK02355,2024-01-12,2024-01-21,2024-01-30,9,Standard,50601,10,45541,409868,Corporate,9mobile,Direct,Completed,German,1,Cash,Direct Booking,January,2024,%Q,Q1
BK02356,2024-05-08,2024-07-06,2024-07-14,8,Standard,53680,0,53680,0,Leisure,Individual Guest,Direct,Cancelled,American,2,Bank Transfer,Tunde Adeyemi,July,2024,%Q,Q3
BK02357,2024-07-06,2024-08-04,2024-08-11,7,Presidential,260337,10,234303,1640123,Leisure,Individual Guest,Corporate Agreement,Completed,Nigerian,3,POS,Fatima Bello,August,2024,%Q,Q3
BK02358,2023-01-09,2023-01-17,2023-01-20,3,Standard,55842,0,55842,167526,MICE,Guinness Nigeria,Online Travel Agent,Completed,Indian,3,Cash,Fatima Bello,January,2023,%Q,Q1
BK02359,2023-10-12,2023-11-02,2023-11-12,10,Presidential,384271,0,384271,3842710,Leisure,Individual Guest,Direct,Confirmed,Nigerian,4,POS,Direct Booking,November,2023,%Q,Q4
BK02360,2024-11-14,2024-12-12,2024-12-23,11,Standard,56696,10,51026,561290,Government,PZ Cussons,Online Travel Agent,Completed,Nigerian,2,POS,Tunde Adeyemi,December,2024,%Q,Q4
BK02361,2024-09-05,2024-09-22,2024-09-30,8,Executive,100111,5,95105,760844,Airline Crew,Zenith Bank,Corporate Agreement,Completed,Nigerian,4,POS,Fatima Bello,September,2024,%Q,Q3
BK02362,2024-05-15,2024-07-08,2024-07-11,3,Presidential,364416,5,346195,1038586,Leisure,Individual Guest,Direct,Completed,Ghanaian,2,POS,Chioma Eze,July,2024,%Q,Q3
BK02363,2023-01-01,2023-02-09,2023-02-22,13,Presidential,333428,0,333428,4334564,Group,Individual Guest,Corporate Agreement,Confirmed,American,1,Cash,Tunde Adeyemi,February,2023,%Q,Q1
BK02364,2023-01-01,2023-01-31,2023-02-11,11,Suite,169516,0,169516,1864676,Airline Crew,FAAN,Online Travel Agent,Completed,Nigerian,1,Bank Transfer,Amaka Osei,January,2023,%Q,Q1
BK02365,2023-10-03,2023-10-14,2023-10-23,9,Suite,175868,0,175868,0,Leisure,Individual Guest,Walk In,No Show,Nigerian,2,Corporate Account,Fatima Bello,October,2023,%Q,Q4
BK02366,2023-11-06,2023-12-28,2024-01-11,14,Presidential,327113,5,310757,4350603,Corporate,PZ Cussons,Direct,Completed,Nigerian,4,Cash,Fatima Bello,December,2023,%Q,Q4
BK02367,2023-05-23,2023-07-19,2023-07-28,9,Presidential,277027,15,235473,2119257,Corporate,Chevron Nigeria,Corporate Agreement,Completed,French,3,POS,Tunde Adeyemi,July,2023,%Q,Q3
BK02368,2023-06-08,2023-07-02,2023-07-08,6,Deluxe,88856,5,84413,506479,Corporate,Guinness Nigeria,Direct,Completed,Nigerian,1,Cash,Direct Booking,July,2023,%Q,Q3
BK02369,2024-04-26,2024-05-31,2024-06-02,2,Executive,119197,0,119197,238394,Leisure,Individual Guest,Online Travel Agent,Completed,Nigerian,3,POS,Emeka Okonkwo,May,2024,%Q,Q2
BK02370,2024-07-30,2024-09-16,2024-09-22,6,Executive,113828,0,113828,682968,MICE,Guinness Nigeria,Online Travel Agent,Confirmed,British,1,POS,Direct Booking,September,2024,%Q,Q3
BK02371,2024-04-07,2024-05-07,2024-05-17,10,Deluxe,71536,10,64382,643824,Corporate,Glo Mobile,Direct,Completed,Nigerian,4,Credit Card,Chioma Eze,May,2024,%Q,Q2
BK02372,2023-03-14,2023-04-01,2023-04-07,6,Executive,102046,15,86739,0,Corporate,Airtel Nigeria,Direct,Cancelled,Nigerian,4,Credit Card,Fatima Bello,April,2023,%Q,Q2
BK02373,2024-06-06,2024-06-21,2024-06-23,2,Executive,124316,0,124316,248632,MICE,Conoil,Corporate Agreement,Confirmed,Indian,3,Bank Transfer,Tunde Adeyemi,June,2024,%Q,Q2
BK02374,2023-01-15,2023-02-06,2023-02-19,13,Deluxe,84962,10,76466,994055,Leisure,Individual Guest,Walk In,Completed,American,1,Corporate Account,Fatima Bello,February,2023,%Q,Q1
BK02375,2023-04-15,2023-05-15,2023-05-28,13,Standard,53902,0,53902,0,Leisure,Individual Guest,Online Travel Agent,No Show,British,2,Corporate Account,Chioma Eze,May,2023,%Q,Q2
BK02376,2023-10-15,2023-12-05,2023-12-14,9,Executive,122268,10,110041,990371,Corporate,Airtel Nigeria,Corporate Agreement,Completed,Nigerian,4,POS,Emeka Okonkwo,December,2023,%Q,Q4
BK02377,2023-10-23,2023-11-02,2023-11-16,14,Deluxe,86145,10,77530,1085427,Group,Individual Guest,Walk In,Completed,French,3,POS,Chioma Eze,November,2023,%Q,Q4
BK02378,2024-01-18,2024-03-08,2024-03-14,6,Suite,171616,5,163035,978211,Group,Individual Guest,Direct,Completed,Nigerian,1,Bank Transfer,Fatima Bello,March,2024,%Q,Q1
BK02379,2023-11-29,2023-12-07,2023-12-08,1,Standard,46291,5,43976,43976,Corporate,GTCO,Direct,Completed,British,2,Bank Transfer,Tunde Adeyemi,December,2023,%Q,Q4
BK02380,2024-08-25,2024-10-20,2024-11-03,14,Standard,55681,10,50113,0,MICE,Zenith Bank,Online Travel Agent,Cancelled,Nigerian,4,Credit Card,Fatima Bello,October,2024,%Q,Q4
BK02381,2023-06-30,2023-07-06,2023-07-17,11,Suite,139874,15,118893,1307822,Corporate,FAAN,Corporate Agreement,Completed,American,2,Corporate Account,Tunde Adeyemi,July,2023,%Q,Q3
BK02382,2024-02-14,2024-04-04,2024-04-15,11,Executive,114180,0,114180,1255980,Group,Individual Guest,Direct,Confirmed,Nigerian,3,Credit Card,Fatima Bello,April,2024,%Q,Q2
BK02383,2023-07-01,2023-08-03,2023-08-05,2,Deluxe,75664,10,68098,136195,Group,Individual Guest,Direct,Completed,Nigerian,2,Credit Card,Amaka Osei,August,2023,%Q,Q3
BK02384,2023-04-16,2023-05-27,2023-06-10,14,Standard,54989,0,54989,769846,Group,Individual Guest,Corporate Agreement,Confirmed,French,4,Credit Card,Fatima Bello,May,2023,%Q,Q2
BK02385,2024-05-03,2024-05-16,2024-05-19,3,Presidential,371421,5,352850,1058550,Corporate,Chevron Nigeria,Online Travel Agent,Completed,American,2,Corporate Account,Direct Booking,May,2024,%Q,Q2
BK02386,2023-11-26,2023-12-25,2024-01-02,8,Suite,137061,0,137061,1096488,Group,Individual Guest,Corporate Agreement,Completed,Nigerian,1,Credit Card,Emeka Okonkwo,December,2023,%Q,Q4
BK02387,2023-05-21,2023-05-26,2023-06-05,10,Presidential,368901,5,350456,3504560,Leisure,Individual Guest,Direct,Completed,Nigerian,2,POS,Amaka Osei,May,2023,%Q,Q2
BK02388,2023-04-04,2023-05-04,2023-05-15,11,Deluxe,72074,0,72074,0,Leisure,Individual Guest,Online Travel Agent,Cancelled,American,2,POS,Tunde Adeyemi,May,2023,%Q,Q2
BK02389,2023-11-19,2023-11-30,2023-12-03,3,Deluxe,88895,10,80006,240016,Airline Crew,Lafarge Africa,Travel Agent,Completed,Indian,3,Corporate Account,Direct Booking,November,2023,%Q,Q4
BK02390,2023-02-28,2023-03-19,2023-03-30,11,Deluxe,88125,0,88125,0,Leisure,Individual Guest,Direct,No Show,American,2,Credit Card,Direct Booking,March,2023,%Q,Q1
BK02391,2024-07-06,2024-07-23,2024-07-28,5,Executive,103005,0,103005,515025,Leisure,Individual Guest,Corporate Agreement,Completed,French,4,Credit Card,Tunde Adeyemi,July,2024,%Q,Q3
BK02392,2023-08-06,2023-09-11,2023-09-12,1,Suite,137107,0,137107,137107,MICE,Honeywell Group,Corporate Agreement,Completed,Nigerian,4,POS,Emeka Okonkwo,September,2023,%Q,Q3
BK02393,2023-06-30,2023-07-11,2023-07-21,10,Executive,99579,5,94600,0,Corporate,Glo Mobile,Walk In,No Show,Nigerian,1,Corporate Account,Fatima Bello,July,2023,%Q,Q3
BK02394,2024-03-21,2024-05-17,2024-05-29,12,Suite,129062,0,129062,1548744,Leisure,Individual Guest,Walk In,Completed,Nigerian,1,Bank Transfer,Tunde Adeyemi,May,2024,%Q,Q2
BK02395,2023-11-24,2024-01-09,2024-01-16,7,Standard,62956,10,56660,396623,Corporate,Conoil,Direct,Completed,British,4,Corporate Account,Fatima Bello,January,2024,%Q,Q1
BK02396,2024-10-18,2024-12-01,2024-12-05,4,Suite,163735,0,163735,0,Leisure,Individual Guest,Corporate Agreement,Cancelled,Nigerian,2,Bank Transfer,Amaka Osei,December,2024,%Q,Q4
BK02397,2023-09-27,2023-10-12,2023-10-17,5,Executive,100374,0,100374,501870,MICE,Airtel Nigeria,Direct,Confirmed,Ghanaian,1,Credit Card,Tunde Adeyemi,October,2023,%Q,Q4
BK02398,2023-04-27,2023-06-02,2023-06-13,11,Deluxe,93912,10,84521,929729,Government,9mobile,Direct,Completed,Nigerian,2,POS,Chioma Eze,June,2023,%Q,Q2
BK02399,2024-09-06,2024-09-18,2024-10-02,14,Standard,63892,0,63892,894488,Leisure,Individual Guest,Direct,Completed,British,1,POS,Amaka Osei,September,2024,%Q,Q3
BK02400,2024-01-03,2024-02-12,2024-02-13,1,Deluxe,93978,5,89279,0,Corporate,Lafarge Africa,Travel Agent,Cancelled,Chinese,4,Corporate Account,Emeka Okonkwo,February,2024,%Q,Q1
BK02401,2023-01-17,2023-02-24,2023-02-26,2,Standard,48798,5,46358,92716,Corporate,Lagos State Government,Walk In,Confirmed,Nigerian,4,Bank Transfer,Fatima Bello,February,2023,%Q,Q1
BK02402,2023-11-01,2023-12-18,2023-12-29,11,Presidential,364723,15,310015,3410160,Government,Julius Berger,Corporate Agreement,Completed,Nigerian,2,POS,Chioma Eze,December,2023,%Q,Q4
BK02403,2024-01-12,2024-01-25,2024-01-31,6,Presidential,253515,0,253515,1521090,Group,Individual Guest,Travel Agent,Completed,Ghanaian,2,Bank Transfer,Fatima Bello,January,2024,%Q,Q1
BK02404,2023-06-25,2023-06-30,2023-07-02,2,Suite,121488,0,121488,242976,MICE,Lagos State Government,Direct,Completed,Nigerian,3,POS,Amaka Osei,June,2023,%Q,Q2
BK02405,2023-05-16,2023-06-03,2023-06-13,10,Executive,103441,0,103441,1034410,Corporate,Julius Berger,Online Travel Agent,Completed,Indian,1,Corporate Account,Direct Booking,June,2023,%Q,Q2
BK02406,2023-06-27,2023-08-08,2023-08-20,12,Presidential,340502,10,306452,3677422,Corporate,Honeywell Group,Travel Agent,Completed,Nigerian,2,Bank Transfer,Emeka Okonkwo,August,2023,%Q,Q3
BK02407,2023-05-17,2023-07-15,2023-07-22,7,Suite,156024,5,148223,1037560,Corporate,Nigerian Ports Authority,Travel Agent,Completed,Nigerian,1,Cash,Amaka Osei,July,2023,%Q,Q3
BK02408,2023-01-01,2023-01-27,2023-01-30,3,Standard,58843,15,50017,150050,Corporate,Chevron Nigeria,Corporate Agreement,Completed,Nigerian,1,POS,Tunde Adeyemi,January,2023,%Q,Q1
BK02409,2023-03-02,2023-03-29,2023-04-05,7,Presidential,255866,0,255866,1791062,Leisure,Individual Guest,Travel Agent,Confirmed,Nigerian,3,Cash,Amaka Osei,March,2023,%Q,Q1
BK02410,2023-04-17,2023-06-12,2023-06-26,14,Standard,52269,5,49656,695178,Group,Individual Guest,Direct,Completed,Nigerian,3,POS,Amaka Osei,June,2023,%Q,Q2
BK02411,2024-03-26,2024-05-23,2024-06-02,10,Executive,119154,0,119154,1191540,Leisure,Individual Guest,Corporate Agreement,Completed,Nigerian,3,Cash,Fatima Bello,May,2024,%Q,Q2
BK02412,2024-02-29,2024-03-11,2024-03-25,14,Deluxe,78233,0,78233,1095262,Leisure,Individual Guest,Travel Agent,Confirmed,Nigerian,1,Bank Transfer,Emeka Okonkwo,March,2024,%Q,Q1
BK02413,2024-06-03,2024-07-22,2024-07-23,1,Standard,61848,15,52571,52571,Corporate,Lafarge Africa,Walk In,Confirmed,Ghanaian,1,Credit Card,Fatima Bello,July,2024,%Q,Q3
BK02414,2023-12-27,2024-02-13,2024-02-18,5,Standard,61023,0,61023,305115,Corporate,Conoil,Online Travel Agent,Completed,Ghanaian,4,Cash,Direct Booking,February,2024,%Q,Q1
BK02415,2023-05-31,2023-06-01,2023-06-11,10,Standard,56230,0,56230,562300,Group,Individual Guest,Direct,Completed,Nigerian,2,Bank Transfer,Emeka Okonkwo,June,2023,%Q,Q2
BK02416,2024-04-04,2024-04-18,2024-04-30,12,Suite,125223,0,125223,1502676,Airline Crew,UBA Group,Online Travel Agent,Completed,Nigerian,4,Credit Card,Chioma Eze,April,2024,%Q,Q2
BK02417,2023-04-15,2023-04-27,2023-05-09,12,Standard,45571,5,43292,0,Leisure,Individual Guest,Online Travel Agent,Cancelled,Nigerian,4,Corporate Account,Chioma Eze,April,2023,%Q,Q2
BK02418,2024-08-02,2024-09-02,2024-09-07,5,Standard,51703,5,49118,245589,Corporate,MTN Nigeria,Walk In,Completed,Ghanaian,4,POS,Tunde Adeyemi,September,2024,%Q,Q3
BK02419,2024-02-02,2024-03-26,2024-03-31,5,Executive,120796,0,120796,603980,Leisure,Individual Guest,Online Travel Agent,Confirmed,Nigerian,4,Credit Card,Tunde Adeyemi,March,2024,%Q,Q1
BK02420,2023-01-16,2023-02-02,2023-02-03,1,Executive,122184,5,116075,116075,Leisure,Individual Guest,Online Travel Agent,Completed,British,1,Bank Transfer,Amaka Osei,February,2023,%Q,Q1
BK02421,2024-07-14,2024-08-25,2024-09-02,8,Executive,103147,20,82518,660141,Government,Conoil,Corporate Agreement,Confirmed,British,1,POS,Fatima Bello,August,2024,%Q,Q3
BK02422,2024-06-16,2024-07-30,2024-08-12,13,Suite,157628,20,126102,1639331,Corporate,PZ Cussons,Corporate Agreement,Completed,Nigerian,3,Bank Transfer,Tunde Adeyemi,July,2024,%Q,Q3
BK02423,2024-09-13,2024-09-15,2024-09-24,9,Presidential,328021,0,328021,2952189,Group,Individual Guest,Online Travel Agent,Completed,French,4,POS,Fatima Bello,September,2024,%Q,Q3
BK02424,2024-10-13,2024-10-25,2024-10-27,2,Executive,123771,5,117582,235165,Group,Individual Guest,Online Travel Agent,Completed,British,4,Bank Transfer,Chioma Eze,October,2024,%Q,Q4
BK02425,2023-03-30,2023-04-12,2023-04-15,3,Executive,113786,0,113786,341358,Airline Crew,Honeywell Group,Direct,Completed,Nigerian,4,Cash,Tunde Adeyemi,April,2023,%Q,Q2
BK02426,2023-06-21,2023-08-04,2023-08-16,12,Presidential,325787,0,325787,3909444,Leisure,Individual Guest,Walk In,Completed,Nigerian,3,Bank Transfer,Amaka Osei,August,2023,%Q,Q3
BK02427,2024-02-04,2024-03-17,2024-03-31,14,Deluxe,70862,15,60233,843258,Corporate,Dangote Group,Travel Agent,Completed,Nigerian,1,Bank Transfer,Tunde Adeyemi,March,2024,%Q,Q1
BK02428,2023-02-16,2023-02-26,2023-03-12,14,Standard,53503,5,50828,0,Corporate,Access Bank,Corporate Agreement,No Show,South African,4,POS,Fatima Bello,February,2023,%Q,Q1
BK02429,2023-03-28,2023-04-25,2023-04-27,2,Standard,62612,0,62612,125224,Leisure,Individual Guest,Direct,Completed,American,4,Bank Transfer,Amaka Osei,April,2023,%Q,Q2
BK02430,2023-10-31,2023-11-08,2023-11-17,9,Deluxe,94832,15,80607,725465,Corporate,9mobile,Corporate Agreement,Completed,Nigerian,3,POS,Emeka Okonkwo,November,2023,%Q,Q4
BK02431,2023-01-01,2023-01-12,2023-01-21,9,Standard,45841,20,36673,330055,Corporate,Conoil,Online Travel Agent,Completed,American,4,Credit Card,Tunde Adeyemi,January,2023,%Q,Q1
BK02432,2023-02-19,2023-03-29,2023-04-03,5,Executive,100996,10,90896,454482,MICE,Access Bank,Online Travel Agent,Completed,Nigerian,2,Cash,Fatima Bello,March,2023,%Q,Q1
BK02433,2024-10-13,2024-11-17,2024-11-24,7,Presidential,289436,0,289436,2026052,Leisure,Individual Guest,Corporate Agreement,Completed,German,3,Bank Transfer,Emeka Okonkwo,November,2024,%Q,Q4
BK02434,2024-08-11,2024-08-25,2024-08-31,6,Standard,53475,10,48128,288765,Government,Access Bank,Online Travel Agent,Completed,Nigerian,2,Corporate Account,Amaka Osei,August,2024,%Q,Q3
BK02435,2024-04-01,2024-05-14,2024-05-19,5,Presidential,396325,10,356692,1783462,Corporate,FAAN,Travel Agent,Completed,Nigerian,2,Corporate Account,Direct Booking,May,2024,%Q,Q2
BK02436,2024-08-22,2024-10-17,2024-10-18,1,Presidential,360528,0,360528,360528,Group,Individual Guest,Corporate Agreement,Completed,Nigerian,4,Cash,Tunde Adeyemi,October,2024,%Q,Q4
BK02437,2023-08-29,2023-09-30,2023-10-08,8,Suite,129941,15,110450,0,Corporate,MTN Nigeria,Online Travel Agent,Cancelled,Nigerian,2,Cash,Tunde Adeyemi,September,2023,%Q,Q3
BK02438,2023-09-05,2023-10-09,2023-10-18,9,Deluxe,70011,10,63010,567089,Leisure,Individual Guest,Travel Agent,Completed,Nigerian,2,Corporate Account,Fatima Bello,October,2023,%Q,Q4
BK02439,2023-02-04,2023-02-12,2023-02-19,7,Suite,145899,0,145899,1021293,Leisure,Individual Guest,Travel Agent,Completed,Nigerian,4,Bank Transfer,Fatima Bello,February,2023,%Q,Q1
BK02440,2024-09-26,2024-09-30,2024-10-14,14,Standard,54827,5,52086,729199,Corporate,Unilever Nigeria,Travel Agent,Completed,American,2,POS,Chioma Eze,September,2024,%Q,Q3
BK02441,2024-02-08,2024-02-22,2024-02-24,2,Deluxe,85568,10,77011,154022,Group,Individual Guest,Online Travel Agent,Completed,German,3,Cash,Amaka Osei,February,2024,%Q,Q1
BK02442,2024-05-13,2024-06-07,2024-06-09,2,Suite,171102,0,171102,342204,MICE,Air Peace,Online Travel Agent,Completed,Indian,2,Corporate Account,Chioma Eze,June,2024,%Q,Q2
BK02443,2023-05-02,2023-05-08,2023-05-18,10,Executive,115832,0,115832,1158320,Group,Individual Guest,Corporate Agreement,Completed,Nigerian,4,Corporate Account,Fatima Bello,May,2023,%Q,Q2
BK02444,2024-03-10,2024-04-26,2024-05-09,13,Executive,99281,5,94317,1226120,MICE,Nestle Nigeria,Corporate Agreement,Completed,British,1,Bank Transfer,Fatima Bello,April,2024,%Q,Q2
BK02445,2024-03-13,2024-04-17,2024-05-01,14,Deluxe,73175,15,62199,870782,Corporate,Seplat Energy,Online Travel Agent,Completed,German,2,Cash,Tunde Adeyemi,April,2024,%Q,Q2
BK02446,2024-08-04,2024-10-03,2024-10-10,7,Suite,155777,10,140199,981395,Leisure,Individual Guest,Corporate Agreement,Completed,French,4,POS,Direct Booking,October,2024,%Q,Q4
BK02447,2024-06-27,2024-07-16,2024-07-24,8,Presidential,349919,0,349919,2799352,Leisure,Individual Guest,Travel Agent,Completed,Nigerian,3,Cash,Fatima Bello,July,2024,%Q,Q3
BK02448,2023-03-16,2023-04-24,2023-04-26,2,Deluxe,93670,0,93670,0,Leisure,Individual Guest,Travel Agent,Cancelled,South African,4,Credit Card,Chioma Eze,April,2023,%Q,Q2
BK02449,2023-12-22,2023-12-26,2023-12-28,2,Executive,100151,5,95143,190287,Leisure,Individual Guest,Direct,Completed,British,2,Corporate Account,Fatima Bello,December,2023,%Q,Q4
BK02450,2023-10-23,2023-11-18,2023-11-22,4,Deluxe,73277,0,73277,0,Leisure,Individual Guest,Online Travel Agent,No Show,Nigerian,1,Bank Transfer,Emeka Okonkwo,November,2023,%Q,Q4
BK02451,2024-07-21,2024-08-31,2024-09-11,11,Presidential,328940,0,328940,3618340,MICE,GTCO,Corporate Agreement,Completed,Nigerian,4,Corporate Account,Chioma Eze,August,2024,%Q,Q3
BK02452,2024-06-27,2024-07-24,2024-08-03,10,Executive,127604,0,127604,1276040,Leisure,Individual Guest,Online Travel Agent,Completed,Nigerian,4,Cash,Chioma Eze,July,2024,%Q,Q3
BK02453,2024-04-18,2024-05-16,2024-05-29,13,Suite,155226,15,131942,1715247,Government,Seplat Energy,Online Travel Agent,Completed,Nigerian,1,Credit Card,Tunde Adeyemi,May,2024,%Q,Q2
BK02454,2023-03-21,2023-05-14,2023-05-18,4,Suite,136914,0,136914,547656,MICE,FAAN,Travel Agent,Completed,Nigerian,3,Cash,Emeka Okonkwo,May,2023,%Q,Q2
BK02455,2023-03-13,2023-04-22,2023-04-29,7,Suite,159560,0,159560,0,Group,Individual Guest,Direct,Cancelled,American,2,Corporate Account,Direct Booking,April,2023,%Q,Q2
BK02456,2023-04-23,2023-05-02,2023-05-05,3,Suite,131864,0,131864,395592,Airline Crew,Seplat Energy,Travel Agent,Completed,American,4,Cash,Emeka Okonkwo,May,2023,%Q,Q2
BK02457,2023-11-16,2023-11-20,2023-11-30,10,Executive,96818,0,96818,968180,Corporate,Total Energies,Walk In,Completed,Nigerian,4,Cash,Fatima Bello,November,2023,%Q,Q4
BK02458,2023-01-01,2023-01-07,2023-01-20,13,Presidential,253935,20,203148,2640924,Corporate,Lagos State Government,Online Travel Agent,Completed,British,2,Bank Transfer,Tunde Adeyemi,January,2023,%Q,Q1
BK02459,2024-08-04,2024-09-01,2024-09-07,6,Standard,53952,0,53952,323712,Leisure,Individual Guest,Online Travel Agent,Completed,Nigerian,1,Corporate Account,Tunde Adeyemi,September,2024,%Q,Q3
BK02460,2023-04-21,2023-04-24,2023-04-27,3,Deluxe,87326,15,74227,222681,Corporate,Transcorp Hotels,Online Travel Agent,Completed,American,1,Corporate Account,Direct Booking,April,2023,%Q,Q2
BK02461,2024-05-30,2024-07-21,2024-07-27,6,Deluxe,82074,0,82074,492444,Airline Crew,Total Energies,Direct,Completed,British,3,POS,Tunde Adeyemi,July,2024,%Q,Q3
BK02462,2023-11-19,2024-01-06,2024-01-19,13,Suite,123089,5,116935,0,Corporate,NNPC,Corporate Agreement,No Show,Nigerian,2,Cash,Emeka Okonkwo,January,2024,%Q,Q1
BK02463,2023-03-12,2023-03-20,2023-03-22,2,Deluxe,75051,15,63793,127587,Government,Seplat Energy,Online Travel Agent,Completed,South African,1,Corporate Account,Direct Booking,March,2023,%Q,Q1
BK02464,2024-02-28,2024-03-24,2024-04-06,13,Deluxe,77959,10,70163,912120,Group,Individual Guest,Corporate Agreement,Completed,Nigerian,2,Bank Transfer,Tunde Adeyemi,March,2024,%Q,Q1
BK02465,2024-05-23,2024-07-05,2024-07-12,7,Deluxe,72384,10,65146,456019,Government,9mobile,Corporate Agreement,Completed,Nigerian,4,POS,Amaka Osei,July,2024,%Q,Q3
BK02466,2023-01-22,2023-02-12,2023-02-17,5,Deluxe,71087,0,71087,355435,Leisure,Individual Guest,Walk In,Completed,Nigerian,2,POS,Fatima Bello,February,2023,%Q,Q1
BK02467,2024-09-10,2024-10-01,2024-10-05,4,Deluxe,80013,20,64010,256042,Corporate,Nigerian Breweries,Corporate Agreement,Completed,Nigerian,3,POS,Emeka Okonkwo,October,2024,%Q,Q4
BK02468,2023-02-11,2023-03-10,2023-03-24,14,Suite,131288,20,105030,1470426,Corporate,Flour Mills Nigeria,Walk In,Completed,Nigerian,2,Bank Transfer,Emeka Okonkwo,March,2023,%Q,Q1
BK02469,2024-01-02,2024-01-06,2024-01-18,12,Executive,109250,10,98325,1179900,Leisure,Individual Guest,Direct,Completed,British,2,Cash,Direct Booking,January,2024,%Q,Q1
BK02470,2023-04-03,2023-05-07,2023-05-10,3,Executive,127921,10,115129,0,Leisure,Individual Guest,Online Travel Agent,No Show,Nigerian,4,POS,Fatima Bello,May,2023,%Q,Q2
BK02471,2024-05-06,2024-06-24,2024-07-03,9,Deluxe,92629,0,92629,833661,Leisure,Individual Guest,Walk In,Completed,Nigerian,4,Credit Card,Direct Booking,June,2024,%Q,Q2
BK02472,2023-09-10,2023-10-08,2023-10-22,14,Deluxe,78316,0,78316,1096424,Leisure,Individual Guest,Direct,Confirmed,American,4,POS,Fatima Bello,October,2023,%Q,Q4
BK02473,2023-06-21,2023-06-29,2023-07-04,5,Deluxe,88243,0,88243,441215,Group,Individual Guest,Direct,Completed,Nigerian,2,Bank Transfer,Fatima Bello,June,2023,%Q,Q2
BK02474,2024-09-18,2024-10-23,2024-11-03,11,Executive,96971,10,87274,960013,Leisure,Individual Guest,Walk In,Completed,British,1,POS,Tunde Adeyemi,October,2024,%Q,Q4
BK02475,2024-07-14,2024-07-24,2024-07-28,4,Deluxe,73969,15,62874,251495,Corporate,Unilever Nigeria,Direct,Confirmed,French,4,Bank Transfer,Amaka Osei,July,2024,%Q,Q3
BK02476,2024-03-13,2024-03-20,2024-03-27,7,Standard,45976,0,45976,321832,Leisure,Individual Guest,Corporate Agreement,Completed,British,4,Corporate Account,Direct Booking,March,2024,%Q,Q1
BK02477,2023-01-07,2023-01-12,2023-01-21,9,Suite,132409,0,132409,1191681,Leisure,Individual Guest,Direct,Completed,French,3,POS,Tunde Adeyemi,January,2023,%Q,Q1
BK02478,2024-09-16,2024-10-27,2024-10-31,4,Standard,64321,0,64321,257284,Leisure,Individual Guest,Online Travel Agent,Confirmed,Nigerian,2,Credit Card,Fatima Bello,October,2024,%Q,Q4
BK02479,2023-09-19,2023-11-13,2023-11-20,7,Presidential,332940,0,332940,2330580,MICE,Nigerian Breweries,Direct,Confirmed,South African,4,Corporate Account,Amaka Osei,November,2023,%Q,Q4
BK02480,2023-01-01,2023-01-04,2023-01-10,6,Suite,141589,5,134510,807057,Airline Crew,FAAN,Direct,Completed,Nigerian,4,Bank Transfer,Direct Booking,January,2023,%Q,Q1
BK02481,2024-10-19,2024-11-15,2024-11-22,7,Suite,126031,0,126031,882217,Corporate,Lagos State Government,Direct,Completed,Nigerian,3,Credit Card,Amaka Osei,November,2024,%Q,Q4
BK02482,2024-03-13,2024-04-02,2024-04-11,9,Standard,58068,0,58068,522612,Group,Individual Guest,Corporate Agreement,Completed,South African,1,Bank Transfer,Emeka Okonkwo,April,2024,%Q,Q2
BK02483,2024-07-17,2024-07-29,2024-08-11,13,Executive,122504,0,122504,1592552,Leisure,Individual Guest,Direct,Completed,Nigerian,4,POS,Fatima Bello,July,2024,%Q,Q3
BK02484,2024-01-04,2024-02-02,2024-02-12,10,Standard,62300,20,49840,498400,Corporate,NNPC,Online Travel Agent,Completed,British,4,Corporate Account,Amaka Osei,February,2024,%Q,Q1
BK02485,2023-03-15,2023-03-16,2023-03-22,6,Suite,172615,10,155354,0,Leisure,Individual Guest,Online Travel Agent,Cancelled,Nigerian,1,Corporate Account,Emeka Okonkwo,March,2023,%Q,Q1
BK02486,2023-08-30,2023-08-31,2023-09-03,3,Standard,49348,5,46881,140642,Leisure,Individual Guest,Walk In,Completed,Nigerian,2,POS,Direct Booking,August,2023,%Q,Q3
BK02487,2023-01-11,2023-01-16,2023-01-21,5,Presidential,251532,0,251532,1257660,MICE,Nigerian Ports Authority,Walk In,Completed,South African,3,Cash,Chioma Eze,January,2023,%Q,Q1
BK02488,2024-03-18,2024-04-16,2024-04-24,8,Suite,166272,10,149645,1197158,Corporate,Nestle Nigeria,Online Travel Agent,Completed,Nigerian,2,Bank Transfer,Amaka Osei,April,2024,%Q,Q2
BK02489,2023-02-19,2023-04-05,2023-04-15,10,Presidential,355594,15,302255,3022549,Government,NNPC,Direct,Completed,British,1,Cash,Emeka Okonkwo,April,2023,%Q,Q2
BK02490,2023-01-10,2023-02-24,2023-03-09,13,Suite,167251,5,158888,2065550,Group,Individual Guest,Direct,Completed,Ghanaian,3,Cash,Chioma Eze,February,2023,%Q,Q1
BK02491,2023-01-20,2023-02-16,2023-02-22,6,Presidential,283139,0,283139,1698834,Corporate,Shell Nigeria,Travel Agent,Confirmed,Nigerian,1,POS,Amaka Osei,February,2023,%Q,Q1
BK02492,2023-02-09,2023-03-06,2023-03-17,11,Deluxe,93072,10,83765,921413,Government,Federal Ministry of Works,Direct,Completed,Nigerian,4,Cash,Tunde Adeyemi,March,2023,%Q,Q1
BK02493,2024-04-02,2024-05-30,2024-06-02,3,Presidential,336009,20,268807,806422,Government,FBN Holdings,Direct,Confirmed,Nigerian,2,Credit Card,Fatima Bello,May,2024,%Q,Q2
BK02494,2023-08-29,2023-09-26,2023-10-08,12,Deluxe,72952,0,72952,875424,Corporate,Federal Ministry of Works,Walk In,Confirmed,Nigerian,4,Bank Transfer,Chioma Eze,September,2023,%Q,Q3
BK02495,2023-02-08,2023-03-02,2023-03-15,13,Presidential,265466,5,252193,3278505,Corporate,Nigerian Ports Authority,Corporate Agreement,Completed,Kenyan,3,Bank Transfer,Amaka Osei,March,2023,%Q,Q1
BK02496,2024-01-26,2024-03-13,2024-03-15,2,Standard,56885,15,48352,96704,Corporate,Seplat Energy,Corporate Agreement,Confirmed,Nigerian,1,Corporate Account,Amaka Osei,March,2024,%Q,Q1
BK02497,2024-07-18,2024-08-30,2024-09-05,6,Standard,45150,10,40635,243810,Airline Crew,Flour Mills Nigeria,Travel Agent,Completed,American,3,POS,Fatima Bello,August,2024,%Q,Q3
BK02498,2024-11-15,2024-12-29,2025-01-04,6,Suite,134876,5,128132,768793,MICE,Shell Nigeria,Online Travel Agent,Completed,Nigerian,2,POS,Fatima Bello,December,2024,%Q,Q4
BK02499,2023-11-11,2023-12-19,2023-12-22,3,Suite,138286,5,131372,394115,Airline Crew,Unilever Nigeria,Corporate Agreement,Completed,Indian,2,POS,Direct Booking,December,2023,%Q,Q4
BK02500,2023-07-08,2023-07-27,2023-08-09,13,Presidential,271664,5,258081,3355050,Corporate,Zenith Bank,Online Travel Agent,Confirmed,Nigerian,4,POS,Fatima Bello,July,2023,%Q,Q3
BK02501,2024-11-28,2024-12-02,2024-12-05,3,Executive,114449,15,97282,291845,Corporate,Nigerian Ports Authority,Online Travel Agent,Completed,French,2,Cash,Tunde Adeyemi,December,2024,%Q,Q4
BK02502,2024-06-01,2024-06-26,2024-06-27,1,Suite,155761,10,140185,140185,Leisure,Individual Guest,Online Travel Agent,Completed,British,3,Cash,Tunde Adeyemi,June,2024,%Q,Q2
BK02503,2024-04-25,2024-05-30,2024-06-03,4,Suite,131591,20,105273,421091,Corporate,Guinness Nigeria,Walk In,Completed,French,2,Corporate Account,Chioma Eze,May,2024,%Q,Q2
BK02504,2023-01-28,2023-02-18,2023-02-24,6,Standard,59598,0,59598,357588,MICE,FBN Holdings,Online Travel Agent,Completed,Nigerian,1,Cash,Chioma Eze,February,2023,%Q,Q1
BK02505,2024-01-29,2024-02-11,2024-02-14,3,Presidential,297912,5,283016,849049,Group,Individual Guest,Direct,Confirmed,Chinese,1,Bank Transfer,Chioma Eze,February,2024,%Q,Q1
BK02506,2024-09-17,2024-10-06,2024-10-18,12,Standard,64663,20,51730,620765,Corporate,Guinness Nigeria,Direct,Confirmed,Nigerian,1,Corporate Account,Fatima Bello,October,2024,%Q,Q4
BK02507,2024-11-25,2024-12-04,2024-12-05,1,Suite,172785,20,138228,138228,Corporate,Seplat Energy,Direct,Completed,American,4,Bank Transfer,Tunde Adeyemi,December,2024,%Q,Q4
BK02508,2023-12-26,2024-01-15,2024-01-19,4,Suite,165785,20,132628,530512,Government,Total Energies,Travel Agent,Completed,American,3,Corporate Account,Tunde Adeyemi,January,2024,%Q,Q1
BK02509,2023-12-29,2024-01-01,2024-01-15,14,Standard,50174,10,45157,632192,MICE,Dangote Group,Direct,Confirmed,Nigerian,3,Credit Card,Direct Booking,January,2024,%Q,Q1
BK02510,2023-08-14,2023-09-23,2023-10-01,8,Presidential,339072,15,288211,2305690,Corporate,UBA Group,Travel Agent,Confirmed,Nigerian,2,Credit Card,Emeka Okonkwo,September,2023,%Q,Q3
BK02511,2024-08-29,2024-09-01,2024-09-10,9,Suite,166418,0,166418,1497762,Group,Individual Guest,Corporate Agreement,Completed,French,1,Bank Transfer,Direct Booking,September,2024,%Q,Q3
BK02512,2023-12-26,2024-02-07,2024-02-12,5,Presidential,306683,0,306683,0,Airline Crew,MTN Nigeria,Travel Agent,Cancelled,Nigerian,2,Cash,Chioma Eze,February,2024,%Q,Q1
BK02513,2023-08-06,2023-08-08,2023-08-15,7,Presidential,324504,20,259603,1817222,Corporate,GTCO,Walk In,Completed,Indian,2,Cash,Direct Booking,August,2023,%Q,Q3
BK02514,2023-11-16,2024-01-03,2024-01-09,6,Deluxe,82248,5,78136,468814,Group,Individual Guest,Direct,Completed,Nigerian,4,Bank Transfer,Amaka Osei,January,2024,%Q,Q1
BK02515,2024-08-06,2024-08-06,2024-08-16,10,Standard,58034,5,55132,551323,Leisure,Individual Guest,Walk In,Completed,Nigerian,4,POS,Amaka Osei,August,2024,%Q,Q3
BK02516,2024-05-01,2024-05-03,2024-05-08,5,Deluxe,85695,0,85695,428475,Leisure,Individual Guest,Direct,Completed,French,3,Credit Card,Tunde Adeyemi,May,2024,%Q,Q2
BK02517,2024-07-25,2024-08-17,2024-08-29,12,Deluxe,70672,5,67138,805661,Corporate,Honeywell Group,Travel Agent,Completed,Kenyan,1,Cash,Chioma Eze,August,2024,%Q,Q3
BK02518,2023-05-23,2023-06-14,2023-06-25,11,Standard,47388,0,47388,521268,Leisure,Individual Guest,Online Travel Agent,Completed,Nigerian,3,Credit Card,Emeka Okonkwo,June,2023,%Q,Q2
BK02519,2024-03-30,2024-04-15,2024-04-24,9,Deluxe,89074,10,80167,721499,Corporate,Total Energies,Corporate Agreement,Completed,South African,3,Credit Card,Tunde Adeyemi,April,2024,%Q,Q2
BK02520,2023-04-08,2023-04-08,2023-04-10,2,Standard,63720,20,50976,101952,Corporate,Federal Ministry of Works,Direct,Completed,Nigerian,4,POS,Direct Booking,April,2023,%Q,Q2
BK02521,2023-09-17,2023-09-17,2023-09-21,4,Deluxe,73822,15,62749,250995,Corporate,Lagos State Government,Travel Agent,Completed,British,3,Cash,Amaka Osei,September,2023,%Q,Q3
BK02522,2023-10-14,2023-12-09,2023-12-22,13,Presidential,395878,0,395878,5146414,MICE,Seplat Energy,Corporate Agreement,Completed,Nigerian,4,POS,Tunde Adeyemi,December,2023,%Q,Q4
BK02523,2023-06-19,2023-06-21,2023-06-28,7,Deluxe,77873,0,77873,545111,Leisure,Individual Guest,Direct,Completed,Nigerian,4,Credit Card,Direct Booking,June,2023,%Q,Q2
BK02524,2023-12-18,2023-12-29,2024-01-07,9,Standard,53383,0,53383,480447,Leisure,Individual Guest,Direct,Completed,British,1,Corporate Account,Amaka Osei,December,2023,%Q,Q4
BK02525,2023-12-09,2023-12-19,2024-01-02,14,Deluxe,93386,0,93386,0,MICE,MTN Nigeria,Online Travel Agent,Cancelled,Indian,2,POS,Amaka Osei,December,2023,%Q,Q4
BK02526,2023-11-08,2023-12-28,2024-01-06,9,Standard,62113,0,62113,559017,Leisure,Individual Guest,Direct,Completed,Nigerian,1,Corporate Account,Amaka Osei,December,2023,%Q,Q4
BK02527,2024-05-17,2024-05-30,2024-06-06,7,Presidential,347367,0,347367,2431569,Corporate,Access Bank,Travel Agent,Completed,British,2,Corporate Account,Emeka Okonkwo,May,2024,%Q,Q2
BK02528,2023-12-24,2024-01-26,2024-02-04,9,Standard,46649,0,46649,419841,MICE,Glo Mobile,Online Travel Agent,Completed,South African,2,POS,Direct Booking,January,2024,%Q,Q1
BK02529,2024-06-06,2024-07-14,2024-07-21,7,Deluxe,86663,20,69330,485313,Government,Transcorp Hotels,Travel Agent,Completed,Nigerian,1,Bank Transfer,Chioma Eze,July,2024,%Q,Q3
BK02530,2023-04-06,2023-05-22,2023-05-25,3,Executive,105650,5,100368,301102,Corporate,Total Energies,Corporate Agreement,Completed,Nigerian,2,Credit Card,Direct Booking,May,2023,%Q,Q2
BK02531,2023-02-25,2023-03-02,2023-03-07,5,Suite,138267,0,138267,691335,Leisure,Individual Guest,Direct,Completed,Nigerian,1,POS,Direct Booking,March,2023,%Q,Q1
BK02532,2024-01-31,2024-03-07,2024-03-13,6,Presidential,301454,0,301454,1808724,Group,Individual Guest,Corporate Agreement,Completed,South African,2,Bank Transfer,Tunde Adeyemi,March,2024,%Q,Q1
BK02533,2023-08-28,2023-10-11,2023-10-23,12,Deluxe,77176,0,77176,926112,MICE,Nestle Nigeria,Online Travel Agent,Completed,Kenyan,2,Bank Transfer,Tunde Adeyemi,October,2023,%Q,Q4
BK02534,2023-05-22,2023-07-18,2023-07-19,1,Deluxe,86493,20,69194,69194,Corporate,Glo Mobile,Online Travel Agent,Completed,Nigerian,3,Bank Transfer,Amaka Osei,July,2023,%Q,Q3
BK02535,2023-07-28,2023-08-25,2023-09-08,14,Executive,125120,0,125120,1751680,Leisure,Individual Guest,Direct,Completed,Nigerian,1,Bank Transfer,Tunde Adeyemi,August,2023,%Q,Q3
BK02536,2024-08-09,2024-09-04,2024-09-06,2,Standard,60390,0,60390,120780,Corporate,Conoil,Direct,Completed,South African,1,Credit Card,Fatima Bello,September,2024,%Q,Q3
BK02537,2023-08-05,2023-09-27,2023-10-01,4,Presidential,322327,15,273978,1095912,Corporate,FAAN,Direct,Completed,Nigerian,4,Bank Transfer,Tunde Adeyemi,September,2023,%Q,Q3
BK02538,2023-01-12,2023-01-15,2023-01-24,9,Suite,146598,5,139268,1253413,Leisure,Individual Guest,Travel Agent,Completed,Kenyan,1,Corporate Account,Emeka Okonkwo,January,2023,%Q,Q1
BK02539,2023-08-03,2023-08-28,2023-09-09,12,Deluxe,72756,0,72756,873072,Leisure,Individual Guest,Online Travel Agent,Completed,Nigerian,3,Cash,Fatima Bello,August,2023,%Q,Q3
BK02540,2024-10-05,2024-11-02,2024-11-03,1,Executive,120658,0,120658,120658,Airline Crew,GTCO,Direct,Completed,Nigerian,1,Cash,Emeka Okonkwo,November,2024,%Q,Q4
BK02541,2024-09-30,2024-10-24,2024-11-03,10,Deluxe,84864,10,76378,763776,Corporate,Chevron Nigeria,Online Travel Agent,Completed,Ghanaian,2,Cash,Amaka Osei,October,2024,%Q,Q4
BK02542,2023-07-15,2023-08-10,2023-08-23,13,Deluxe,94210,20,75368,979784,Corporate,Airtel Nigeria,Direct,Completed,American,4,Bank Transfer,Fatima Bello,August,2023,%Q,Q3
BK02543,2024-11-28,2024-12-04,2024-12-14,10,Presidential,356840,10,321156,3211560,Corporate,PZ Cussons,Walk In,Completed,American,4,POS,Direct Booking,December,2024,%Q,Q4
BK02544,2023-07-10,2023-08-14,2023-08-18,4,Suite,172756,0,172756,691024,Corporate,Nestle Nigeria,Walk In,Completed,Nigerian,3,Credit Card,Emeka Okonkwo,August,2023,%Q,Q3
BK02545,2023-12-25,2024-01-09,2024-01-18,9,Deluxe,78045,20,62436,561924,Corporate,Julius Berger,Direct,Completed,American,3,Bank Transfer,Amaka Osei,January,2024,%Q,Q1
BK02546,2024-05-25,2024-05-26,2024-06-02,7,Suite,167105,10,150394,1052762,Corporate,Oando PLC,Online Travel Agent,Completed,American,4,Cash,Direct Booking,May,2024,%Q,Q2
BK02547,2024-03-03,2024-04-09,2024-04-16,7,Suite,167300,0,167300,1171100,MICE,Glo Mobile,Online Travel Agent,Completed,Nigerian,4,POS,Chioma Eze,April,2024,%Q,Q2
BK02548,2023-12-10,2024-02-07,2024-02-14,7,Presidential,381803,0,381803,2672621,Leisure,Individual Guest,Online Travel Agent,Completed,French,2,Bank Transfer,Tunde Adeyemi,February,2024,%Q,Q1
BK02549,2023-10-19,2023-10-20,2023-10-26,6,Presidential,252076,0,252076,1512456,Leisure,Individual Guest,Walk In,Completed,French,1,POS,Chioma Eze,October,2023,%Q,Q4
BK02550,2023-06-14,2023-07-09,2023-07-22,13,Presidential,287380,0,287380,3735940,Corporate,Nigerian Ports Authority,Online Travel Agent,Completed,Kenyan,2,Bank Transfer,Tunde Adeyemi,July,2023,%Q,Q3
BK02551,2024-03-23,2024-04-09,2024-04-23,14,Deluxe,77851,0,77851,1089914,Leisure,Individual Guest,Walk In,Completed,Nigerian,3,Bank Transfer,Emeka Okonkwo,April,2024,%Q,Q2
BK02552,2024-10-04,2024-11-14,2024-11-19,5,Presidential,301226,0,301226,1506130,Corporate,Chevron Nigeria,Travel Agent,Completed,Nigerian,2,Cash,Chioma Eze,November,2024,%Q,Q4
BK02553,2024-03-13,2024-04-08,2024-04-18,10,Deluxe,91554,5,86976,869763,MICE,Guinness Nigeria,Walk In,Confirmed,French,1,POS,Amaka Osei,April,2024,%Q,Q2
BK02554,2024-06-05,2024-06-27,2024-07-11,14,Deluxe,74655,10,67190,940653,Government,Access Bank,Online Travel Agent,Completed,Nigerian,3,Cash,Fatima Bello,June,2024,%Q,Q2
BK02555,2023-06-12,2023-08-03,2023-08-09,6,Suite,168439,10,151595,909571,Government,NNPC,Online Travel Agent,Completed,Nigerian,1,Corporate Account,Chioma Eze,August,2023,%Q,Q3
BK02556,2024-04-13,2024-05-24,2024-05-28,4,Deluxe,91237,15,77551,310206,Government,Air Peace,Online Travel Agent,Completed,Nigerian,2,Credit Card,Direct Booking,May,2024,%Q,Q2
BK02557,2024-04-10,2024-04-18,2024-04-26,8,Presidential,362715,0,362715,2901720,Leisure,Individual Guest,Direct,Completed,Nigerian,1,Cash,Amaka Osei,April,2024,%Q,Q2
BK02558,2024-09-14,2024-10-06,2024-10-18,12,Deluxe,84395,10,75956,911466,Government,Zenith Bank,Walk In,Confirmed,Nigerian,1,Bank Transfer,Fatima Bello,October,2024,%Q,Q4
BK02559,2023-04-12,2023-06-05,2023-06-13,8,Deluxe,93903,0,93903,0,Corporate,GTCO,Online Travel Agent,Cancelled,Kenyan,4,Bank Transfer,Tunde Adeyemi,June,2023,%Q,Q2
BK02560,2024-08-27,2024-09-10,2024-09-15,5,Presidential,282353,0,282353,1411765,MICE,Lafarge Africa,Online Travel Agent,Completed,British,2,Corporate Account,Amaka Osei,September,2024,%Q,Q3
BK02561,2023-07-11,2023-07-23,2023-07-25,2,Executive,117666,10,105899,0,Leisure,Individual Guest,Travel Agent,Cancelled,Nigerian,2,Bank Transfer,Direct Booking,July,2023,%Q,Q3
BK02562,2024-09-07,2024-10-08,2024-10-22,14,Deluxe,81271,5,77207,1080904,Corporate,Nigerian Ports Authority,Online Travel Agent,Completed,French,2,Credit Card,Direct Booking,October,2024,%Q,Q4
BK02563,2023-05-14,2023-06-23,2023-06-26,3,Executive,109866,5,104373,0,Group,Individual Guest,Online Travel Agent,Cancelled,British,3,Cash,Amaka Osei,June,2023,%Q,Q2
BK02564,2024-10-16,2024-12-08,2024-12-20,12,Deluxe,81601,0,81601,979212,Corporate,Guinness Nigeria,Direct,Completed,Nigerian,4,Corporate Account,Amaka Osei,December,2024,%Q,Q4
BK02565,2023-01-22,2023-02-20,2023-03-01,9,Standard,61759,0,61759,555831,Corporate,Honeywell Group,Direct,Completed,Nigerian,4,Credit Card,Tunde Adeyemi,February,2023,%Q,Q1
BK02566,2023-03-12,2023-04-12,2023-04-13,1,Standard,50110,0,50110,50110,Leisure,Individual Guest,Travel Agent,Completed,Ghanaian,2,Credit Card,Fatima Bello,April,2023,%Q,Q2
BK02567,2024-03-30,2024-05-19,2024-05-30,11,Executive,112179,0,112179,0,Leisure,Individual Guest,Online Travel Agent,No Show,Nigerian,2,Cash,Emeka Okonkwo,May,2024,%Q,Q2
BK02568,2023-06-20,2023-08-03,2023-08-07,4,Deluxe,74641,0,74641,298564,Airline Crew,Air Peace,Travel Agent,Completed,Nigerian,2,Cash,Tunde Adeyemi,August,2023,%Q,Q3
BK02569,2023-06-10,2023-07-02,2023-07-14,12,Executive,98746,5,93809,1125704,Leisure,Individual Guest,Corporate Agreement,Completed,German,1,Cash,Tunde Adeyemi,July,2023,%Q,Q3
BK02570,2023-07-11,2023-09-06,2023-09-20,14,Executive,111032,5,105480,1476726,Corporate,Unilever Nigeria,Direct,Completed,American,1,Cash,Emeka Okonkwo,September,2023,%Q,Q3
BK02571,2023-01-01,2023-01-07,2023-01-15,8,Suite,135015,5,128264,1026114,MICE,GTCO,Corporate Agreement,Completed,Nigerian,2,Bank Transfer,Amaka Osei,January,2023,%Q,Q1
BK02572,2023-05-17,2023-06-28,2023-07-05,7,Standard,61669,0,61669,0,MICE,Lagos State Government,Travel Agent,Cancelled,Nigerian,1,Corporate Account,Chioma Eze,June,2023,%Q,Q2
BK02573,2023-09-11,2023-10-11,2023-10-24,13,Standard,56846,10,51161,665098,Corporate,Zenith Bank,Walk In,Completed,American,4,Bank Transfer,Chioma Eze,October,2023,%Q,Q4
BK02574,2023-02-07,2023-03-15,2023-03-17,2,Suite,141623,10,127461,254921,Leisure,Individual Guest,Walk In,Confirmed,Nigerian,2,Corporate Account,Direct Booking,March,2023,%Q,Q1
BK02575,2023-10-21,2023-11-25,2023-12-03,8,Executive,118445,0,118445,947560,MICE,Dangote Group,Direct,Completed,Nigerian,4,Credit Card,Chioma Eze,November,2023,%Q,Q4
BK02576,2024-11-09,2024-11-13,2024-11-14,1,Presidential,380057,15,323048,323048,Corporate,Access Bank,Direct,Confirmed,Nigerian,4,Corporate Account,Tunde Adeyemi,November,2024,%Q,Q4
BK02577,2024-05-18,2024-06-28,2024-07-08,10,Executive,121606,20,97285,0,Corporate,Transcorp Hotels,Direct,Cancelled,Nigerian,1,Credit Card,Emeka Okonkwo,June,2024,%Q,Q2
BK02578,2023-06-11,2023-07-09,2023-07-12,3,Executive,96855,0,96855,290565,Leisure,Individual Guest,Corporate Agreement,Completed,Nigerian,4,Corporate Account,Fatima Bello,July,2023,%Q,Q3
BK02579,2023-07-22,2023-08-31,2023-09-14,14,Deluxe,90675,5,86141,1205978,Group,Individual Guest,Corporate Agreement,Completed,Nigerian,1,POS,Amaka Osei,August,2023,%Q,Q3
BK02580,2023-11-21,2023-12-03,2023-12-08,5,Standard,61793,0,61793,308965,Group,Individual Guest,Corporate Agreement,Completed,Nigerian,1,Credit Card,Amaka Osei,December,2023,%Q,Q4
BK02581,2023-04-30,2023-05-04,2023-05-14,10,Suite,175192,15,148913,1489132,Corporate,9mobile,Online Travel Agent,Completed,German,3,Corporate Account,Fatima Bello,May,2023,%Q,Q2
BK02582,2023-01-05,2023-01-08,2023-01-20,12,Standard,49596,5,47116,565394,Leisure,Individual Guest,Online Travel Agent,Completed,Nigerian,4,Corporate Account,Direct Booking,January,2023,%Q,Q1
BK02583,2023-10-04,2023-11-01,2023-11-11,10,Presidential,368001,15,312801,3128008,Government,Access Bank,Direct,Completed,French,3,Bank Transfer,Emeka Okonkwo,November,2023,%Q,Q4
BK02584,2023-01-08,2023-02-03,2023-02-04,1,Deluxe,81567,20,65254,65254,Corporate,Guinness Nigeria,Direct,Completed,South African,4,POS,Chioma Eze,February,2023,%Q,Q1
BK02585,2023-06-12,2023-07-10,2023-07-18,8,Standard,48601,20,38881,311046,Government,9mobile,Corporate Agreement,Confirmed,Nigerian,3,Bank Transfer,Tunde Adeyemi,July,2023,%Q,Q3
BK02586,2024-04-22,2024-04-22,2024-05-04,12,Deluxe,82058,0,82058,984696,Corporate,Chevron Nigeria,Online Travel Agent,Completed,American,2,Cash,Emeka Okonkwo,April,2024,%Q,Q2
BK02587,2023-10-31,2023-11-18,2023-11-28,10,Presidential,396693,0,396693,3966930,MICE,Glo Mobile,Online Travel Agent,Completed,Nigerian,2,Corporate Account,Direct Booking,November,2023,%Q,Q4
BK02588,2023-11-19,2023-12-05,2023-12-18,13,Suite,168845,20,135076,1755988,Corporate,Flour Mills Nigeria,Travel Agent,Completed,Nigerian,2,Corporate Account,Amaka Osei,December,2023,%Q,Q4
BK02589,2023-07-23,2023-09-06,2023-09-20,14,Suite,138074,10,124267,1739732,Leisure,Individual Guest,Corporate Agreement,Completed,Nigerian,1,Cash,Emeka Okonkwo,September,2023,%Q,Q3
BK02590,2024-10-12,2024-11-23,2024-12-07,14,Presidential,294915,20,235932,3303048,Corporate,Dangote Group,Online Travel Agent,Completed,Nigerian,2,Corporate Account,Direct Booking,November,2024,%Q,Q4
BK02591,2024-10-13,2024-11-16,2024-11-30,14,Presidential,320676,0,320676,4489464,Corporate,Chevron Nigeria,Direct,Confirmed,French,2,Corporate Account,Fatima Bello,November,2024,%Q,Q4
BK02592,2024-12-01,2024-12-08,2024-12-11,3,Executive,97841,0,97841,293523,Leisure,Individual Guest,Travel Agent,Completed,Nigerian,3,Corporate Account,Chioma Eze,December,2024,%Q,Q4
BK02593,2024-03-22,2024-04-28,2024-05-11,13,Deluxe,74117,5,70411,915345,Corporate,MTN Nigeria,Direct,Confirmed,Nigerian,1,Corporate Account,Chioma Eze,April,2024,%Q,Q2
BK02594,2024-08-12,2024-09-17,2024-09-21,4,Standard,45897,10,41307,165229,Corporate,9mobile,Travel Agent,Confirmed,Nigerian,4,Cash,Emeka Okonkwo,September,2024,%Q,Q3
BK02595,2024-05-18,2024-06-25,2024-07-07,12,Executive,107472,20,85978,1031731,Corporate,Glo Mobile,Travel Agent,Completed,Indian,1,Corporate Account,Fatima Bello,June,2024,%Q,Q2
BK02596,2024-07-18,2024-09-16,2024-09-20,4,Standard,53555,0,53555,214220,Group,Individual Guest,Direct,Completed,American,2,Corporate Account,Emeka Okonkwo,September,2024,%Q,Q3
BK02597,2023-01-16,2023-03-16,2023-03-20,4,Presidential,394370,0,394370,1577480,Leisure,Individual Guest,Direct,Completed,Nigerian,2,Credit Card,Emeka Okonkwo,March,2023,%Q,Q1
BK02598,2023-08-24,2023-09-12,2023-09-16,4,Executive,114185,20,91348,0,Corporate,Federal Ministry of Works,Direct,Cancelled,Nigerian,4,Corporate Account,Direct Booking,September,2023,%Q,Q3
BK02599,2024-10-20,2024-12-10,2024-12-21,11,Executive,96836,5,91994,1011936,Corporate,Airtel Nigeria,Travel Agent,Completed,British,1,Corporate Account,Chioma Eze,December,2024,%Q,Q4
BK02600,2024-09-20,2024-10-31,2024-11-02,2,Executive,123714,10,111343,222685,Government,Zenith Bank,Direct,Completed,Nigerian,1,Cash,Tunde Adeyemi,October,2024,%Q,Q4
BK02601,2023-07-03,2023-08-22,2023-08-31,9,Suite,123075,5,116921,1052291,Corporate,FBN Holdings,Online Travel Agent,Completed,Nigerian,2,Credit Card,Chioma Eze,August,2023,%Q,Q3
BK02602,2023-05-08,2023-05-17,2023-05-26,9,Presidential,311282,5,295718,2661461,Corporate,Air Peace,Online Travel Agent,Confirmed,German,1,Credit Card,Tunde Adeyemi,May,2023,%Q,Q2
BK02603,2023-01-11,2023-01-23,2023-01-27,4,Suite,146757,0,146757,587028,Leisure,Individual Guest,Corporate Agreement,Confirmed,American,3,Corporate Account,Emeka Okonkwo,January,2023,%Q,Q1
BK02604,2024-02-26,2024-03-24,2024-04-07,14,Deluxe,85675,0,85675,1199450,Group,Individual Guest,Travel Agent,Completed,Nigerian,2,Bank Transfer,Direct Booking,March,2024,%Q,Q1
BK02605,2024-10-06,2024-10-19,2024-10-25,6,Standard,47563,10,42807,256840,Government,Total Energies,Corporate Agreement,Completed,British,2,Corporate Account,Chioma Eze,October,2024,%Q,Q4
BK02606,2023-01-13,2023-01-30,2023-02-03,4,Deluxe,71529,15,60800,243199,Corporate,UBA Group,Walk In,Completed,Ghanaian,1,Bank Transfer,Direct Booking,January,2023,%Q,Q1
BK02607,2023-05-05,2023-06-16,2023-06-19,3,Deluxe,79590,0,79590,238770,Corporate,Nigerian Ports Authority,Travel Agent,Confirmed,American,4,POS,Chioma Eze,June,2023,%Q,Q2
BK02608,2024-03-23,2024-05-02,2024-05-13,11,Executive,116044,5,110242,1212660,MICE,Federal Ministry of Works,Travel Agent,Confirmed,British,1,Cash,Tunde Adeyemi,May,2024,%Q,Q2
BK02609,2023-12-01,2024-01-04,2024-01-15,11,Deluxe,87590,10,78831,0,Government,Seplat Energy,Corporate Agreement,Cancelled,British,1,POS,Chioma Eze,January,2024,%Q,Q1
BK02610,2023-05-02,2023-06-09,2023-06-15,6,Standard,64167,0,64167,385002,MICE,Glo Mobile,Travel Agent,Completed,Nigerian,2,POS,Chioma Eze,June,2023,%Q,Q2
BK02611,2024-04-02,2024-05-12,2024-05-16,4,Deluxe,84790,0,84790,339160,Leisure,Individual Guest,Travel Agent,Completed,Nigerian,1,Bank Transfer,Amaka Osei,May,2024,%Q,Q2
BK02612,2024-05-26,2024-06-27,2024-07-05,8,Standard,52723,0,52723,421784,Group,Individual Guest,Corporate Agreement,Completed,Ghanaian,1,POS,Direct Booking,June,2024,%Q,Q2
BK02613,2024-04-07,2024-04-10,2024-04-24,14,Executive,114093,0,114093,1597302,Group,Individual Guest,Walk In,Completed,British,3,Bank Transfer,Chioma Eze,April,2024,%Q,Q2
BK02614,2023-06-12,2023-07-02,2023-07-12,10,Standard,61187,20,48950,489496,Corporate,Total Energies,Online Travel Agent,Confirmed,Nigerian,2,Credit Card,Chioma Eze,July,2023,%Q,Q3
BK02615,2024-03-31,2024-04-10,2024-04-13,3,Standard,56819,0,56819,170457,MICE,Shell Nigeria,Online Travel Agent,Confirmed,Nigerian,4,Cash,Chioma Eze,April,2024,%Q,Q2
BK02616,2023-06-02,2023-07-19,2023-07-31,12,Standard,62680,10,56412,676944,MICE,Julius Berger,Direct,Completed,Nigerian,4,Cash,Amaka Osei,July,2023,%Q,Q3
BK02617,2024-07-08,2024-09-05,2024-09-15,10,Suite,120769,0,120769,1207690,Corporate,Air Peace,Direct,Completed,Nigerian,3,Corporate Account,Direct Booking,September,2024,%Q,Q3
BK02618,2024-07-25,2024-09-18,2024-10-01,13,Suite,132416,0,132416,1721408,MICE,Seplat Energy,Corporate Agreement,Completed,French,2,Corporate Account,Emeka Okonkwo,September,2024,%Q,Q3
BK02619,2024-08-15,2024-09-04,2024-09-16,12,Executive,110281,0,110281,1323372,Corporate,Seplat Energy,Online Travel Agent,Completed,Ghanaian,2,Cash,Tunde Adeyemi,September,2024,%Q,Q3
BK02620,2024-01-08,2024-03-04,2024-03-06,2,Executive,117891,0,117891,235782,Leisure,Individual Guest,Corporate Agreement,Confirmed,Nigerian,2,POS,Chioma Eze,March,2024,%Q,Q1
BK02621,2024-08-22,2024-08-29,2024-09-03,5,Standard,55570,10,50013,0,Government,Federal Ministry of Works,Direct,Cancelled,Nigerian,4,POS,Direct Booking,August,2024,%Q,Q3
BK02622,2024-02-22,2024-03-22,2024-03-26,4,Deluxe,91160,5,86602,346408,Leisure,Individual Guest,Corporate Agreement,Completed,American,4,Bank Transfer,Tunde Adeyemi,March,2024,%Q,Q1
BK02623,2023-02-05,2023-03-19,2023-03-25,6,Suite,160861,10,144775,868649,Leisure,Individual Guest,Corporate Agreement,Completed,Nigerian,2,Bank Transfer,Tunde Adeyemi,March,2023,%Q,Q1
BK02624,2023-01-25,2023-02-11,2023-02-12,1,Presidential,390098,0,390098,390098,MICE,Guinness Nigeria,Direct,Completed,Ghanaian,2,Credit Card,Amaka Osei,February,2023,%Q,Q1
BK02625,2023-06-23,2023-06-27,2023-07-10,13,Suite,169098,15,143733,1868533,Corporate,Unilever Nigeria,Online Travel Agent,Completed,Kenyan,4,Corporate Account,Fatima Bello,June,2023,%Q,Q2
BK02626,2023-10-27,2023-11-02,2023-11-03,1,Presidential,278766,0,278766,278766,Leisure,Individual Guest,Online Travel Agent,Completed,Nigerian,1,Credit Card,Chioma Eze,November,2023,%Q,Q4
BK02627,2023-12-28,2024-02-02,2024-02-05,3,Presidential,380502,0,380502,1141506,Leisure,Individual Guest,Direct,Completed,Nigerian,4,Corporate Account,Chioma Eze,February,2024,%Q,Q1
BK02628,2024-01-25,2024-02-13,2024-02-25,12,Standard,64522,0,64522,774264,Leisure,Individual Guest,Direct,Confirmed,Nigerian,4,Credit Card,Fatima Bello,February,2024,%Q,Q1
BK02629,2023-06-21,2023-07-03,2023-07-05,2,Deluxe,70560,15,59976,119952,Corporate,Zenith Bank,Direct,Confirmed,Nigerian,3,Bank Transfer,Tunde Adeyemi,July,2023,%Q,Q3
BK02630,2024-04-19,2024-06-07,2024-06-17,10,Standard,47950,10,43155,431550,Leisure,Individual Guest,Direct,Completed,South African,3,POS,Fatima Bello,June,2024,%Q,Q2
BK02631,2024-12-02,2024-12-08,2024-12-17,9,Deluxe,86832,0,86832,781488,Group,Individual Guest,Online Travel Agent,Confirmed,Nigerian,4,Corporate Account,Emeka Okonkwo,December,2024,%Q,Q4
BK02632,2024-11-25,2024-12-05,2024-12-17,12,Standard,47044,0,47044,564528,Corporate,Julius Berger,Online Travel Agent,Completed,Nigerian,1,Credit Card,Emeka Okonkwo,December,2024,%Q,Q4
BK02633,2023-11-24,2023-11-26,2023-12-07,11,Suite,173058,15,147099,1618092,Corporate,PZ Cussons,Travel Agent,Completed,Nigerian,2,Cash,Amaka Osei,November,2023,%Q,Q4
BK02634,2024-08-11,2024-09-22,2024-09-25,3,Presidential,266370,5,253052,759154,Corporate,Lagos State Government,Online Travel Agent,Completed,Ghanaian,2,Credit Card,Emeka Okonkwo,September,2024,%Q,Q3
BK02635,2024-05-28,2024-07-23,2024-07-27,4,Presidential,351020,0,351020,1404080,Group,Individual Guest,Direct,Completed,Ghanaian,3,Bank Transfer,Emeka Okonkwo,July,2024,%Q,Q3
BK02636,2024-08-11,2024-10-08,2024-10-17,9,Executive,106602,0,106602,959418,Leisure,Individual Guest,Online Travel Agent,Confirmed,Nigerian,1,Bank Transfer,Amaka Osei,October,2024,%Q,Q4
BK02637,2023-05-07,2023-06-08,2023-06-19,11,Deluxe,76590,15,65102,716116,Government,Shell Nigeria,Online Travel Agent,Confirmed,Nigerian,2,Cash,Tunde Adeyemi,June,2023,%Q,Q2
BK02638,2024-07-14,2024-09-06,2024-09-18,12,Standard,62313,5,59197,710368,Leisure,Individual Guest,Travel Agent,Completed,Chinese,4,Corporate Account,Amaka Osei,September,2024,%Q,Q3
BK02639,2023-12-20,2024-01-30,2024-02-01,2,Standard,58844,0,58844,117688,MICE,Nigerian Ports Authority,Direct,Completed,British,1,POS,Fatima Bello,January,2024,%Q,Q1
BK02640,2023-09-07,2023-09-11,2023-09-24,13,Presidential,283406,10,255065,3315850,Leisure,Individual Guest,Online Travel Agent,Completed,Nigerian,3,Bank Transfer,Fatima Bello,September,2023,%Q,Q3
BK02641,2024-01-11,2024-03-05,2024-03-15,10,Presidential,314736,5,298999,2989992,Leisure,Individual Guest,Corporate Agreement,Completed,Nigerian,2,Bank Transfer,Direct Booking,March,2024,%Q,Q1
BK02642,2023-12-08,2024-01-21,2024-01-27,6,Executive,129987,5,123488,0,Leisure,Individual Guest,Travel Agent,Cancelled,British,3,Credit Card,Amaka Osei,January,2024,%Q,Q1
BK02643,2023-06-20,2023-07-29,2023-08-03,5,Presidential,398243,20,318594,1592972,Government,Chevron Nigeria,Direct,Completed,Nigerian,4,Bank Transfer,Emeka Okonkwo,July,2023,%Q,Q3
BK02644,2023-09-26,2023-11-02,2023-11-05,3,Presidential,255891,0,255891,767673,Leisure,Individual Guest,Direct,Completed,British,3,POS,Emeka Okonkwo,November,2023,%Q,Q4
BK02645,2024-02-14,2024-03-24,2024-04-03,10,Executive,126747,20,101398,1013976,Corporate,MTN Nigeria,Corporate Agreement,Completed,Nigerian,3,Corporate Account,Direct Booking,March,2024,%Q,Q1
BK02646,2023-11-18,2023-12-27,2024-01-07,11,Presidential,324508,5,308283,3391109,Leisure,Individual Guest,Online Travel Agent,Confirmed,Ghanaian,1,Cash,Fatima Bello,December,2023,%Q,Q4
BK02647,2024-03-31,2024-04-18,2024-04-22,4,Executive,129012,15,109660,0,Government,Glo Mobile,Corporate Agreement,Cancelled,Nigerian,4,Bank Transfer,Fatima Bello,April,2024,%Q,Q2
BK02648,2024-08-20,2024-08-21,2024-08-30,9,Suite,139006,0,139006,1251054,Corporate,Chevron Nigeria,Online Travel Agent,Completed,Nigerian,2,Cash,Amaka Osei,August,2024,%Q,Q3
BK02649,2023-01-08,2023-02-02,2023-02-05,3,Deluxe,85030,20,68024,204072,Corporate,Lagos State Government,Corporate Agreement,Completed,Nigerian,3,Credit Card,Fatima Bello,February,2023,%Q,Q1
BK02650,2023-08-14,2023-09-16,2023-09-22,6,Standard,52256,20,41805,250829,Corporate,Julius Berger,Travel Agent,Completed,Nigerian,2,POS,Chioma Eze,September,2023,%Q,Q3
BK02651,2024-08-02,2024-09-01,2024-09-13,12,Suite,174618,0,174618,2095416,MICE,Nigerian Breweries,Online Travel Agent,Completed,Kenyan,4,Credit Card,Amaka Osei,September,2024,%Q,Q3
BK02652,2023-01-14,2023-01-14,2023-01-15,1,Deluxe,71504,0,71504,71504,Group,Individual Guest,Travel Agent,Completed,Nigerian,3,POS,Fatima Bello,January,2023,%Q,Q1
BK02653,2023-01-01,2023-01-18,2023-01-24,6,Suite,126362,5,120044,720263,Leisure,Individual Guest,Direct,Completed,Nigerian,4,Cash,Fatima Bello,January,2023,%Q,Q1
BK02654,2024-07-05,2024-08-06,2024-08-07,1,Executive,96278,0,96278,96278,Group,Individual Guest,Direct,Completed,Kenyan,1,Bank Transfer,Amaka Osei,August,2024,%Q,Q3
BK02655,2024-01-17,2024-03-13,2024-03-19,6,Standard,46559,15,39575,237451,Corporate,UBA Group,Walk In,Completed,Nigerian,4,Bank Transfer,Fatima Bello,March,2024,%Q,Q1
BK02656,2023-09-17,2023-10-08,2023-10-19,11,Executive,121271,0,121271,0,MICE,Nigerian Ports Authority,Walk In,Cancelled,Nigerian,3,Bank Transfer,Tunde Adeyemi,October,2023,%Q,Q4
BK02657,2024-08-21,2024-09-17,2024-09-27,10,Executive,103973,10,93576,935757,Corporate,NNPC,Direct,Completed,Kenyan,1,POS,Amaka Osei,September,2024,%Q,Q3
BK02658,2023-07-02,2023-08-30,2023-09-03,4,Suite,148808,0,148808,595232,MICE,Flour Mills Nigeria,Online Travel Agent,Completed,Nigerian,3,Cash,Fatima Bello,August,2023,%Q,Q3
BK02659,2024-07-27,2024-09-03,2024-09-07,4,Executive,116381,10,104743,418972,Corporate,Guinness Nigeria,Online Travel Agent,Completed,Nigerian,3,Credit Card,Amaka Osei,September,2024,%Q,Q3
BK02660,2023-12-17,2023-12-23,2023-12-27,4,Deluxe,92987,5,88338,353351,MICE,Dangote Group,Direct,Confirmed,Nigerian,1,Bank Transfer,Tunde Adeyemi,December,2023,%Q,Q4
BK02661,2023-07-22,2023-08-31,2023-09-13,13,Deluxe,90752,10,81677,0,Airline Crew,Honeywell Group,Travel Agent,Cancelled,Nigerian,3,Credit Card,Fatima Bello,August,2023,%Q,Q3
BK02662,2023-10-13,2023-11-25,2023-12-07,12,Suite,156316,0,156316,1875792,Corporate,Total Energies,Online Travel Agent,Completed,American,3,Credit Card,Chioma Eze,November,2023,%Q,Q4
BK02663,2024-01-19,2024-02-20,2024-02-22,2,Suite,152063,0,152063,304126,Leisure,Individual Guest,Direct,Confirmed,Nigerian,1,POS,Amaka Osei,February,2024,%Q,Q1
BK02664,2023-11-07,2023-11-12,2023-11-22,10,Suite,149375,0,149375,1493750,Leisure,Individual Guest,Direct,Completed,Nigerian,2,Cash,Tunde Adeyemi,November,2023,%Q,Q4
BK02665,2024-02-20,2024-03-24,2024-04-07,14,Suite,127348,0,127348,1782872,MICE,Oando PLC,Corporate Agreement,Confirmed,American,2,Corporate Account,Fatima Bello,March,2024,%Q,Q1
BK02666,2023-08-28,2023-10-24,2023-11-07,14,Presidential,303260,15,257771,3608794,Corporate,Guinness Nigeria,Online Travel Agent,Completed,Nigerian,2,POS,Amaka Osei,October,2023,%Q,Q4
BK02667,2023-02-05,2023-03-27,2023-04-10,14,Standard,51587,10,46428,649996,Corporate,Total Energies,Direct,Completed,Nigerian,1,Credit Card,Fatima Bello,March,2023,%Q,Q1
BK02668,2023-05-25,2023-06-28,2023-07-06,8,Executive,107864,15,91684,0,Corporate,NNPC,Corporate Agreement,Cancelled,Nigerian,3,Corporate Account,Amaka Osei,June,2023,%Q,Q2
BK02669,2023-10-20,2023-12-01,2023-12-15,14,Deluxe,80729,0,80729,1130206,Group,Individual Guest,Travel Agent,Completed,Nigerian,1,POS,Amaka Osei,December,2023,%Q,Q4
BK02670,2024-02-10,2024-03-11,2024-03-22,11,Deluxe,79585,20,63668,700348,Corporate,FAAN,Corporate Agreement,Completed,Nigerian,4,Credit Card,Emeka Okonkwo,March,2024,%Q,Q1
BK02671,2023-02-22,2023-03-08,2023-03-13,5,Deluxe,82977,0,82977,414885,Corporate,Flour Mills Nigeria,Corporate Agreement,Completed,Nigerian,1,Bank Transfer,Chioma Eze,March,2023,%Q,Q1
BK02672,2023-03-22,2023-04-25,2023-04-26,1,Presidential,395254,0,395254,395254,Corporate,Guinness Nigeria,Online Travel Agent,Completed,Nigerian,2,Cash,Direct Booking,April,2023,%Q,Q2
BK02673,2024-11-18,2024-12-22,2024-12-24,2,Presidential,357373,10,321636,643271,Group,Individual Guest,Direct,Completed,American,3,Cash,Emeka Okonkwo,December,2024,%Q,Q4
BK02674,2024-10-02,2024-11-17,2024-11-27,10,Executive,119294,10,107365,1073646,Leisure,Individual Guest,Travel Agent,Completed,Ghanaian,3,Cash,Emeka Okonkwo,November,2024,%Q,Q4
BK02675,2023-03-24,2023-05-10,2023-05-19,9,Standard,64409,5,61189,550697,Corporate,Shell Nigeria,Corporate Agreement,Confirmed,Nigerian,1,POS,Fatima Bello,May,2023,%Q,Q2
BK02676,2023-09-30,2023-11-03,2023-11-12,9,Deluxe,90948,0,90948,818532,Group,Individual Guest,Travel Agent,Completed,Nigerian,3,POS,Chioma Eze,November,2023,%Q,Q4
BK02677,2023-11-27,2023-12-03,2023-12-16,13,Suite,172088,10,154879,2013430,Government,NNPC,Travel Agent,Completed,Nigerian,1,POS,Emeka Okonkwo,December,2023,%Q,Q4
BK02678,2023-06-23,2023-07-06,2023-07-18,12,Standard,51878,10,46690,560282,Leisure,Individual Guest,Online Travel Agent,Completed,Nigerian,2,POS,Amaka Osei,July,2023,%Q,Q3
BK02679,2024-04-14,2024-05-18,2024-06-01,14,Standard,54014,10,48613,680576,Government,Glo Mobile,Travel Agent,Completed,Nigerian,2,POS,Fatima Bello,May,2024,%Q,Q2
BK02680,2024-02-24,2024-03-31,2024-04-08,8,Standard,57137,20,45710,365677,Corporate,NNPC,Corporate Agreement,Completed,Nigerian,3,Bank Transfer,Chioma Eze,March,2024,%Q,Q1
BK02681,2024-07-04,2024-07-05,2024-07-18,13,Executive,95779,10,86201,0,MICE,Airtel Nigeria,Corporate Agreement,Cancelled,Nigerian,1,Bank Transfer,Direct Booking,July,2024,%Q,Q3
BK02682,2023-07-29,2023-09-04,2023-09-17,13,Standard,45341,0,45341,589433,Corporate,Nestle Nigeria,Walk In,Completed,Nigerian,3,Cash,Direct Booking,September,2023,%Q,Q3
BK02683,2023-08-11,2023-09-07,2023-09-19,12,Standard,63807,10,57426,689116,Corporate,Airtel Nigeria,Travel Agent,Completed,Kenyan,1,Bank Transfer,Direct Booking,September,2023,%Q,Q3
BK02684,2023-10-07,2023-12-02,2023-12-03,1,Deluxe,79808,5,75818,0,Corporate,Oando PLC,Direct,Cancelled,Nigerian,4,POS,Direct Booking,December,2023,%Q,Q4
BK02685,2023-12-30,2024-01-24,2024-02-06,13,Deluxe,84413,20,67530,877895,Corporate,9mobile,Corporate Agreement,Completed,British,2,Cash,Tunde Adeyemi,January,2024,%Q,Q1
BK02686,2023-03-03,2023-03-03,2023-03-15,12,Suite,155687,10,140118,1681420,Corporate,NNPC,Corporate Agreement,Confirmed,Nigerian,1,Credit Card,Direct Booking,March,2023,%Q,Q1
BK02687,2024-01-07,2024-01-31,2024-02-14,14,Deluxe,89162,0,89162,0,Leisure,Individual Guest,Online Travel Agent,Cancelled,Kenyan,3,Corporate Account,Amaka Osei,January,2024,%Q,Q1
BK02688,2023-12-30,2024-02-07,2024-02-18,11,Standard,49391,5,46921,516136,MICE,PZ Cussons,Direct,Completed,Nigerian,4,POS,Tunde Adeyemi,February,2024,%Q,Q1
BK02689,2024-02-03,2024-02-24,2024-02-25,1,Deluxe,79666,0,79666,79666,Corporate,Access Bank,Direct,Completed,Nigerian,1,Corporate Account,Direct Booking,February,2024,%Q,Q1
BK02690,2023-03-05,2023-04-18,2023-04-28,10,Executive,116189,0,116189,0,Group,Individual Guest,Online Travel Agent,Cancelled,Ghanaian,3,Corporate Account,Chioma Eze,April,2023,%Q,Q2
BK02691,2024-01-16,2024-01-18,2024-01-20,2,Deluxe,91930,5,87334,174667,Leisure,Individual Guest,Online Travel Agent,Confirmed,Nigerian,4,Credit Card,Chioma Eze,January,2024,%Q,Q1
BK02692,2023-07-25,2023-08-02,2023-08-09,7,Presidential,276856,5,263013,1841092,Corporate,Flour Mills Nigeria,Online Travel Agent,Completed,Nigerian,3,Credit Card,Fatima Bello,August,2023,%Q,Q3
BK02693,2023-01-01,2023-01-23,2023-02-02,10,Presidential,261771,10,235594,2355939,Leisure,Individual Guest,Corporate Agreement,Completed,Kenyan,1,POS,Direct Booking,January,2023,%Q,Q1
BK02694,2023-05-26,2023-06-27,2023-06-30,3,Presidential,322933,15,274493,823479,Government,Oando PLC,Travel Agent,Completed,South African,2,Bank Transfer,Chioma Eze,June,2023,%Q,Q2
BK02695,2024-05-08,2024-07-04,2024-07-16,12,Executive,103898,0,103898,1246776,MICE,Unilever Nigeria,Travel Agent,Completed,Nigerian,1,POS,Emeka Okonkwo,July,2024,%Q,Q3
BK02696,2023-12-06,2024-01-28,2024-02-11,14,Suite,170833,10,153750,2152496,Group,Individual Guest,Direct,Completed,Chinese,1,POS,Fatima Bello,January,2024,%Q,Q1
BK02697,2024-04-15,2024-05-20,2024-05-24,4,Executive,124044,5,117842,471367,Group,Individual Guest,Online Travel Agent,Completed,South African,3,Corporate Account,Tunde Adeyemi,May,2024,%Q,Q2
BK02698,2024-02-12,2024-04-05,2024-04-06,1,Suite,126179,0,126179,126179,Corporate,MTN Nigeria,Corporate Agreement,Completed,Nigerian,4,Credit Card,Chioma Eze,April,2024,%Q,Q2
BK02699,2023-07-02,2023-07-10,2023-07-19,9,Executive,103732,20,82986,746870,Corporate,Chevron Nigeria,Walk In,Completed,Nigerian,1,Credit Card,Tunde Adeyemi,July,2023,%Q,Q3
BK02700,2023-01-01,2023-02-05,2023-02-17,12,Suite,149504,0,149504,1794048,Leisure,Individual Guest,Travel Agent,Confirmed,Nigerian,3,Corporate Account,Amaka Osei,February,2023,%Q,Q1
BK02701,2024-07-22,2024-08-01,2024-08-05,4,Suite,144329,0,144329,577316,Airline Crew,PZ Cussons,Corporate Agreement,Completed,Nigerian,3,POS,Emeka Okonkwo,August,2024,%Q,Q3
BK02702,2024-10-02,2024-10-11,2024-10-14,3,Suite,155650,10,140085,420255,Airline Crew,Air Peace,Corporate Agreement,Completed,Nigerian,3,Corporate Account,Direct Booking,October,2024,%Q,Q4
BK02703,2024-02-10,2024-02-21,2024-02-25,4,Deluxe,82228,5,78117,312466,Corporate,Honeywell Group,Travel Agent,Completed,Nigerian,2,Cash,Amaka Osei,February,2024,%Q,Q1
BK02704,2024-02-28,2024-03-05,2024-03-07,2,Presidential,263531,0,263531,527062,Corporate,GTCO,Online Travel Agent,Completed,American,4,Bank Transfer,Tunde Adeyemi,March,2024,%Q,Q1
BK02705,2023-05-08,2023-06-02,2023-06-11,9,Executive,106130,5,100824,907412,Corporate,Shell Nigeria,Direct,Completed,Nigerian,4,Corporate Account,Tunde Adeyemi,June,2023,%Q,Q2
BK02706,2023-02-18,2023-03-13,2023-03-23,10,Deluxe,83410,5,79240,792395,Airline Crew,Air Peace,Online Travel Agent,Confirmed,British,1,Bank Transfer,Amaka Osei,March,2023,%Q,Q1
BK02707,2023-08-17,2023-09-07,2023-09-10,3,Presidential,253230,5,240568,0,Corporate,Oando PLC,Online Travel Agent,Cancelled,Nigerian,2,Corporate Account,Amaka Osei,September,2023,%Q,Q3
BK02708,2023-03-24,2023-04-06,2023-04-08,2,Presidential,349791,0,349791,699582,Leisure,Individual Guest,Online Travel Agent,Completed,Nigerian,2,Corporate Account,Emeka Okonkwo,April,2023,%Q,Q2
BK02709,2023-03-13,2023-05-03,2023-05-04,1,Suite,140723,20,112578,112578,Government,FBN Holdings,Travel Agent,Completed,German,2,POS,Amaka Osei,May,2023,%Q,Q2
BK02710,2023-01-18,2023-03-12,2023-03-20,8,Standard,59902,5,56907,455255,Corporate,PZ Cussons,Walk In,Completed,Nigerian,3,Cash,Tunde Adeyemi,March,2023,%Q,Q1
BK02711,2023-06-29,2023-07-08,2023-07-14,6,Standard,58019,20,46415,0,Corporate,Glo Mobile,Walk In,Cancelled,Nigerian,1,Credit Card,Amaka Osei,July,2023,%Q,Q3
BK02712,2023-08-20,2023-10-06,2023-10-11,5,Executive,126094,10,113485,567423,Government,FAAN,Direct,Completed,Nigerian,3,Cash,Direct Booking,October,2023,%Q,Q4
BK02713,2023-07-20,2023-08-19,2023-08-22,3,Executive,100170,0,100170,300510,Group,Individual Guest,Online Travel Agent,Completed,British,3,Credit Card,Direct Booking,August,2023,%Q,Q3
BK02714,2024-11-02,2024-12-09,2024-12-15,6,Presidential,341948,5,324851,1949104,Corporate,Conoil,Direct,Confirmed,American,1,POS,Chioma Eze,December,2024,%Q,Q4
BK02715,2024-01-20,2024-03-16,2024-03-25,9,Executive,113712,0,113712,1023408,Group,Individual Guest,Travel Agent,Completed,Nigerian,4,Corporate Account,Fatima Bello,March,2024,%Q,Q1
BK02716,2023-07-15,2023-08-08,2023-08-16,8,Standard,45316,10,40784,326275,Leisure,Individual Guest,Online Travel Agent,Completed,Nigerian,4,Credit Card,Direct Booking,August,2023,%Q,Q3
BK02717,2023-03-25,2023-04-01,2023-04-11,10,Presidential,258527,5,245601,2456006,Leisure,Individual Guest,Corporate Agreement,Completed,Nigerian,1,Bank Transfer,Chioma Eze,April,2023,%Q,Q2
BK02718,2024-06-22,2024-08-07,2024-08-19,12,Presidential,302848,10,272563,3270758,Leisure,Individual Guest,Corporate Agreement,Completed,Ghanaian,3,Credit Card,Chioma Eze,August,2024,%Q,Q3
BK02719,2023-09-06,2023-10-03,2023-10-12,9,Suite,149428,15,127014,1143124,Government,Conoil,Direct,Completed,British,3,Corporate Account,Fatima Bello,October,2023,%Q,Q4
BK02720,2024-03-09,2024-03-18,2024-03-21,3,Standard,50510,10,45459,0,Corporate,Chevron Nigeria,Corporate Agreement,Cancelled,American,1,Credit Card,Direct Booking,March,2024,%Q,Q1
BK02721,2023-10-08,2023-12-03,2023-12-04,1,Deluxe,94948,5,90201,90201,Corporate,Dangote Group,Online Travel Agent,Confirmed,Nigerian,4,Corporate Account,Chioma Eze,December,2023,%Q,Q4
BK02722,2024-07-22,2024-08-30,2024-09-01,2,Standard,45110,5,42854,85709,Leisure,Individual Guest,Travel Agent,Completed,German,1,Cash,Amaka Osei,August,2024,%Q,Q3
BK02723,2023-01-01,2023-01-03,2023-01-04,1,Standard,57598,5,54718,54718,Leisure,Individual Guest,Direct,Completed,Nigerian,2,Corporate Account,Direct Booking,January,2023,%Q,Q1
BK02724,2024-07-15,2024-08-18,2024-08-29,11,Presidential,370541,10,333487,3668356,Group,Individual Guest,Online Travel Agent,Completed,Nigerian,3,Cash,Direct Booking,August,2024,%Q,Q3
BK02725,2023-01-30,2023-03-26,2023-04-09,14,Presidential,361478,0,361478,0,Leisure,Individual Guest,Direct,No Show,Nigerian,3,POS,Fatima Bello,March,2023,%Q,Q1
BK02726,2023-09-06,2023-09-13,2023-09-20,7,Standard,53005,0,53005,371035,Airline Crew,Access Bank,Online Travel Agent,Completed,Nigerian,3,POS,Amaka Osei,September,2023,%Q,Q3
BK02727,2023-11-25,2023-12-04,2023-12-13,9,Presidential,331014,5,314463,0,Corporate,Air Peace,Direct,Cancelled,Kenyan,3,Bank Transfer,Amaka Osei,December,2023,%Q,Q4
BK02728,2023-11-13,2023-11-28,2023-12-11,13,Suite,147058,10,132352,1720579,Leisure,Individual Guest,Online Travel Agent,Completed,British,3,Cash,Fatima Bello,November,2023,%Q,Q4
BK02729,2024-10-27,2024-12-21,2024-12-26,5,Executive,123307,10,110976,554882,Leisure,Individual Guest,Direct,Completed,British,2,Bank Transfer,Chioma Eze,December,2024,%Q,Q4
BK02730,2023-03-03,2023-04-04,2023-04-16,12,Deluxe,74514,0,74514,894168,Group,Individual Guest,Corporate Agreement,Completed,South African,4,Credit Card,Amaka Osei,April,2023,%Q,Q2
BK02731,2023-01-13,2023-02-04,2023-02-13,9,Presidential,268357,0,268357,2415213,Leisure,Individual Guest,Walk In,Completed,Nigerian,4,Credit Card,Chioma Eze,February,2023,%Q,Q1
BK02732,2023-05-22,2023-06-13,2023-06-17,4,Executive,96140,0,96140,0,Corporate,Access Bank,Direct,Cancelled,South African,3,POS,Tunde Adeyemi,June,2023,%Q,Q2
BK02733,2024-06-03,2024-07-16,2024-07-18,2,Executive,99551,0,99551,199102,Group,Individual Guest,Walk In,Completed,Nigerian,4,Cash,Amaka Osei,July,2024,%Q,Q3
BK02734,2023-01-04,2023-02-02,2023-02-03,1,Presidential,295322,15,251024,251024,Corporate,Flour Mills Nigeria,Direct,Completed,Nigerian,2,Credit Card,Fatima Bello,February,2023,%Q,Q1
BK02735,2023-03-25,2023-03-30,2023-03-31,1,Deluxe,76570,0,76570,76570,Airline Crew,Nestle Nigeria,Walk In,Completed,British,1,Cash,Amaka Osei,March,2023,%Q,Q1
BK02736,2023-01-01,2023-01-31,2023-02-11,11,Suite,154888,0,154888,1703768,Group,Individual Guest,Corporate Agreement,Confirmed,Nigerian,3,Credit Card,Chioma Eze,January,2023,%Q,Q1
BK02737,2024-01-24,2024-01-26,2024-02-07,12,Suite,162932,0,162932,1955184,Corporate,Shell Nigeria,Online Travel Agent,Completed,Nigerian,4,Cash,Direct Booking,January,2024,%Q,Q1
BK02738,2023-04-15,2023-04-20,2023-04-30,10,Suite,135505,5,128730,1287298,Corporate,Honeywell Group,Travel Agent,Completed,German,4,Cash,Direct Booking,April,2023,%Q,Q2
BK02739,2023-09-01,2023-09-23,2023-09-27,4,Presidential,360586,5,342557,1370227,Corporate,Federal Ministry of Works,Direct,Completed,Nigerian,4,Credit Card,Amaka Osei,September,2023,%Q,Q3
BK02740,2024-02-08,2024-02-08,2024-02-16,8,Presidential,352756,0,352756,2822048,MICE,FAAN,Walk In,Completed,South African,3,Credit Card,Tunde Adeyemi,February,2024,%Q,Q1
BK02741,2024-08-03,2024-09-28,2024-10-06,8,Executive,123966,10,111569,892555,Leisure,Individual Guest,Travel Agent,Completed,Nigerian,2,Bank Transfer,Emeka Okonkwo,September,2024,%Q,Q3
BK02742,2023-02-18,2023-03-03,2023-03-14,11,Suite,120985,5,114936,1264293,Corporate,Nigerian Breweries,Online Travel Agent,Completed,British,2,Credit Card,Chioma Eze,March,2023,%Q,Q1
BK02743,2023-10-31,2023-11-17,2023-12-01,14,Deluxe,80079,10,72071,1008995,Corporate,Federal Ministry of Works,Travel Agent,Completed,Nigerian,1,Credit Card,Amaka Osei,November,2023,%Q,Q4
BK02744,2024-08-22,2024-10-14,2024-10-21,7,Suite,159623,0,159623,1117361,Group,Individual Guest,Online Travel Agent,Completed,British,4,Bank Transfer,Tunde Adeyemi,October,2024,%Q,Q4
BK02745,2023-08-26,2023-10-17,2023-10-28,11,Standard,49054,0,49054,539594,Corporate,Honeywell Group,Online Travel Agent,Completed,Nigerian,2,Corporate Account,Tunde Adeyemi,October,2023,%Q,Q4
BK02746,2024-11-01,2024-11-15,2024-11-22,7,Suite,134768,20,107814,754701,Corporate,UBA Group,Travel Agent,Completed,Ghanaian,3,Bank Transfer,Direct Booking,November,2024,%Q,Q4
BK02747,2024-03-04,2024-03-05,2024-03-14,9,Executive,121552,5,115474,1039270,Corporate,Air Peace,Direct,Completed,Nigerian,1,Credit Card,Amaka Osei,March,2024,%Q,Q1
BK02748,2024-01-03,2024-01-15,2024-01-20,5,Suite,125391,0,125391,0,MICE,Total Energies,Direct,No Show,American,4,Cash,Amaka Osei,January,2024,%Q,Q1
BK02749,2023-08-25,2023-09-03,2023-09-11,8,Standard,61555,10,55400,443196,Leisure,Individual Guest,Direct,Completed,Nigerian,1,Credit Card,Direct Booking,September,2023,%Q,Q3
BK02750,2024-02-10,2024-04-02,2024-04-11,9,Presidential,262975,0,262975,2366775,Corporate,FBN Holdings,Direct,Confirmed,Nigerian,2,Bank Transfer,Emeka Okonkwo,April,2024,%Q,Q2
BK02751,2024-10-21,2024-12-07,2024-12-15,8,Standard,64323,10,57891,463126,MICE,Federal Ministry of Works,Corporate Agreement,Confirmed,French,3,Credit Card,Emeka Okonkwo,December,2024,%Q,Q4
BK02752,2023-01-21,2023-02-22,2023-03-06,12,Suite,126456,0,126456,1517472,Leisure,Individual Guest,Walk In,Completed,Nigerian,3,Cash,Fatima Bello,February,2023,%Q,Q1
BK02753,2024-10-01,2024-10-05,2024-10-07,2,Deluxe,84337,20,67470,134939,Corporate,Glo Mobile,Corporate Agreement,Completed,Nigerian,4,POS,Tunde Adeyemi,October,2024,%Q,Q4
BK02754,2023-01-01,2023-01-04,2023-01-12,8,Executive,98685,10,88816,710532,Group,Individual Guest,Walk In,Completed,Nigerian,1,POS,Amaka Osei,January,2023,%Q,Q1
BK02755,2024-04-17,2024-04-26,2024-05-10,14,Deluxe,76645,0,76645,1073030,Group,Individual Guest,Corporate Agreement,Completed,German,4,Corporate Account,Chioma Eze,April,2024,%Q,Q2
BK02756,2024-06-01,2024-07-02,2024-07-06,4,Suite,174886,20,139909,559635,Corporate,Seplat Energy,Corporate Agreement,Completed,Nigerian,3,Credit Card,Amaka Osei,July,2024,%Q,Q3
BK02757,2023-01-01,2023-01-16,2023-01-27,11,Presidential,346032,0,346032,3806352,MICE,Oando PLC,Online Travel Agent,Completed,Nigerian,3,Cash,Direct Booking,January,2023,%Q,Q1
BK02758,2023-03-24,2023-05-19,2023-05-23,4,Executive,107204,15,91123,364494,Corporate,Unilever Nigeria,Direct,Completed,German,3,Corporate Account,Fatima Bello,May,2023,%Q,Q2
BK02759,2023-08-12,2023-09-23,2023-09-30,7,Executive,96305,10,86674,606722,Leisure,Individual Guest,Corporate Agreement,Completed,Nigerian,2,Bank Transfer,Fatima Bello,September,2023,%Q,Q3
BK02760,2023-11-23,2024-01-09,2024-01-21,12,Deluxe,72930,15,61990,743886,Corporate,Unilever Nigeria,Travel Agent,Completed,Ghanaian,1,Bank Transfer,Emeka Okonkwo,January,2024,%Q,Q1
BK02761,2023-01-01,2023-01-10,2023-01-14,4,Suite,123042,10,110738,442951,Airline Crew,Flour Mills Nigeria,Direct,Completed,Kenyan,2,Bank Transfer,Direct Booking,January,2023,%Q,Q1
BK02762,2023-04-17,2023-05-21,2023-05-26,5,Suite,152990,10,137691,688455,Corporate,Air Peace,Walk In,Confirmed,South African,1,Bank Transfer,Fatima Bello,May,2023,%Q,Q2
BK02763,2023-08-14,2023-08-23,2023-08-24,1,Standard,57068,15,48508,48508,Government,FAAN,Online Travel Agent,Completed,Ghanaian,3,Corporate Account,Fatima Bello,August,2023,%Q,Q3
BK02764,2024-12-16,2024-12-31,2025-01-13,13,Deluxe,91880,0,91880,0,MICE,Glo Mobile,Online Travel Agent,No Show,Nigerian,1,Bank Transfer,Chioma Eze,December,2024,%Q,Q4
BK02765,2024-05-09,2024-05-25,2024-06-01,7,Deluxe,86075,0,86075,602525,Leisure,Individual Guest,Travel Agent,Completed,Kenyan,4,Cash,Amaka Osei,May,2024,%Q,Q2
BK02766,2024-06-29,2024-07-19,2024-07-25,6,Standard,49483,10,44535,267208,Leisure,Individual Guest,Online Travel Agent,Confirmed,Nigerian,2,Credit Card,Amaka Osei,July,2024,%Q,Q3
BK02767,2023-12-12,2024-01-17,2024-01-30,13,Executive,128206,5,121796,0,Corporate,Nigerian Ports Authority,Online Travel Agent,No Show,Chinese,4,POS,Amaka Osei,January,2024,%Q,Q1
BK02768,2023-07-28,2023-08-21,2023-09-02,12,Standard,50030,15,42526,510306,Corporate,UBA Group,Corporate Agreement,Completed,German,4,Corporate Account,Chioma Eze,August,2023,%Q,Q3
BK02769,2023-05-03,2023-05-25,2023-05-26,1,Standard,59468,15,50548,0,Corporate,Oando PLC,Travel Agent,Cancelled,Nigerian,3,Corporate Account,Chioma Eze,May,2023,%Q,Q2
BK02770,2024-05-11,2024-06-28,2024-07-09,11,Deluxe,85766,0,85766,943426,Group,Individual Guest,Direct,Confirmed,Nigerian,1,POS,Tunde Adeyemi,June,2024,%Q,Q2
BK02771,2024-02-05,2024-03-28,2024-04-02,5,Standard,54886,0,54886,274430,Leisure,Individual Guest,Online Travel Agent,Completed,Nigerian,2,Credit Card,Amaka Osei,March,2024,%Q,Q1
BK02772,2023-08-06,2023-09-23,2023-10-06,13,Executive,129608,5,123128,1600659,Leisure,Individual Guest,Online Travel Agent,Confirmed,British,4,Bank Transfer,Chioma Eze,September,2023,%Q,Q3
BK02773,2024-03-06,2024-03-14,2024-03-19,5,Standard,59592,0,59592,297960,Group,Individual Guest,Direct,Completed,Nigerian,3,Credit Card,Amaka Osei,March,2024,%Q,Q1
BK02774,2024-06-15,2024-07-15,2024-07-22,7,Executive,104067,5,98864,692046,Leisure,Individual Guest,Travel Agent,Confirmed,Nigerian,1,Corporate Account,Fatima Bello,July,2024,%Q,Q3
BK02775,2024-11-17,2024-11-18,2024-11-30,12,Suite,153882,15,130800,1569596,Government,Lagos State Government,Direct,Completed,Nigerian,2,Cash,Chioma Eze,November,2024,%Q,Q4
BK02776,2023-01-01,2023-01-07,2023-01-13,6,Standard,62197,15,52867,317205,Government,Shell Nigeria,Corporate Agreement,Completed,South African,4,POS,Chioma Eze,January,2023,%Q,Q1
BK02777,2023-09-21,2023-09-21,2023-10-04,13,Suite,132573,5,125944,1637277,Group,Individual Guest,Online Travel Agent,Completed,Nigerian,4,POS,Emeka Okonkwo,September,2023,%Q,Q3
BK02778,2024-12-06,2024-12-28,2025-01-03,6,Suite,130406,0,130406,782436,Leisure,Individual Guest,Corporate Agreement,Confirmed,Nigerian,2,Cash,Fatima Bello,December,2024,%Q,Q4
BK02779,2024-03-09,2024-05-03,2024-05-07,4,Executive,103535,0,103535,0,Leisure,Individual Guest,Direct,Cancelled,Nigerian,4,Credit Card,Direct Booking,May,2024,%Q,Q2
BK02780,2023-04-15,2023-04-19,2023-05-02,13,Executive,119313,0,119313,1551069,Group,Individual Guest,Corporate Agreement,Completed,Indian,2,Corporate Account,Amaka Osei,April,2023,%Q,Q2
BK02781,2023-09-20,2023-10-29,2023-11-01,3,Presidential,347504,0,347504,1042512,Corporate,FBN Holdings,Online Travel Agent,Completed,British,2,Cash,Amaka Osei,October,2023,%Q,Q4
BK02782,2024-03-11,2024-03-11,2024-03-21,10,Deluxe,89153,0,89153,0,MICE,Total Energies,Travel Agent,Cancelled,South African,1,POS,Fatima Bello,March,2024,%Q,Q1
BK02783,2023-08-18,2023-09-30,2023-10-03,3,Executive,112605,0,112605,337815,Leisure,Individual Guest,Online Travel Agent,Confirmed,Nigerian,4,Corporate Account,Amaka Osei,September,2023,%Q,Q3
BK02784,2023-08-05,2023-08-10,2023-08-23,13,Executive,107715,0,107715,1400295,Leisure,Individual Guest,Travel Agent,Completed,American,2,Cash,Amaka Osei,August,2023,%Q,Q3
BK02785,2023-05-17,2023-07-09,2023-07-16,7,Executive,107028,15,90974,636817,Corporate,FBN Holdings,Direct,Completed,Nigerian,3,Credit Card,Emeka Okonkwo,July,2023,%Q,Q3
BK02786,2024-01-21,2024-03-19,2024-03-23,4,Presidential,251397,0,251397,1005588,Leisure,Individual Guest,Direct,Completed,Nigerian,1,Cash,Chioma Eze,March,2024,%Q,Q1
BK02787,2023-11-09,2023-12-25,2024-01-04,10,Presidential,394190,20,315352,3153520,Corporate,Guinness Nigeria,Direct,Completed,Nigerian,2,Corporate Account,Tunde Adeyemi,December,2023,%Q,Q4
BK02788,2023-02-02,2023-03-31,2023-04-03,3,Presidential,280899,0,280899,842697,MICE,Guinness Nigeria,Direct,Completed,Indian,1,Corporate Account,Fatima Bello,March,2023,%Q,Q1
BK02789,2024-02-19,2024-03-16,2024-03-28,12,Executive,120895,0,120895,1450740,Group,Individual Guest,Online Travel Agent,Completed,Nigerian,3,Cash,Direct Booking,March,2024,%Q,Q1
BK02790,2024-08-09,2024-08-25,2024-09-02,8,Presidential,347946,10,313151,2505211,Corporate,MTN Nigeria,Online Travel Agent,Completed,Nigerian,4,Corporate Account,Amaka Osei,August,2024,%Q,Q3
BK02791,2024-01-03,2024-02-27,2024-03-12,14,Standard,50558,5,48030,672421,Corporate,MTN Nigeria,Walk In,Completed,British,1,POS,Tunde Adeyemi,February,2024,%Q,Q1
BK02792,2023-07-06,2023-07-10,2023-07-23,13,Suite,170897,10,153807,1999495,MICE,GTCO,Direct,Completed,Nigerian,1,POS,Chioma Eze,July,2023,%Q,Q3
BK02793,2023-06-23,2023-08-19,2023-08-22,3,Deluxe,81419,0,81419,0,Airline Crew,PZ Cussons,Direct,Cancelled,Nigerian,1,Bank Transfer,Chioma Eze,August,2023,%Q,Q3
BK02794,2023-11-29,2024-01-19,2024-01-30,11,Suite,142547,0,142547,1568017,MICE,Dangote Group,Travel Agent,Confirmed,Nigerian,3,Cash,Chioma Eze,January,2024,%Q,Q1
BK02795,2023-07-26,2023-08-20,2023-09-03,14,Presidential,382197,0,382197,5350758,MICE,UBA Group,Direct,Completed,Nigerian,2,Credit Card,Tunde Adeyemi,August,2023,%Q,Q3
BK02796,2023-07-14,2023-09-10,2023-09-17,7,Deluxe,89401,0,89401,625807,Leisure,Individual Guest,Online Travel Agent,Confirmed,Nigerian,2,POS,Direct Booking,September,2023,%Q,Q3
BK02797,2023-03-21,2023-05-10,2023-05-24,14,Suite,169326,20,135461,1896451,Corporate,Chevron Nigeria,Direct,Completed,South African,3,Corporate Account,Fatima Bello,May,2023,%Q,Q2
BK02798,2024-08-30,2024-09-07,2024-09-17,10,Standard,48863,5,46420,464198,Corporate,Honeywell Group,Direct,Completed,Nigerian,3,Cash,Fatima Bello,September,2024,%Q,Q3
BK02799,2023-02-13,2023-03-09,2023-03-10,1,Deluxe,89506,10,80555,80555,MICE,FBN Holdings,Corporate Agreement,Completed,French,1,POS,Chioma Eze,March,2023,%Q,Q1
BK02800,2023-04-21,2023-05-16,2023-05-19,3,Executive,99981,5,94982,284946,Group,Individual Guest,Online Travel Agent,Confirmed,American,3,Corporate Account,Tunde Adeyemi,May,2023,%Q,Q2
BK02801,2023-10-12,2023-11-23,2023-11-26,3,Presidential,354501,15,301326,903978,Corporate,Nigerian Breweries,Direct,Completed,Nigerian,1,Corporate Account,Fatima Bello,November,2023,%Q,Q4
BK02802,2023-08-23,2023-08-23,2023-08-24,1,Presidential,291507,0,291507,291507,Group,Individual Guest,Walk In,Completed,Nigerian,1,Cash,Tunde Adeyemi,August,2023,%Q,Q3
BK02803,2023-06-14,2023-06-20,2023-07-02,12,Standard,56594,0,56594,679128,Group,Individual Guest,Online Travel Agent,Completed,Nigerian,2,Credit Card,Chioma Eze,June,2023,%Q,Q2
BK02804,2024-08-12,2024-08-18,2024-08-29,11,Suite,135582,0,135582,1491402,Group,Individual Guest,Travel Agent,Confirmed,Nigerian,2,Corporate Account,Fatima Bello,August,2024,%Q,Q3
BK02805,2024-04-14,2024-04-22,2024-05-02,10,Suite,165378,0,165378,1653780,Group,Individual Guest,Direct,Completed,Nigerian,3,Credit Card,Fatima Bello,April,2024,%Q,Q2
BK02806,2024-10-29,2024-12-18,2024-12-27,9,Standard,64356,20,51485,463363,Corporate,MTN Nigeria,Online Travel Agent,Completed,Nigerian,4,Corporate Account,Emeka Okonkwo,December,2024,%Q,Q4
BK02807,2023-05-28,2023-07-23,2023-07-27,4,Deluxe,94823,15,80600,322398,Corporate,NNPC,Online Travel Agent,Completed,British,3,Credit Card,Amaka Osei,July,2023,%Q,Q3
BK02808,2024-06-21,2024-07-09,2024-07-20,11,Executive,113018,20,90414,994558,Corporate,Glo Mobile,Travel Agent,Completed,Nigerian,2,POS,Fatima Bello,July,2024,%Q,Q3
BK02809,2023-06-05,2023-06-25,2023-07-08,13,Executive,126314,10,113683,1477874,Corporate,Total Energies,Online Travel Agent,Confirmed,Nigerian,2,POS,Tunde Adeyemi,June,2023,%Q,Q2
BK02810,2023-09-15,2023-11-09,2023-11-13,4,Suite,168307,0,168307,673228,Leisure,Individual Guest,Online Travel Agent,Completed,British,3,Credit Card,Tunde Adeyemi,November,2023,%Q,Q4
BK02811,2023-04-08,2023-04-19,2023-04-28,9,Suite,167797,0,167797,0,MICE,Lagos State Government,Travel Agent,Cancelled,Nigerian,4,POS,Tunde Adeyemi,April,2023,%Q,Q2
BK02812,2024-08-10,2024-08-26,2024-09-08,13,Deluxe,91172,20,72938,948189,Corporate,Chevron Nigeria,Direct,Completed,Nigerian,2,POS,Chioma Eze,August,2024,%Q,Q3
BK02813,2023-01-12,2023-01-12,2023-01-25,13,Presidential,359446,0,359446,4672798,Leisure,Individual Guest,Online Travel Agent,Completed,Nigerian,3,Bank Transfer,Emeka Okonkwo,January,2023,%Q,Q1
BK02814,2023-01-31,2023-02-23,2023-03-05,10,Executive,107727,0,107727,1077270,Corporate,Transcorp Hotels,Corporate Agreement,Completed,Nigerian,1,POS,Tunde Adeyemi,February,2023,%Q,Q1
BK02815,2023-03-14,2023-03-28,2023-04-07,10,Deluxe,82148,5,78041,780406,MICE,Total Energies,Direct,Confirmed,Nigerian,2,POS,Amaka Osei,March,2023,%Q,Q1
BK02816,2023-01-04,2023-01-06,2023-01-18,12,Executive,96393,20,77114,925373,Government,Shell Nigeria,Corporate Agreement,Completed,Nigerian,1,Corporate Account,Chioma Eze,January,2023,%Q,Q1
BK02817,2024-01-11,2024-03-04,2024-03-18,14,Standard,60532,10,54479,762703,Airline Crew,Nestle Nigeria,Direct,Completed,Nigerian,1,Bank Transfer,Chioma Eze,March,2024,%Q,Q1
BK02818,2023-11-01,2023-11-30,2023-12-04,4,Deluxe,76549,5,72722,290886,Corporate,Access Bank,Online Travel Agent,Completed,Nigerian,2,Bank Transfer,Tunde Adeyemi,November,2023,%Q,Q4
BK02819,2024-02-25,2024-02-25,2024-02-27,2,Presidential,317888,10,286099,572198,Corporate,Access Bank,Direct,Completed,Chinese,4,Bank Transfer,Direct Booking,February,2024,%Q,Q1
BK02820,2023-09-22,2023-10-10,2023-10-24,14,Standard,51443,0,51443,720202,Leisure,Individual Guest,Corporate Agreement,Completed,Nigerian,4,Corporate Account,Chioma Eze,October,2023,%Q,Q4
BK02821,2024-01-24,2024-03-08,2024-03-22,14,Deluxe,78225,0,78225,0,Group,Individual Guest,Walk In,Cancelled,Ghanaian,4,Bank Transfer,Emeka Okonkwo,March,2024,%Q,Q1
BK02822,2023-11-13,2023-12-15,2023-12-17,2,Presidential,365705,5,347420,694840,Corporate,Access Bank,Online Travel Agent,Completed,British,3,Credit Card,Tunde Adeyemi,December,2023,%Q,Q4
BK02823,2023-01-25,2023-02-12,2023-02-15,3,Presidential,307460,0,307460,922380,Leisure,Individual Guest,Direct,Completed,South African,3,Credit Card,Tunde Adeyemi,February,2023,%Q,Q1
BK02824,2024-02-22,2024-03-14,2024-03-27,13,Deluxe,86416,0,86416,1123408,MICE,Flour Mills Nigeria,Travel Agent,Completed,Nigerian,3,Cash,Chioma Eze,March,2024,%Q,Q1
BK02825,2023-12-06,2024-01-23,2024-02-06,14,Deluxe,83697,0,83697,1171758,Leisure,Individual Guest,Corporate Agreement,Confirmed,Nigerian,3,Corporate Account,Fatima Bello,January,2024,%Q,Q1
BK02826,2024-10-30,2024-10-30,2024-10-31,1,Presidential,338841,15,288015,288015,Corporate,Glo Mobile,Online Travel Agent,Completed,South African,1,Credit Card,Chioma Eze,October,2024,%Q,Q4
BK02827,2023-09-23,2023-10-13,2023-10-17,4,Presidential,254195,0,254195,1016780,MICE,Conoil,Direct,Completed,Nigerian,1,Corporate Account,Chioma Eze,October,2023,%Q,Q4
BK02828,2024-04-04,2024-05-15,2024-05-29,14,Executive,101151,15,85978,1203697,Corporate,Oando PLC,Walk In,Completed,Nigerian,1,Corporate Account,Tunde Adeyemi,May,2024,%Q,Q2
BK02829,2023-12-17,2024-01-20,2024-01-22,2,Executive,118029,20,94423,188846,Government,Flour Mills Nigeria,Travel Agent,Completed,Nigerian,4,Credit Card,Emeka Okonkwo,January,2024,%Q,Q1
BK02830,2023-01-27,2023-03-10,2023-03-16,6,Suite,177820,0,177820,1066920,Group,Individual Guest,Travel Agent,Completed,South African,1,Bank Transfer,Fatima Bello,March,2023,%Q,Q1
BK02831,2024-02-09,2024-04-08,2024-04-16,8,Deluxe,88902,0,88902,711216,MICE,MTN Nigeria,Online Travel Agent,Completed,Nigerian,4,POS,Emeka Okonkwo,April,2024,%Q,Q2
BK02832,2023-10-02,2023-10-25,2023-10-29,4,Executive,123075,5,116921,0,Corporate,Conoil,Direct,Cancelled,Nigerian,2,POS,Emeka Okonkwo,October,2023,%Q,Q4
BK02833,2023-01-01,2023-01-28,2023-02-04,7,Executive,108827,5,103386,723700,Corporate,Lagos State Government,Travel Agent,Completed,French,2,Credit Card,Fatima Bello,January,2023,%Q,Q1
BK02834,2024-01-10,2024-03-06,2024-03-13,7,Executive,113429,10,102086,714603,MICE,Air Peace,Online Travel Agent,Completed,British,2,Cash,Emeka Okonkwo,March,2024,%Q,Q1
BK02835,2023-10-27,2023-12-04,2023-12-15,11,Standard,57688,5,54804,0,Leisure,Individual Guest,Online Travel Agent,Cancelled,Nigerian,4,POS,Tunde Adeyemi,December,2023,%Q,Q4
BK02836,2023-01-01,2023-01-25,2023-02-06,12,Suite,172351,0,172351,2068212,Airline Crew,Airtel Nigeria,Travel Agent,Completed,British,2,Credit Card,Fatima Bello,January,2023,%Q,Q1
BK02837,2024-12-09,2024-12-12,2024-12-20,8,Suite,162461,5,154338,1234704,MICE,NNPC,Travel Agent,Completed,Nigerian,1,Corporate Account,Emeka Okonkwo,December,2024,%Q,Q4
BK02838,2024-01-25,2024-02-05,2024-02-09,4,Standard,47284,10,42556,0,Leisure,Individual Guest,Walk In,Cancelled,American,2,Corporate Account,Amaka Osei,February,2024,%Q,Q1
BK02839,2024-06-30,2024-08-18,2024-08-21,3,Presidential,270995,5,257445,772336,Group,Individual Guest,Online Travel Agent,Completed,Nigerian,2,POS,Amaka Osei,August,2024,%Q,Q3
BK02840,2024-10-25,2024-12-20,2024-12-26,6,Deluxe,77647,0,77647,465882,Leisure,Individual Guest,Walk In,Completed,Nigerian,3,Cash,Emeka Okonkwo,December,2024,%Q,Q4
BK02841,2024-02-01,2024-02-19,2024-02-29,10,Deluxe,70989,0,70989,709890,Corporate,PZ Cussons,Direct,Completed,South African,1,Cash,Chioma Eze,February,2024,%Q,Q1
BK02842,2023-08-29,2023-10-17,2023-10-23,6,Presidential,359719,0,359719,2158314,Leisure,Individual Guest,Corporate Agreement,Completed,Nigerian,4,POS,Chioma Eze,October,2023,%Q,Q4
BK02843,2023-01-01,2023-01-03,2023-01-09,6,Presidential,389067,5,369614,0,Corporate,FBN Holdings,Walk In,No Show,South African,1,Credit Card,Chioma Eze,January,2023,%Q,Q1
BK02844,2024-10-20,2024-12-11,2024-12-22,11,Standard,60266,0,60266,662926,Group,Individual Guest,Online Travel Agent,Confirmed,Kenyan,4,Corporate Account,Amaka Osei,December,2024,%Q,Q4
BK02845,2024-09-28,2024-11-10,2024-11-14,4,Standard,56263,15,47824,191294,Government,Dangote Group,Corporate Agreement,Confirmed,Nigerian,1,Credit Card,Fatima Bello,November,2024,%Q,Q4
BK02846,2023-01-01,2023-01-02,2023-01-06,4,Executive,98039,0,98039,392156,Corporate,Dangote Group,Walk In,Completed,Nigerian,4,Bank Transfer,Chioma Eze,January,2023,%Q,Q1
BK02847,2023-06-26,2023-07-28,2023-07-29,1,Presidential,258243,10,232419,232419,Leisure,Individual Guest,Walk In,Completed,Nigerian,2,Corporate Account,Tunde Adeyemi,July,2023,%Q,Q3
BK02848,2023-04-20,2023-06-19,2023-06-29,10,Executive,106393,5,101073,1010733,Group,Individual Guest,Travel Agent,Completed,Kenyan,1,Bank Transfer,Chioma Eze,June,2023,%Q,Q2
BK02849,2023-04-29,2023-05-31,2023-06-09,9,Presidential,338835,5,321893,2897039,Airline Crew,Total Energies,Online Travel Agent,Completed,Nigerian,1,Corporate Account,Amaka Osei,May,2023,%Q,Q2
BK02850,2024-08-22,2024-08-29,2024-09-09,11,Presidential,350893,0,350893,3859823,MICE,Chevron Nigeria,Online Travel Agent,Completed,Nigerian,2,Bank Transfer,Fatima Bello,August,2024,%Q,Q3
BK02851,2023-08-27,2023-09-03,2023-09-13,10,Executive,98723,0,98723,987230,Group,Individual Guest,Walk In,Completed,Nigerian,3,Cash,Direct Booking,September,2023,%Q,Q3
BK02852,2023-06-22,2023-08-12,2023-08-18,6,Presidential,350004,0,350004,0,Group,Individual Guest,Direct,Cancelled,German,1,Corporate Account,Direct Booking,August,2023,%Q,Q3
BK02853,2023-05-16,2023-07-02,2023-07-03,1,Suite,173117,10,155805,155805,Group,Individual Guest,Direct,Completed,American,4,Credit Card,Chioma Eze,July,2023,%Q,Q3
BK02854,2023-01-15,2023-01-20,2023-01-30,10,Deluxe,77301,0,77301,0,Leisure,Individual Guest,Direct,No Show,French,4,Corporate Account,Fatima Bello,January,2023,%Q,Q1
BK02855,2023-08-20,2023-09-13,2023-09-23,10,Executive,95050,10,85545,0,Corporate,UBA Group,Online Travel Agent,No Show,Kenyan,1,Cash,Direct Booking,September,2023,%Q,Q3
BK02856,2023-11-16,2023-12-30,2024-01-03,4,Executive,111766,0,111766,447064,Leisure,Individual Guest,Online Travel Agent,Confirmed,Nigerian,1,Cash,Chioma Eze,December,2023,%Q,Q4
BK02857,2024-01-01,2024-02-14,2024-02-28,14,Suite,175076,15,148815,2083404,Government,Shell Nigeria,Travel Agent,Confirmed,British,3,Credit Card,Emeka Okonkwo,February,2024,%Q,Q1
BK02858,2024-12-04,2024-12-30,2025-01-06,7,Deluxe,76474,0,76474,535318,Airline Crew,Guinness Nigeria,Online Travel Agent,Completed,Ghanaian,4,POS,Fatima Bello,December,2024,%Q,Q4
BK02859,2024-08-14,2024-08-22,2024-08-24,2,Suite,158107,10,142296,284593,Corporate,Honeywell Group,Travel Agent,Completed,American,1,Credit Card,Tunde Adeyemi,August,2024,%Q,Q3
BK02860,2023-06-07,2023-07-10,2023-07-20,10,Executive,107092,20,85674,856736,Corporate,Federal Ministry of Works,Direct,Completed,Nigerian,4,Bank Transfer,Emeka Okonkwo,July,2023,%Q,Q3
BK02861,2024-08-09,2024-08-20,2024-08-27,7,Deluxe,81296,0,81296,569072,Leisure,Individual Guest,Walk In,Completed,Chinese,2,Credit Card,Direct Booking,August,2024,%Q,Q3
BK02862,2023-10-21,2023-11-25,2023-12-08,13,Executive,121202,0,121202,1575626,Leisure,Individual Guest,Online Travel Agent,Completed,British,1,Corporate Account,Chioma Eze,November,2023,%Q,Q4
BK02863,2023-04-19,2023-05-05,2023-05-09,4,Presidential,295263,20,236210,944842,Corporate,Flour Mills Nigeria,Travel Agent,Completed,Nigerian,2,POS,Tunde Adeyemi,May,2023,%Q,Q2
BK02864,2023-03-20,2023-03-28,2023-03-31,3,Executive,95645,5,90863,272588,Corporate,Zenith Bank,Direct,Completed,Indian,4,Corporate Account,Direct Booking,March,2023,%Q,Q1
BK02865,2024-08-07,2024-09-23,2024-10-05,12,Standard,54992,0,54992,659904,Group,Individual Guest,Travel Agent,Completed,Kenyan,1,POS,Direct Booking,September,2024,%Q,Q3
BK02866,2023-11-03,2023-11-04,2023-11-06,2,Deluxe,86927,10,78234,156469,MICE,Honeywell Group,Walk In,Completed,Kenyan,1,Credit Card,Emeka Okonkwo,November,2023,%Q,Q4
BK02867,2024-08-23,2024-09-19,2024-09-28,9,Suite,174579,0,174579,1571211,Group,Individual Guest,Corporate Agreement,Completed,American,3,Credit Card,Direct Booking,September,2024,%Q,Q3
BK02868,2023-10-20,2023-12-04,2023-12-14,10,Deluxe,71822,10,64640,0,Leisure,Individual Guest,Travel Agent,No Show,Nigerian,4,Corporate Account,Emeka Okonkwo,December,2023,%Q,Q4
BK02869,2023-02-14,2023-04-15,2023-04-25,10,Suite,156614,15,133122,1331219,Government,Lagos State Government,Walk In,Confirmed,Chinese,3,Bank Transfer,Fatima Bello,April,2023,%Q,Q2
BK02870,2024-05-05,2024-06-30,2024-07-03,3,Standard,47791,0,47791,143373,Leisure,Individual Guest,Corporate Agreement,Completed,Nigerian,4,Corporate Account,Fatima Bello,June,2024,%Q,Q2
BK02871,2024-05-17,2024-06-22,2024-06-29,7,Suite,151476,0,151476,1060332,Corporate,UBA Group,Direct,Completed,Nigerian,3,Corporate Account,Chioma Eze,June,2024,%Q,Q2
BK02872,2024-12-08,2024-12-28,2024-12-31,3,Deluxe,72377,5,68758,206274,Group,Individual Guest,Corporate Agreement,Completed,Kenyan,1,Bank Transfer,Amaka Osei,December,2024,%Q,Q4
BK02873,2024-05-04,2024-05-16,2024-05-24,8,Deluxe,72401,0,72401,579208,Leisure,Individual Guest,Direct,Completed,Nigerian,1,Credit Card,Fatima Bello,May,2024,%Q,Q2
BK02874,2024-10-20,2024-12-12,2024-12-18,6,Presidential,268607,0,268607,1611642,Leisure,Individual Guest,Direct,Completed,Nigerian,2,Cash,Tunde Adeyemi,December,2024,%Q,Q4
BK02875,2023-09-21,2023-11-14,2023-11-19,5,Executive,113783,0,113783,568915,Leisure,Individual Guest,Direct,Confirmed,Nigerian,4,POS,Emeka Okonkwo,November,2023,%Q,Q4
BK02876,2023-08-15,2023-08-19,2023-08-25,6,Standard,60415,0,60415,362490,Leisure,Individual Guest,Travel Agent,Confirmed,Nigerian,3,Bank Transfer,Emeka Okonkwo,August,2023,%Q,Q3
BK02877,2024-04-24,2024-05-09,2024-05-21,12,Deluxe,87636,10,78872,946469,Leisure,Individual Guest,Online Travel Agent,Confirmed,Nigerian,1,Bank Transfer,Chioma Eze,May,2024,%Q,Q2
BK02878,2023-12-29,2023-12-29,2024-01-07,9,Suite,142696,10,128426,1155838,Leisure,Individual Guest,Corporate Agreement,Confirmed,Nigerian,3,Cash,Emeka Okonkwo,December,2023,%Q,Q4
BK02879,2024-01-14,2024-02-06,2024-02-17,11,Deluxe,89735,0,89735,987085,Group,Individual Guest,Direct,Completed,Nigerian,1,Bank Transfer,Emeka Okonkwo,February,2024,%Q,Q1
BK02880,2023-01-01,2023-01-12,2023-01-22,10,Standard,55206,5,52446,524457,Corporate,GTCO,Direct,Confirmed,Nigerian,2,POS,Tunde Adeyemi,January,2023,%Q,Q1
BK02881,2023-02-19,2023-03-25,2023-04-07,13,Standard,51848,10,46663,606622,Leisure,Individual Guest,Direct,Completed,Chinese,2,Bank Transfer,Direct Booking,March,2023,%Q,Q1
BK02882,2023-12-13,2024-01-16,2024-01-30,14,Presidential,354684,0,354684,4965576,Group,Individual Guest,Walk In,Completed,South African,1,Corporate Account,Direct Booking,January,2024,%Q,Q1
BK02883,2024-01-27,2024-02-06,2024-02-12,6,Presidential,338590,15,287802,1726809,Corporate,FAAN,Online Travel Agent,Completed,British,3,Credit Card,Tunde Adeyemi,February,2024,%Q,Q1
BK02884,2023-05-13,2023-05-16,2023-05-20,4,Deluxe,89821,0,89821,359284,Airline Crew,GTCO,Direct,Completed,French,4,Corporate Account,Amaka Osei,May,2023,%Q,Q2
BK02885,2024-04-24,2024-06-01,2024-06-13,12,Presidential,376607,10,338946,4067356,Airline Crew,Conoil,Direct,Completed,American,1,POS,Amaka Osei,June,2024,%Q,Q2
BK02886,2024-10-15,2024-12-10,2024-12-21,11,Suite,176731,0,176731,0,Corporate,Access Bank,Travel Agent,Cancelled,Nigerian,1,Corporate Account,Emeka Okonkwo,December,2024,%Q,Q4
BK02887,2023-11-23,2023-12-10,2023-12-19,9,Presidential,338736,10,304862,2743762,Leisure,Individual Guest,Travel Agent,Completed,Nigerian,1,Bank Transfer,Direct Booking,December,2023,%Q,Q4
BK02888,2024-10-31,2024-11-02,2024-11-09,7,Suite,149807,5,142317,996217,MICE,Chevron Nigeria,Online Travel Agent,Confirmed,British,4,Bank Transfer,Emeka Okonkwo,November,2024,%Q,Q4
BK02889,2023-08-23,2023-10-07,2023-10-13,6,Suite,139416,0,139416,836496,Leisure,Individual Guest,Travel Agent,Completed,Kenyan,2,Credit Card,Direct Booking,October,2023,%Q,Q4
BK02890,2024-03-26,2024-03-30,2024-04-12,13,Suite,145585,5,138306,1797975,Group,Individual Guest,Corporate Agreement,Completed,American,4,Cash,Fatima Bello,March,2024,%Q,Q1
BK02891,2024-01-24,2024-02-01,2024-02-08,7,Executive,106783,20,85426,597985,Corporate,FAAN,Online Travel Agent,Completed,Indian,1,Corporate Account,Tunde Adeyemi,February,2024,%Q,Q1
BK02892,2023-10-28,2023-11-05,2023-11-06,1,Suite,151861,5,144268,144268,MICE,Seplat Energy,Walk In,Confirmed,Nigerian,1,Cash,Amaka Osei,November,2023,%Q,Q4
BK02893,2023-08-06,2023-08-31,2023-09-01,1,Executive,110643,0,110643,110643,Leisure,Individual Guest,Direct,Confirmed,South African,4,Bank Transfer,Direct Booking,August,2023,%Q,Q3
BK02894,2023-01-01,2023-01-09,2023-01-19,10,Presidential,281636,5,267554,2675542,Corporate,Lafarge Africa,Corporate Agreement,Completed,German,1,Credit Card,Amaka Osei,January,2023,%Q,Q1
BK02895,2024-01-08,2024-01-09,2024-01-12,3,Presidential,318758,5,302820,908460,Corporate,Julius Berger,Online Travel Agent,Completed,Nigerian,3,POS,Emeka Okonkwo,January,2024,%Q,Q1
BK02896,2023-03-15,2023-04-25,2023-05-05,10,Deluxe,82858,10,74572,745722,Corporate,NNPC,Travel Agent,Confirmed,Nigerian,3,Cash,Emeka Okonkwo,April,2023,%Q,Q2
BK02897,2023-08-31,2023-10-07,2023-10-18,11,Deluxe,71436,20,57149,628637,Corporate,UBA Group,Walk In,Completed,Nigerian,1,Bank Transfer,Amaka Osei,October,2023,%Q,Q4
BK02898,2023-03-30,2023-05-04,2023-05-16,12,Presidential,352049,15,299242,3590900,Corporate,9mobile,Direct,Completed,Ghanaian,4,Cash,Chioma Eze,May,2023,%Q,Q2
BK02899,2023-05-31,2023-06-10,2023-06-24,14,Presidential,347254,15,295166,4132323,Corporate,Honeywell Group,Direct,Completed,American,2,Bank Transfer,Emeka Okonkwo,June,2023,%Q,Q2
BK02900,2023-03-21,2023-04-16,2023-04-29,13,Deluxe,80144,5,76137,989778,Leisure,Individual Guest,Direct,Confirmed,Nigerian,4,Credit Card,Direct Booking,April,2023,%Q,Q2
BK02901,2023-01-05,2023-01-17,2023-01-20,3,Suite,172414,5,163793,491380,Airline Crew,Nigerian Ports Authority,Direct,Completed,Nigerian,1,Bank Transfer,Tunde Adeyemi,January,2023,%Q,Q1
BK02902,2023-07-09,2023-08-24,2023-09-04,11,Standard,58866,0,58866,647526,Leisure,Individual Guest,Online Travel Agent,Confirmed,Nigerian,1,POS,Emeka Okonkwo,August,2023,%Q,Q3
BK02903,2023-04-27,2023-05-13,2023-05-16,3,Suite,124918,5,118672,356016,Corporate,Airtel Nigeria,Corporate Agreement,Completed,Nigerian,3,Cash,Emeka Okonkwo,May,2023,%Q,Q2
BK02904,2023-02-18,2023-04-10,2023-04-21,11,Suite,165507,15,140681,1547490,Government,Oando PLC,Online Travel Agent,Completed,Nigerian,4,Bank Transfer,Fatima Bello,April,2023,%Q,Q2
BK02905,2023-09-20,2023-11-04,2023-11-18,14,Executive,109077,0,109077,1527078,Leisure,Individual Guest,Direct,Completed,Nigerian,4,POS,Chioma Eze,November,2023,%Q,Q4
BK02906,2024-08-30,2024-10-04,2024-10-15,11,Executive,120951,5,114903,1263938,Leisure,Individual Guest,Corporate Agreement,Confirmed,Nigerian,4,Credit Card,Tunde Adeyemi,October,2024,%Q,Q4
BK02907,2023-03-16,2023-04-01,2023-04-10,9,Deluxe,70195,0,70195,631755,MICE,Nigerian Breweries,Direct,Completed,British,2,Corporate Account,Emeka Okonkwo,April,2023,%Q,Q2
BK02908,2023-05-23,2023-07-14,2023-07-28,14,Deluxe,92616,0,92616,1296624,Group,Individual Guest,Direct,Completed,American,4,POS,Tunde Adeyemi,July,2023,%Q,Q3
BK02909,2023-09-12,2023-09-23,2023-09-24,1,Presidential,284962,10,256466,256466,Corporate,Chevron Nigeria,Walk In,Completed,French,2,Corporate Account,Emeka Okonkwo,September,2023,%Q,Q3
BK02910,2023-05-20,2023-06-19,2023-06-27,8,Deluxe,90380,10,81342,0,Government,Chevron Nigeria,Online Travel Agent,Cancelled,Nigerian,2,Bank Transfer,Tunde Adeyemi,June,2023,%Q,Q2
BK02911,2024-12-02,2024-12-03,2024-12-06,3,Presidential,274620,10,247158,741474,Corporate,MTN Nigeria,Corporate Agreement,Confirmed,Nigerian,3,POS,Tunde Adeyemi,December,2024,%Q,Q4
BK02912,2023-05-03,2023-05-22,2023-05-26,4,Executive,99626,0,99626,398504,Group,Individual Guest,Travel Agent,Completed,Nigerian,3,Corporate Account,Direct Booking,May,2023,%Q,Q2
BK02913,2023-02-03,2023-03-28,2023-04-03,6,Suite,165222,5,156961,941765,Corporate,FAAN,Walk In,Confirmed,Nigerian,1,POS,Fatima Bello,March,2023,%Q,Q1
BK02914,2024-07-11,2024-07-18,2024-07-22,4,Standard,45123,5,42867,171467,Group,Individual Guest,Direct,Completed,Nigerian,2,Credit Card,Direct Booking,July,2024,%Q,Q3
BK02915,2024-08-14,2024-10-02,2024-10-14,12,Deluxe,74203,5,70493,845914,Leisure,Individual Guest,Direct,Completed,Chinese,1,POS,Emeka Okonkwo,October,2024,%Q,Q4
BK02916,2024-01-01,2024-02-16,2024-02-21,5,Executive,96853,20,77482,387412,Government,Seplat Energy,Corporate Agreement,Confirmed,Nigerian,3,Bank Transfer,Emeka Okonkwo,February,2024,%Q,Q1
BK02917,2023-10-09,2023-11-17,2023-11-20,3,Presidential,329753,5,313265,939796,Corporate,UBA Group,Travel Agent,Confirmed,British,1,Cash,Direct Booking,November,2023,%Q,Q4
BK02918,2024-05-21,2024-05-22,2024-05-27,5,Executive,126014,5,119713,598566,MICE,Nigerian Ports Authority,Online Travel Agent,Completed,Nigerian,1,POS,Chioma Eze,May,2024,%Q,Q2
BK02919,2023-04-21,2023-06-13,2023-06-14,1,Standard,53031,5,50379,0,Group,Individual Guest,Online Travel Agent,Cancelled,German,3,Corporate Account,Direct Booking,June,2023,%Q,Q2
BK02920,2023-02-06,2023-03-14,2023-03-19,5,Executive,112515,20,90012,450060,Corporate,Honeywell Group,Direct,Completed,Nigerian,4,POS,Tunde Adeyemi,March,2023,%Q,Q1
BK02921,2024-06-21,2024-07-08,2024-07-20,12,Presidential,270286,20,216229,2594746,Corporate,NNPC,Corporate Agreement,Confirmed,French,3,Bank Transfer,Chioma Eze,July,2024,%Q,Q3
BK02922,2024-11-08,2024-12-20,2025-01-02,13,Deluxe,74683,0,74683,970879,MICE,NNPC,Direct,Completed,South African,4,Cash,Fatima Bello,December,2024,%Q,Q4
BK02923,2023-05-04,2023-05-14,2023-05-16,2,Presidential,389897,0,389897,779794,MICE,Zenith Bank,Walk In,Completed,Nigerian,3,POS,Chioma Eze,May,2023,%Q,Q2
BK02924,2023-09-15,2023-09-15,2023-09-16,1,Standard,50978,10,45880,45880,Group,Individual Guest,Corporate Agreement,Completed,French,2,Credit Card,Tunde Adeyemi,September,2023,%Q,Q3
BK02925,2024-04-30,2024-06-27,2024-07-09,12,Suite,152617,20,122094,1465123,Corporate,Chevron Nigeria,Corporate Agreement,Completed,South African,1,Corporate Account,Direct Booking,June,2024,%Q,Q2
BK02926,2024-05-19,2024-05-28,2024-06-06,9,Deluxe,76718,0,76718,690462,Leisure,Individual Guest,Corporate Agreement,Completed,Nigerian,3,POS,Direct Booking,May,2024,%Q,Q2
BK02927,2024-01-30,2024-02-02,2024-02-11,9,Executive,100048,10,90043,810389,Airline Crew,Julius Berger,Direct,Completed,British,4,Cash,Emeka Okonkwo,February,2024,%Q,Q1
BK02928,2024-07-12,2024-09-05,2024-09-14,9,Suite,145651,20,116521,1048687,Corporate,Airtel Nigeria,Corporate Agreement,Completed,British,2,Corporate Account,Fatima Bello,September,2024,%Q,Q3
BK02929,2023-07-13,2023-09-05,2023-09-06,1,Presidential,366594,0,366594,366594,Corporate,Lagos State Government,Direct,Completed,Nigerian,4,Credit Card,Fatima Bello,September,2023,%Q,Q3
BK02930,2024-01-21,2024-01-29,2024-02-05,7,Standard,48242,0,48242,337694,Leisure,Individual Guest,Online Travel Agent,Completed,Nigerian,3,Corporate Account,Fatima Bello,January,2024,%Q,Q1
BK02931,2024-03-28,2024-05-26,2024-06-06,11,Presidential,354489,15,301316,3314472,Corporate,9mobile,Online Travel Agent,Completed,German,4,Cash,Tunde Adeyemi,May,2024,%Q,Q2
BK02932,2023-10-09,2023-10-09,2023-10-10,1,Standard,57662,0,57662,57662,Leisure,Individual Guest,Travel Agent,Completed,Nigerian,3,Credit Card,Fatima Bello,October,2023,%Q,Q4
BK02933,2023-12-06,2024-01-01,2024-01-03,2,Executive,118127,10,106314,0,Corporate,Nigerian Breweries,Travel Agent,Cancelled,Kenyan,4,Bank Transfer,Chioma Eze,January,2024,%Q,Q1
BK02934,2023-01-01,2023-01-06,2023-01-09,3,Deluxe,76605,0,76605,229815,Leisure,Individual Guest,Walk In,Completed,Nigerian,4,Cash,Tunde Adeyemi,January,2023,%Q,Q1
BK02935,2023-03-06,2023-03-07,2023-03-15,8,Deluxe,83376,5,79207,633658,Corporate,GTCO,Direct,Completed,French,1,Corporate Account,Fatima Bello,March,2023,%Q,Q1
BK02936,2023-01-03,2023-02-16,2023-03-01,13,Suite,167927,10,151134,1964746,Corporate,Guinness Nigeria,Corporate Agreement,Confirmed,Kenyan,2,Bank Transfer,Direct Booking,February,2023,%Q,Q1
BK02937,2024-11-15,2024-11-15,2024-11-25,10,Presidential,363576,0,363576,3635760,Group,Individual Guest,Online Travel Agent,Completed,Nigerian,2,Corporate Account,Fatima Bello,November,2024,%Q,Q4
BK02938,2023-11-06,2023-12-11,2023-12-14,3,Suite,127177,10,114459,343378,Corporate,FAAN,Online Travel Agent,Completed,Nigerian,2,Corporate Account,Amaka Osei,December,2023,%Q,Q4
BK02939,2023-12-09,2024-01-22,2024-02-04,13,Executive,114605,0,114605,1489865,Airline Crew,MTN Nigeria,Online Travel Agent,Completed,British,3,POS,Tunde Adeyemi,January,2024,%Q,Q1
BK02940,2023-10-19,2023-12-11,2023-12-21,10,Presidential,261837,0,261837,2618370,Corporate,NNPC,Corporate Agreement,Confirmed,Nigerian,2,Bank Transfer,Tunde Adeyemi,December,2023,%Q,Q4
BK02941,2023-11-21,2023-12-29,2024-01-07,9,Deluxe,80883,0,80883,727947,Leisure,Individual Guest,Travel Agent,Completed,Nigerian,1,Credit Card,Chioma Eze,December,2023,%Q,Q4
BK02942,2023-02-21,2023-04-09,2023-04-19,10,Executive,125135,10,112622,1126215,Leisure,Individual Guest,Online Travel Agent,Completed,British,1,Cash,Amaka Osei,April,2023,%Q,Q2
BK02943,2024-02-23,2024-03-11,2024-03-23,12,Presidential,291672,0,291672,3500064,Corporate,Nestle Nigeria,Online Travel Agent,Completed,British,3,POS,Emeka Okonkwo,March,2024,%Q,Q1
BK02944,2024-07-28,2024-08-07,2024-08-14,7,Deluxe,91191,10,82072,574503,MICE,Chevron Nigeria,Online Travel Agent,Completed,South African,4,POS,Chioma Eze,August,2024,%Q,Q3
BK02945,2023-09-15,2023-10-14,2023-10-17,3,Executive,126494,5,120169,360508,Corporate,Lafarge Africa,Walk In,Confirmed,Nigerian,4,Corporate Account,Amaka Osei,October,2023,%Q,Q4
BK02946,2024-07-16,2024-08-27,2024-08-31,4,Standard,57174,10,51457,205826,Corporate,Access Bank,Online Travel Agent,Completed,Nigerian,3,Corporate Account,Tunde Adeyemi,August,2024,%Q,Q3
BK02947,2024-07-04,2024-07-30,2024-08-04,5,Presidential,393853,0,393853,1969265,Leisure,Individual Guest,Online Travel Agent,Confirmed,Nigerian,2,Corporate Account,Tunde Adeyemi,July,2024,%Q,Q3
BK02948,2024-10-24,2024-10-31,2024-11-08,8,Executive,127937,10,115143,921146,Government,Air Peace,Travel Agent,Completed,Nigerian,1,POS,Direct Booking,October,2024,%Q,Q4
BK02949,2024-11-06,2024-12-26,2025-01-09,14,Executive,115732,0,115732,1620248,MICE,Seplat Energy,Travel Agent,Confirmed,Nigerian,3,Corporate Account,Emeka Okonkwo,December,2024,%Q,Q4
BK02950,2023-01-23,2023-03-14,2023-03-25,11,Executive,122572,5,116443,1280877,Leisure,Individual Guest,Corporate Agreement,Completed,Nigerian,1,POS,Fatima Bello,March,2023,%Q,Q1
BK02951,2023-07-03,2023-08-04,2023-08-12,8,Standard,56558,0,56558,452464,Leisure,Individual Guest,Corporate Agreement,Completed,British,4,Cash,Chioma Eze,August,2023,%Q,Q3
BK02952,2024-01-15,2024-02-19,2024-03-04,14,Deluxe,86565,0,86565,1211910,Corporate,Seplat Energy,Online Travel Agent,Completed,Kenyan,4,Corporate Account,Amaka Osei,February,2024,%Q,Q1
BK02953,2023-04-28,2023-06-04,2023-06-08,4,Executive,102128,20,81702,326810,Corporate,Air Peace,Online Travel Agent,Completed,Nigerian,2,Bank Transfer,Fatima Bello,June,2023,%Q,Q2
BK02954,2024-09-20,2024-10-24,2024-11-06,13,Presidential,351440,5,333868,4340284,MICE,Nigerian Breweries,Direct,Completed,Ghanaian,1,Corporate Account,Direct Booking,October,2024,%Q,Q4
BK02955,2023-12-16,2024-02-02,2024-02-14,12,Presidential,259607,15,220666,2647991,Government,Dangote Group,Direct,Completed,Nigerian,2,POS,Tunde Adeyemi,February,2024,%Q,Q1
BK02956,2024-05-24,2024-07-20,2024-07-30,10,Deluxe,77336,0,77336,773360,Corporate,NNPC,Corporate Agreement,Completed,Nigerian,3,Credit Card,Amaka Osei,July,2024,%Q,Q3
BK02957,2024-02-15,2024-03-06,2024-03-14,8,Executive,128491,5,122066,976532,Group,Individual Guest,Travel Agent,Completed,Kenyan,3,Cash,Tunde Adeyemi,March,2024,%Q,Q1
BK02958,2023-01-01,2023-01-14,2023-01-27,13,Executive,110474,0,110474,1436162,Group,Individual Guest,Travel Agent,Completed,American,3,Bank Transfer,Tunde Adeyemi,January,2023,%Q,Q1
BK02959,2023-12-13,2023-12-15,2023-12-26,11,Suite,148834,10,133951,1473457,Group,Individual Guest,Direct,Confirmed,Nigerian,2,POS,Emeka Okonkwo,December,2023,%Q,Q4
BK02960,2023-08-17,2023-10-08,2023-10-20,12,Suite,137262,10,123536,1482430,Corporate,Nigerian Ports Authority,Online Travel Agent,Completed,Nigerian,1,Cash,Amaka Osei,October,2023,%Q,Q4
BK02961,2024-03-29,2024-05-09,2024-05-10,1,Standard,49993,20,39994,39994,Government,Airtel Nigeria,Direct,Completed,Nigerian,3,Bank Transfer,Emeka Okonkwo,May,2024,%Q,Q2
BK02962,2023-12-10,2024-02-07,2024-02-21,14,Presidential,269568,0,269568,3773952,Group,Individual Guest,Online Travel Agent,Completed,Kenyan,1,Corporate Account,Fatima Bello,February,2024,%Q,Q1
BK02963,2023-08-07,2023-08-26,2023-09-06,11,Suite,143406,5,136236,1498593,Leisure,Individual Guest,Online Travel Agent,Completed,Nigerian,2,Bank Transfer,Chioma Eze,August,2023,%Q,Q3
BK02964,2024-01-21,2024-03-13,2024-03-18,5,Standard,47175,0,47175,235875,Leisure,Individual Guest,Corporate Agreement,Completed,Nigerian,2,POS,Emeka Okonkwo,March,2024,%Q,Q1
BK02965,2023-10-31,2023-12-30,2024-01-09,10,Executive,118989,0,118989,1189890,Leisure,Individual Guest,Corporate Agreement,Completed,American,2,Corporate Account,Tunde Adeyemi,December,2023,%Q,Q4
BK02966,2024-05-01,2024-06-05,2024-06-12,7,Deluxe,93287,5,88623,620359,Corporate,Access Bank,Online Travel Agent,Completed,American,2,Credit Card,Chioma Eze,June,2024,%Q,Q2
BK02967,2023-06-24,2023-06-29,2023-07-04,5,Executive,119434,15,101519,507594,Corporate,9mobile,Direct,Completed,Nigerian,1,Corporate Account,Emeka Okonkwo,June,2023,%Q,Q2
BK02968,2023-07-14,2023-08-01,2023-08-06,5,Executive,125863,10,113277,566384,Group,Individual Guest,Corporate Agreement,Completed,Nigerian,3,POS,Direct Booking,August,2023,%Q,Q3
BK02969,2023-10-13,2023-10-18,2023-10-29,11,Executive,112546,0,112546,1238006,Group,Individual Guest,Corporate Agreement,Completed,Nigerian,3,Bank Transfer,Emeka Okonkwo,October,2023,%Q,Q4
BK02970,2023-06-11,2023-06-15,2023-06-18,3,Presidential,274652,0,274652,823956,Leisure,Individual Guest,Corporate Agreement,Completed,Chinese,3,Credit Card,Amaka Osei,June,2023,%Q,Q2
BK02971,2024-10-21,2024-11-14,2024-11-22,8,Standard,64359,20,51487,411898,Corporate,Lafarge Africa,Travel Agent,Completed,Nigerian,2,Credit Card,Direct Booking,November,2024,%Q,Q4
BK02972,2024-01-08,2024-02-19,2024-02-24,5,Deluxe,76595,0,76595,382975,MICE,Air Peace,Online Travel Agent,Completed,Kenyan,4,Bank Transfer,Chioma Eze,February,2024,%Q,Q1
BK02973,2023-03-04,2023-04-30,2023-05-09,9,Deluxe,83618,0,83618,752562,Leisure,Individual Guest,Corporate Agreement,Completed,Nigerian,4,Corporate Account,Emeka Okonkwo,April,2023,%Q,Q2
BK02974,2023-01-01,2023-01-02,2023-01-05,3,Executive,110762,20,88610,265829,Corporate,Conoil,Travel Agent,Confirmed,Nigerian,3,Credit Card,Direct Booking,January,2023,%Q,Q1
BK02975,2024-08-23,2024-08-25,2024-09-03,9,Standard,51840,0,51840,466560,Group,Individual Guest,Corporate Agreement,Completed,French,1,Cash,Emeka Okonkwo,August,2024,%Q,Q3
BK02976,2024-04-02,2024-04-30,2024-05-14,14,Presidential,268918,5,255472,3576609,Corporate,GTCO,Online Travel Agent,Completed,Nigerian,2,POS,Amaka Osei,April,2024,%Q,Q2
BK02977,2023-07-17,2023-09-09,2023-09-22,13,Suite,124106,0,124106,1613378,Leisure,Individual Guest,Walk In,Completed,Nigerian,4,Credit Card,Chioma Eze,September,2023,%Q,Q3
BK02978,2023-03-30,2023-04-23,2023-05-02,9,Deluxe,86043,0,86043,0,MICE,FAAN,Corporate Agreement,Cancelled,South African,3,Corporate Account,Chioma Eze,April,2023,%Q,Q2
BK02979,2024-08-09,2024-08-19,2024-09-01,13,Deluxe,85924,0,85924,1117012,Group,Individual Guest,Travel Agent,Completed,Ghanaian,1,POS,Chioma Eze,August,2024,%Q,Q3
BK02980,2023-06-21,2023-08-10,2023-08-24,14,Presidential,334771,10,301294,4218115,Corporate,Total Energies,Online Travel Agent,Completed,Nigerian,3,Credit Card,Direct Booking,August,2023,%Q,Q3
BK02981,2024-10-05,2024-11-30,2024-12-05,5,Presidential,354682,0,354682,0,Leisure,Individual Guest,Walk In,Cancelled,Nigerian,4,Cash,Amaka Osei,November,2024,%Q,Q4
BK02982,2023-08-12,2023-08-28,2023-08-30,2,Suite,138087,0,138087,276174,Leisure,Individual Guest,Direct,Completed,American,2,POS,Chioma Eze,August,2023,%Q,Q3
BK02983,2023-12-26,2024-01-02,2024-01-04,2,Suite,165657,0,165657,331314,MICE,Oando PLC,Online Travel Agent,Completed,Ghanaian,2,Bank Transfer,Tunde Adeyemi,January,2024,%Q,Q1
BK02984,2023-09-17,2023-10-24,2023-10-25,1,Suite,138704,20,110963,110963,Corporate,Honeywell Group,Online Travel Agent,Completed,Nigerian,3,POS,Amaka Osei,October,2023,%Q,Q4
BK02985,2023-02-16,2023-02-22,2023-02-23,1,Presidential,375940,5,357143,357143,Airline Crew,Access Bank,Corporate Agreement,Completed,Nigerian,2,Cash,Amaka Osei,February,2023,%Q,Q1
BK02986,2024-04-11,2024-05-07,2024-05-16,9,Deluxe,90686,20,72549,652939,Corporate,MTN Nigeria,Online Travel Agent,Completed,Nigerian,4,Bank Transfer,Amaka Osei,May,2024,%Q,Q2
BK02987,2023-11-05,2023-11-24,2023-12-01,7,Deluxe,80835,0,80835,565845,MICE,Dangote Group,Online Travel Agent,Completed,Ghanaian,2,Corporate Account,Tunde Adeyemi,November,2023,%Q,Q4
BK02988,2023-01-14,2023-03-15,2023-03-21,6,Suite,131744,10,118570,0,Group,Individual Guest,Online Travel Agent,Cancelled,Nigerian,2,Bank Transfer,Tunde Adeyemi,March,2023,%Q,Q1
BK02989,2024-02-26,2024-03-18,2024-04-01,14,Suite,179634,0,179634,2514876,Group,Individual Guest,Walk In,Completed,Nigerian,1,Bank Transfer,Chioma Eze,March,2024,%Q,Q1
BK02990,2023-05-13,2023-06-07,2023-06-08,1,Executive,126483,15,107511,107511,Corporate,Airtel Nigeria,Online Travel Agent,Confirmed,British,1,Bank Transfer,Tunde Adeyemi,June,2023,%Q,Q2
BK02991,2024-02-26,2024-03-10,2024-03-14,4,Presidential,286870,5,272526,1090106,Corporate,Nestle Nigeria,Direct,Completed,Nigerian,2,Credit Card,Fatima Bello,March,2024,%Q,Q1
BK02992,2023-01-25,2023-02-18,2023-02-24,6,Deluxe,91463,5,86890,521339,Corporate,Conoil,Direct,Completed,Nigerian,2,Cash,Fatima Bello,February,2023,%Q,Q1
BK02993,2024-07-31,2024-08-12,2024-08-14,2,Deluxe,91028,20,72822,145645,Corporate,Total Energies,Walk In,Completed,Nigerian,2,Credit Card,Tunde Adeyemi,August,2024,%Q,Q3
BK02994,2023-07-27,2023-09-18,2023-09-24,6,Executive,113566,15,96531,579187,Corporate,Lafarge Africa,Online Travel Agent,Completed,Nigerian,4,POS,Chioma Eze,September,2023,%Q,Q3
BK02995,2023-01-01,2023-01-06,2023-01-09,3,Presidential,384217,5,365006,0,Leisure,Individual Guest,Direct,Cancelled,Nigerian,2,Cash,Fatima Bello,January,2023,%Q,Q1
BK02996,2024-02-27,2024-04-09,2024-04-20,11,Executive,110892,5,105347,0,Corporate,Nigerian Ports Authority,Online Travel Agent,Cancelled,Nigerian,3,Bank Transfer,Emeka Okonkwo,April,2024,%Q,Q2
BK02997,2024-01-05,2024-01-28,2024-02-04,7,Suite,156878,10,141190,988331,MICE,FBN Holdings,Travel Agent,Completed,Indian,1,Credit Card,Chioma Eze,January,2024,%Q,Q1
BK02998,2024-02-12,2024-03-02,2024-03-09,7,Standard,53735,0,53735,376145,Leisure,Individual Guest,Direct,Completed,Nigerian,2,Cash,Fatima Bello,March,2024,%Q,Q1
BK02999,2024-01-28,2024-03-28,2024-04-10,13,Suite,170114,0,170114,2211482,Leisure,Individual Guest,Corporate Agreement,Completed,Nigerian,4,POS,Fatima Bello,March,2024,%Q,Q1
BK03000,2024-09-05,2024-10-11,2024-10-24,13,Presidential,338888,0,338888,0,Group,Individual Guest,Direct,Cancelled,French,2,Corporate Account,Emeka Okonkwo,October,2024,%Q,Q4
BK03001,2023-03-17,2023-04-16,2023-04-22,6,Standard,50133,0,50133,300798,Group,Individual Guest,Corporate Agreement,Completed,Nigerian,2,POS,Tunde Adeyemi,April,2023,%Q,Q2
BK03002,2023-08-06,2023-10-05,2023-10-09,4,Suite,146923,5,139577,558307,Leisure,Individual Guest,Online Travel Agent,Completed,American,1,Corporate Account,Amaka Osei,October,2023,%Q,Q4
BK03003,2024-06-17,2024-07-05,2024-07-08,3,Presidential,373309,0,373309,0,Leisure,Individual Guest,Corporate Agreement,No Show,French,4,Bank Transfer,Fatima Bello,July,2024,%Q,Q3
BK03004,2023-12-15,2023-12-29,2024-01-12,14,Presidential,271837,5,258245,3615432,Corporate,Julius Berger,Direct,Completed,Nigerian,4,Credit Card,Emeka Okonkwo,December,2023,%Q,Q4
BK03005,2023-12-25,2024-01-24,2024-01-25,1,Deluxe,70133,15,59613,59613,Government,FBN Holdings,Online Travel Agent,Completed,Nigerian,2,Bank Transfer,Fatima Bello,January,2024,%Q,Q1
BK03006,2023-09-26,2023-10-09,2023-10-19,10,Standard,49319,0,49319,493190,Airline Crew,UBA Group,Direct,Completed,South African,2,Corporate Account,Emeka Okonkwo,October,2023,%Q,Q4
BK03007,2024-08-27,2024-10-19,2024-10-24,5,Deluxe,94532,0,94532,472660,Leisure,Individual Guest,Direct,Completed,Kenyan,4,Cash,Chioma Eze,October,2024,%Q,Q4
BK03008,2023-07-09,2023-07-15,2023-07-25,10,Executive,104089,5,98885,988845,Group,Individual Guest,Travel Agent,Completed,British,2,Bank Transfer,Chioma Eze,July,2023,%Q,Q3
BK03009,2024-07-08,2024-08-09,2024-08-14,5,Standard,48599,15,41309,206546,Corporate,Federal Ministry of Works,Online Travel Agent,Completed,Nigerian,4,Bank Transfer,Emeka Okonkwo,August,2024,%Q,Q3
BK03010,2024-10-24,2024-11-19,2024-11-20,1,Presidential,308771,20,247017,247017,Corporate,Guinness Nigeria,Direct,Completed,Indian,3,Credit Card,Amaka Osei,November,2024,%Q,Q4
BK03011,2023-01-04,2023-01-29,2023-01-31,2,Deluxe,88601,0,88601,177202,Group,Individual Guest,Direct,Completed,South African,2,Credit Card,Tunde Adeyemi,January,2023,%Q,Q1
BK03012,2023-09-06,2023-10-06,2023-10-10,4,Executive,126590,10,113931,0,Group,Individual Guest,Corporate Agreement,Cancelled,Nigerian,1,Cash,Amaka Osei,October,2023,%Q,Q4
BK03013,2024-05-29,2024-07-12,2024-07-25,13,Suite,125807,0,125807,1635491,Group,Individual Guest,Travel Agent,Completed,Nigerian,1,Bank Transfer,Tunde Adeyemi,July,2024,%Q,Q3
BK03014,2024-07-05,2024-07-11,2024-07-13,2,Executive,95683,10,86115,172229,Airline Crew,Access Bank,Direct,Completed,Nigerian,2,Bank Transfer,Tunde Adeyemi,July,2024,%Q,Q3
BK03015,2024-06-03,2024-07-29,2024-08-12,14,Executive,122328,10,110095,1541333,Government,Lagos State Government,Walk In,Completed,South African,1,POS,Amaka Osei,July,2024,%Q,Q3
BK03016,2023-10-19,2023-10-26,2023-10-29,3,Deluxe,78448,0,78448,235344,Leisure,Individual Guest,Online Travel Agent,Completed,British,2,Bank Transfer,Tunde Adeyemi,October,2023,%Q,Q4
BK03017,2023-06-25,2023-07-22,2023-07-24,2,Standard,60664,10,54598,109195,Leisure,Individual Guest,Online Travel Agent,Completed,Chinese,2,Bank Transfer,Fatima Bello,July,2023,%Q,Q3
BK03018,2024-01-22,2024-01-27,2024-01-28,1,Suite,171590,0,171590,171590,Leisure,Individual Guest,Travel Agent,Completed,Ghanaian,2,Credit Card,Amaka Osei,January,2024,%Q,Q1
BK03019,2024-07-31,2024-08-19,2024-08-30,11,Standard,49435,10,44492,489406,Corporate,Oando PLC,Direct,Completed,Indian,1,POS,Fatima Bello,August,2024,%Q,Q3
BK03020,2023-03-28,2023-04-05,2023-04-07,2,Presidential,370422,5,351901,703802,MICE,GTCO,Walk In,Completed,Chinese,2,POS,Amaka Osei,April,2023,%Q,Q2
BK03021,2024-03-31,2024-05-02,2024-05-16,14,Suite,152168,5,144560,2023834,Leisure,Individual Guest,Direct,Completed,Nigerian,1,Bank Transfer,Fatima Bello,May,2024,%Q,Q2
BK03022,2023-10-29,2023-11-05,2023-11-15,10,Executive,103002,0,103002,0,MICE,UBA Group,Corporate Agreement,Cancelled,Nigerian,1,Bank Transfer,Chioma Eze,November,2023,%Q,Q4
BK03023,2023-03-13,2023-03-26,2023-04-01,6,Suite,123368,0,123368,740208,Leisure,Individual Guest,Walk In,Completed,Nigerian,3,Corporate Account,Amaka Osei,March,2023,%Q,Q1
BK03024,2023-11-22,2023-12-12,2023-12-15,3,Deluxe,94827,5,90086,270257,Group,Individual Guest,Travel Agent,Completed,Nigerian,3,Cash,Direct Booking,December,2023,%Q,Q4
BK03025,2023-02-07,2023-03-08,2023-03-20,12,Presidential,392292,10,353063,4236754,Leisure,Individual Guest,Online Travel Agent,Completed,French,4,Corporate Account,Chioma Eze,March,2023,%Q,Q1
BK03026,2023-09-11,2023-10-17,2023-10-26,9,Presidential,307909,5,292514,2632622,Airline Crew,Air Peace,Corporate Agreement,Completed,British,4,Cash,Direct Booking,October,2023,%Q,Q4
BK03027,2023-10-26,2023-12-23,2024-01-03,11,Executive,108645,5,103213,1135340,Leisure,Individual Guest,Direct,Completed,Nigerian,1,Corporate Account,Tunde Adeyemi,December,2023,%Q,Q4
BK03028,2023-05-15,2023-06-09,2023-06-16,7,Deluxe,94917,0,94917,664419,Group,Individual Guest,Direct,Completed,Nigerian,1,Corporate Account,Amaka Osei,June,2023,%Q,Q2
BK03029,2023-01-31,2023-03-26,2023-03-31,5,Suite,127289,0,127289,636445,MICE,MTN Nigeria,Online Travel Agent,Completed,British,3,Credit Card,Emeka Okonkwo,March,2023,%Q,Q1
BK03030,2024-11-20,2024-12-18,2024-12-27,9,Standard,45168,20,36134,325210,Corporate,Federal Ministry of Works,Corporate Agreement,Completed,American,2,Corporate Account,Amaka Osei,December,2024,%Q,Q4
BK03031,2023-04-25,2023-05-25,2023-05-26,1,Executive,106042,20,84834,84834,Corporate,Unilever Nigeria,Travel Agent,Confirmed,American,2,Credit Card,Tunde Adeyemi,May,2023,%Q,Q2
BK03032,2023-05-21,2023-06-01,2023-06-04,3,Presidential,290638,0,290638,871914,Corporate,FBN Holdings,Travel Agent,Completed,Nigerian,3,POS,Chioma Eze,June,2023,%Q,Q2
BK03033,2023-01-01,2023-01-02,2023-01-07,5,Standard,63161,0,63161,0,Corporate,Unilever Nigeria,Travel Agent,Cancelled,Nigerian,3,Credit Card,Amaka Osei,January,2023,%Q,Q1
BK03034,2023-10-29,2023-11-18,2023-11-22,4,Executive,104543,15,88862,355446,Corporate,Nestle Nigeria,Direct,Completed,Chinese,3,Bank Transfer,Chioma Eze,November,2023,%Q,Q4
BK03035,2024-06-15,2024-07-23,2024-07-24,1,Executive,129353,10,116418,116418,Corporate,Nestle Nigeria,Direct,Completed,Nigerian,3,Bank Transfer,Chioma Eze,July,2024,%Q,Q3
BK03036,2023-09-02,2023-09-06,2023-09-11,5,Presidential,337272,15,286681,1433406,Government,Nestle Nigeria,Online Travel Agent,Completed,French,3,Cash,Direct Booking,September,2023,%Q,Q3
BK03037,2024-06-02,2024-07-23,2024-07-30,7,Executive,113863,0,113863,797041,Group,Individual Guest,Corporate Agreement,Completed,Nigerian,2,POS,Direct Booking,July,2024,%Q,Q3
BK03038,2023-12-13,2024-01-30,2024-02-03,4,Suite,152618,0,152618,610472,Airline Crew,Air Peace,Direct,Completed,British,1,Credit Card,Amaka Osei,January,2024,%Q,Q1
BK03039,2024-09-22,2024-11-07,2024-11-17,10,Executive,111422,15,94709,947087,Government,PZ Cussons,Online Travel Agent,Completed,British,3,Cash,Chioma Eze,November,2024,%Q,Q4
BK03040,2024-04-26,2024-05-19,2024-06-01,13,Presidential,399989,20,319991,4159886,Corporate,Air Peace,Direct,Completed,British,4,Bank Transfer,Direct Booking,May,2024,%Q,Q2
BK03041,2024-02-05,2024-03-16,2024-03-26,10,Standard,54766,0,54766,0,Leisure,Individual Guest,Corporate Agreement,Cancelled,Nigerian,1,Corporate Account,Amaka Osei,March,2024,%Q,Q1
BK03042,2024-01-07,2024-02-02,2024-02-08,6,Executive,110767,15,94152,564912,Corporate,FBN Holdings,Travel Agent,Completed,Nigerian,4,Credit Card,Chioma Eze,February,2024,%Q,Q1
BK03043,2023-03-11,2023-04-06,2023-04-10,4,Presidential,268117,15,227899,911598,Corporate,Dangote Group,Direct,Confirmed,Nigerian,4,Credit Card,Chioma Eze,April,2023,%Q,Q2
BK03044,2024-09-12,2024-09-22,2024-10-02,10,Presidential,354272,20,283418,2834176,Corporate,GTCO,Travel Agent,Completed,Kenyan,1,Cash,Tunde Adeyemi,September,2024,%Q,Q3
BK03045,2023-10-05,2023-10-16,2023-10-27,11,Deluxe,94377,15,80220,0,Corporate,Flour Mills Nigeria,Online Travel Agent,Cancelled,Nigerian,1,Cash,Amaka Osei,October,2023,%Q,Q4
BK03046,2024-12-08,2024-12-27,2024-12-30,3,Standard,55846,15,47469,142407,Corporate,Lagos State Government,Online Travel Agent,Completed,Nigerian,1,Cash,Emeka Okonkwo,December,2024,%Q,Q4
BK03047,2023-05-28,2023-06-28,2023-07-12,14,Presidential,349306,20,279445,0,Corporate,FBN Holdings,Online Travel Agent,Cancelled,Nigerian,2,Credit Card,Tunde Adeyemi,June,2023,%Q,Q2
BK03048,2023-11-05,2023-12-13,2023-12-24,11,Suite,143516,5,136340,1499742,Corporate,Guinness Nigeria,Online Travel Agent,Completed,Nigerian,4,POS,Tunde Adeyemi,December,2023,%Q,Q4
BK03049,2023-02-16,2023-02-17,2023-02-22,5,Deluxe,89827,0,89827,0,Leisure,Individual Guest,Travel Agent,Cancelled,British,2,Corporate Account,Amaka Osei,February,2023,%Q,Q1
BK03050,2024-03-13,2024-05-12,2024-05-17,5,Deluxe,89668,5,85185,425923,Corporate,Nestle Nigeria,Direct,Confirmed,Nigerian,3,Bank Transfer,Tunde Adeyemi,May,2024,%Q,Q2
BK03051,2024-07-01,2024-08-27,2024-08-30,3,Executive,120064,0,120064,360192,Group,Individual Guest,Walk In,Completed,Nigerian,3,Credit Card,Tunde Adeyemi,August,2024,%Q,Q3
BK03052,2023-06-17,2023-08-09,2023-08-11,2,Deluxe,89214,0,89214,178428,Corporate,Conoil,Travel Agent,Completed,Ghanaian,2,Credit Card,Amaka Osei,August,2023,%Q,Q3
BK03053,2024-01-22,2024-03-04,2024-03-06,2,Presidential,262779,0,262779,525558,Corporate,PZ Cussons,Direct,Completed,British,4,POS,Emeka Okonkwo,March,2024,%Q,Q1
BK03054,2024-09-10,2024-09-10,2024-09-11,1,Standard,45710,15,38854,38854,Corporate,Glo Mobile,Online Travel Agent,Completed,Nigerian,3,Corporate Account,Chioma Eze,September,2024,%Q,Q3
BK03055,2023-01-19,2023-03-07,2023-03-16,9,Suite,143193,0,143193,1288737,Airline Crew,GTCO,Online Travel Agent,Confirmed,German,1,Credit Card,Tunde Adeyemi,March,2023,%Q,Q1
BK03056,2023-10-29,2023-12-19,2023-12-31,12,Deluxe,74479,0,74479,893748,Group,Individual Guest,Online Travel Agent,Confirmed,British,1,POS,Emeka Okonkwo,December,2023,%Q,Q4
BK03057,2023-11-18,2023-12-06,2023-12-13,7,Executive,113870,0,113870,797090,MICE,Seplat Energy,Corporate Agreement,Confirmed,British,1,Credit Card,Chioma Eze,December,2023,%Q,Q4
BK03058,2024-10-17,2024-11-17,2024-11-25,8,Executive,122572,0,122572,980576,Group,Individual Guest,Online Travel Agent,Completed,American,1,Corporate Account,Direct Booking,November,2024,%Q,Q4
BK03059,2023-01-01,2023-01-28,2023-02-10,13,Deluxe,88146,5,83739,1088603,Corporate,Airtel Nigeria,Direct,Completed,American,1,POS,Direct Booking,January,2023,%Q,Q1
BK03060,2023-05-12,2023-05-16,2023-05-20,4,Standard,57805,0,57805,231220,Leisure,Individual Guest,Walk In,Completed,Nigerian,4,Corporate Account,Direct Booking,May,2023,%Q,Q2
BK03061,2023-12-02,2023-12-10,2023-12-14,4,Deluxe,76501,10,68851,275404,Group,Individual Guest,Online Travel Agent,Confirmed,Nigerian,3,Corporate Account,Tunde Adeyemi,December,2023,%Q,Q4
BK03062,2023-12-29,2024-01-12,2024-01-19,7,Executive,100491,10,90442,633093,Corporate,Shell Nigeria,Direct,Completed,Nigerian,4,Credit Card,Direct Booking,January,2024,%Q,Q1
BK03063,2023-07-23,2023-09-09,2023-09-19,10,Presidential,398006,15,338305,3383051,Government,Shell Nigeria,Corporate Agreement,Completed,Nigerian,4,Cash,Tunde Adeyemi,September,2023,%Q,Q3
BK03064,2024-07-27,2024-09-05,2024-09-16,11,Presidential,349640,5,332158,0,Leisure,Individual Guest,Walk In,Cancelled,South African,1,Cash,Fatima Bello,September,2024,%Q,Q3
BK03065,2024-10-24,2024-11-05,2024-11-14,9,Executive,122048,0,122048,1098432,Corporate,Zenith Bank,Online Travel Agent,Completed,Nigerian,1,Credit Card,Fatima Bello,November,2024,%Q,Q4
BK03066,2023-03-25,2023-04-11,2023-04-24,13,Standard,57708,0,57708,750204,MICE,Chevron Nigeria,Online Travel Agent,Completed,Nigerian,3,Credit Card,Emeka Okonkwo,April,2023,%Q,Q2
BK03067,2023-05-17,2023-05-28,2023-06-05,8,Suite,140704,15,119598,956787,Government,Guinness Nigeria,Walk In,Completed,Nigerian,3,Corporate Account,Chioma Eze,May,2023,%Q,Q2
BK03068,2024-08-25,2024-09-20,2024-09-28,8,Suite,154664,0,154664,1237312,Leisure,Individual Guest,Online Travel Agent,Completed,Nigerian,3,Cash,Fatima Bello,September,2024,%Q,Q3
BK03069,2023-01-01,2023-01-23,2023-01-28,5,Deluxe,80318,0,80318,401590,Corporate,Federal Ministry of Works,Walk In,Completed,Nigerian,3,POS,Emeka Okonkwo,January,2023,%Q,Q1
BK03070,2023-04-14,2023-05-27,2023-06-10,14,Standard,58818,10,52936,741107,MICE,Seplat Energy,Corporate Agreement,Completed,Nigerian,1,Cash,Tunde Adeyemi,May,2023,%Q,Q2
BK03071,2024-02-07,2024-03-27,2024-04-06,10,Deluxe,78434,0,78434,784340,Group,Individual Guest,Direct,Completed,Nigerian,4,Cash,Amaka Osei,March,2024,%Q,Q1
BK03072,2023-01-01,2023-01-05,2023-01-08,3,Deluxe,79591,15,67652,202957,Government,Oando PLC,Travel Agent,Completed,Chinese,3,Bank Transfer,Direct Booking,January,2023,%Q,Q1
BK03073,2024-04-13,2024-05-19,2024-05-31,12,Executive,103974,0,103974,1247688,Leisure,Individual Guest,Direct,Completed,American,2,Bank Transfer,Emeka Okonkwo,May,2024,%Q,Q2
BK03074,2024-09-24,2024-10-27,2024-11-06,10,Deluxe,73067,10,65760,657603,Corporate,Shell Nigeria,Direct,Completed,British,3,Bank Transfer,Tunde Adeyemi,October,2024,%Q,Q4
BK03075,2023-01-07,2023-03-07,2023-03-19,12,Executive,126997,10,114297,1371568,Leisure,Individual Guest,Direct,Completed,Nigerian,2,Credit Card,Direct Booking,March,2023,%Q,Q1
BK03076,2024-03-12,2024-03-12,2024-03-16,4,Standard,47207,10,42486,169945,Airline Crew,Shell Nigeria,Walk In,Confirmed,Nigerian,3,POS,Direct Booking,March,2024,%Q,Q1
BK03077,2023-09-08,2023-10-02,2023-10-05,3,Suite,170674,0,170674,0,Airline Crew,Lafarge Africa,Travel Agent,Cancelled,Nigerian,4,POS,Emeka Okonkwo,October,2023,%Q,Q4
BK03078,2024-04-06,2024-06-05,2024-06-08,3,Presidential,356291,10,320662,961986,Leisure,Individual Guest,Direct,Completed,Nigerian,3,Cash,Amaka Osei,June,2024,%Q,Q2
BK03079,2023-08-25,2023-10-20,2023-10-27,7,Presidential,284886,5,270642,1894492,Corporate,Nigerian Ports Authority,Direct,Completed,American,2,Bank Transfer,Amaka Osei,October,2023,%Q,Q4
BK03080,2023-09-02,2023-09-25,2023-10-05,10,Standard,63478,15,53956,539563,Government,Nigerian Ports Authority,Corporate Agreement,Confirmed,French,1,Bank Transfer,Amaka Osei,September,2023,%Q,Q3
BK03081,2023-10-19,2023-10-26,2023-11-02,7,Executive,117608,0,117608,823256,MICE,Dangote Group,Direct,Completed,Indian,1,POS,Direct Booking,October,2023,%Q,Q4
BK03082,2023-09-15,2023-09-19,2023-09-30,11,Standard,54235,10,48812,536926,Corporate,PZ Cussons,Online Travel Agent,Confirmed,French,2,Bank Transfer,Chioma Eze,September,2023,%Q,Q3
BK03083,2023-06-05,2023-07-15,2023-07-24,9,Standard,53992,0,53992,0,Leisure,Individual Guest,Online Travel Agent,Cancelled,Nigerian,2,Bank Transfer,Fatima Bello,July,2023,%Q,Q3
BK03084,2024-10-01,2024-10-01,2024-10-12,11,Standard,58215,0,58215,640365,Leisure,Individual Guest,Direct,Completed,Nigerian,3,POS,Emeka Okonkwo,October,2024,%Q,Q4
BK03085,2023-04-02,2023-04-04,2023-04-14,10,Deluxe,85158,0,85158,851580,MICE,Nigerian Breweries,Corporate Agreement,Completed,American,4,Credit Card,Direct Booking,April,2023,%Q,Q2
BK03086,2024-03-16,2024-03-22,2024-03-24,2,Suite,153813,15,130741,261482,Government,NNPC,Online Travel Agent,Completed,Nigerian,4,POS,Amaka Osei,March,2024,%Q,Q1
BK03087,2024-02-17,2024-03-25,2024-03-31,6,Presidential,302943,0,302943,0,Group,Individual Guest,Direct,Cancelled,Kenyan,1,Cash,Direct Booking,March,2024,%Q,Q1
BK03088,2024-06-10,2024-07-03,2024-07-07,4,Deluxe,78374,0,78374,313496,Leisure,Individual Guest,Corporate Agreement,Completed,Nigerian,3,Credit Card,Emeka Okonkwo,July,2024,%Q,Q3
BK03089,2023-12-25,2024-01-09,2024-01-13,4,Presidential,383478,20,306782,1227130,Corporate,Chevron Nigeria,Corporate Agreement,Completed,Nigerian,3,Corporate Account,Direct Booking,January,2024,%Q,Q1
BK03090,2023-01-02,2023-02-14,2023-02-16,2,Suite,155351,0,155351,310702,MICE,NNPC,Online Travel Agent,Completed,Kenyan,1,Credit Card,Amaka Osei,February,2023,%Q,Q1
BK03091,2024-05-29,2024-06-11,2024-06-17,6,Deluxe,85139,10,76625,459751,Corporate,FAAN,Corporate Agreement,Completed,British,1,Cash,Chioma Eze,June,2024,%Q,Q2
BK03092,2024-12-18,2024-12-28,2024-12-29,1,Suite,128243,10,115419,115419,Government,Nigerian Ports Authority,Online Travel Agent,Completed,Indian,4,POS,Amaka Osei,December,2024,%Q,Q4
BK03093,2023-01-01,2023-01-08,2023-01-17,9,Presidential,373706,15,317650,2858851,Corporate,MTN Nigeria,Travel Agent,Completed,Nigerian,4,Credit Card,Direct Booking,January,2023,%Q,Q1
BK03094,2024-02-27,2024-04-25,2024-05-03,8,Standard,48960,10,44064,352512,Government,UBA Group,Direct,Confirmed,South African,4,POS,Direct Booking,April,2024,%Q,Q2
BK03095,2023-01-01,2023-01-02,2023-01-15,13,Standard,45282,0,45282,588666,Leisure,Individual Guest,Direct,Confirmed,Ghanaian,2,Cash,Direct Booking,January,2023,%Q,Q1
BK03096,2023-10-12,2023-10-30,2023-11-10,11,Executive,109195,10,98276,1081030,Government,Dangote Group,Corporate Agreement,Completed,Kenyan,4,Corporate Account,Direct Booking,October,2023,%Q,Q4
BK03097,2024-07-28,2024-09-25,2024-10-09,14,Executive,102884,0,102884,1440376,Group,Individual Guest,Online Travel Agent,Completed,Nigerian,4,POS,Direct Booking,September,2024,%Q,Q3
BK03098,2023-12-26,2024-02-13,2024-02-20,7,Executive,121654,20,97323,681262,Corporate,FAAN,Direct,Completed,Nigerian,1,Bank Transfer,Chioma Eze,February,2024,%Q,Q1
BK03099,2024-12-22,2024-12-31,2025-01-06,6,Deluxe,79225,10,71302,427815,Government,FAAN,Online Travel Agent,Completed,South African,2,Credit Card,Fatima Bello,December,2024,%Q,Q4
BK03100,2023-03-28,2023-04-01,2023-04-11,10,Suite,135982,0,135982,1359820,Airline Crew,MTN Nigeria,Online Travel Agent,Completed,Nigerian,4,Credit Card,Direct Booking,April,2023,%Q,Q2
BK03101,2023-03-27,2023-04-27,2023-05-03,6,Presidential,279960,0,279960,1679760,Corporate,Glo Mobile,Corporate Agreement,Confirmed,Nigerian,4,Credit Card,Emeka Okonkwo,April,2023,%Q,Q2
BK03102,2023-01-30,2023-02-01,2023-02-10,9,Deluxe,83150,5,78992,710932,Corporate,Lafarge Africa,Travel Agent,Completed,French,2,Corporate Account,Fatima Bello,February,2023,%Q,Q1
BK03103,2023-10-22,2023-11-23,2023-11-28,5,Presidential,304268,10,273841,1369206,Leisure,Individual Guest,Corporate Agreement,Completed,Nigerian,4,Corporate Account,Fatima Bello,November,2023,%Q,Q4
BK03104,2023-03-19,2023-04-04,2023-04-18,14,Executive,110890,0,110890,1552460,Airline Crew,Federal Ministry of Works,Online Travel Agent,Completed,Nigerian,1,Credit Card,Tunde Adeyemi,April,2023,%Q,Q2
BK03105,2023-02-19,2023-04-04,2023-04-12,8,Deluxe,91541,0,91541,732328,Leisure,Individual Guest,Travel Agent,Completed,Nigerian,3,POS,Emeka Okonkwo,April,2023,%Q,Q2
BK03106,2024-07-14,2024-08-29,2024-09-01,3,Executive,103423,20,82738,248215,Corporate,Conoil,Corporate Agreement,Completed,South African,1,Credit Card,Direct Booking,August,2024,%Q,Q3
BK03107,2024-02-02,2024-02-05,2024-02-16,11,Standard,54967,0,54967,604637,Group,Individual Guest,Direct,Completed,Nigerian,3,POS,Amaka Osei,February,2024,%Q,Q1
BK03108,2023-07-24,2023-08-02,2023-08-16,14,Executive,102506,0,102506,1435084,Leisure,Individual Guest,Corporate Agreement,Completed,Kenyan,2,Credit Card,Direct Booking,August,2023,%Q,Q3
BK03109,2024-01-25,2024-03-06,2024-03-20,14,Deluxe,82497,0,82497,1154958,Leisure,Individual Guest,Travel Agent,Completed,Ghanaian,1,Bank Transfer,Amaka Osei,March,2024,%Q,Q1
BK03110,2024-07-24,2024-08-26,2024-08-27,1,Presidential,311550,5,295972,295972,Corporate,Seplat Energy,Corporate Agreement,Completed,Ghanaian,1,POS,Chioma Eze,August,2024,%Q,Q3
BK03111,2024-04-24,2024-06-23,2024-07-04,11,Deluxe,81007,10,72906,801969,Group,Individual Guest,Online Travel Agent,Completed,French,1,Credit Card,Fatima Bello,June,2024,%Q,Q2
BK03112,2023-06-26,2023-08-24,2023-08-25,1,Suite,166286,20,133029,133029,Corporate,Seplat Energy,Direct,Completed,South African,1,Credit Card,Emeka Okonkwo,August,2023,%Q,Q3
BK03113,2023-03-18,2023-03-26,2023-03-29,3,Executive,129073,5,122619,367858,Corporate,GTCO,Travel Agent,Completed,German,3,Bank Transfer,Emeka Okonkwo,March,2023,%Q,Q1
BK03114,2023-01-21,2023-03-17,2023-03-31,14,Standard,46190,0,46190,646660,Airline Crew,Lafarge Africa,Corporate Agreement,Completed,Nigerian,4,Corporate Account,Fatima Bello,March,2023,%Q,Q1
BK03115,2024-08-03,2024-09-11,2024-09-19,8,Presidential,326078,5,309774,2478193,Airline Crew,Nigerian Breweries,Walk In,Completed,South African,2,Corporate Account,Tunde Adeyemi,September,2024,%Q,Q3
BK03116,2023-12-29,2024-02-22,2024-03-05,12,Suite,162443,15,138077,1656919,Corporate,Nigerian Breweries,Online Travel Agent,Completed,Nigerian,4,POS,Amaka Osei,February,2024,%Q,Q1
BK03117,2023-12-17,2024-02-12,2024-02-26,14,Deluxe,91567,0,91567,1281938,Leisure,Individual Guest,Direct,Completed,Chinese,3,POS,Emeka Okonkwo,February,2024,%Q,Q1
BK03118,2023-02-18,2023-03-31,2023-04-12,12,Executive,105581,10,95023,1140275,Leisure,Individual Guest,Corporate Agreement,Completed,Nigerian,4,Corporate Account,Emeka Okonkwo,March,2023,%Q,Q1
BK03119,2024-12-08,2024-12-08,2024-12-17,9,Presidential,301043,10,270939,2438448,Leisure,Individual Guest,Walk In,Completed,German,2,Credit Card,Chioma Eze,December,2024,%Q,Q4
BK03120,2024-09-05,2024-10-18,2024-10-28,10,Presidential,250177,0,250177,2501770,Leisure,Individual Guest,Direct,Completed,Nigerian,2,Bank Transfer,Fatima Bello,October,2024,%Q,Q4
BK03121,2023-11-16,2023-12-16,2023-12-26,10,Executive,125464,20,100371,1003712,Corporate,Airtel Nigeria,Travel Agent,Completed,Nigerian,2,POS,Amaka Osei,December,2023,%Q,Q4
BK03122,2023-12-11,2024-01-14,2024-01-26,12,Standard,55390,10,49851,598212,Corporate,Zenith Bank,Walk In,Completed,Nigerian,4,Bank Transfer,Emeka Okonkwo,January,2024,%Q,Q1
BK03123,2024-04-02,2024-05-09,2024-05-18,9,Deluxe,88732,20,70986,638870,Corporate,Nestle Nigeria,Walk In,Completed,Nigerian,1,Cash,Emeka Okonkwo,May,2024,%Q,Q2
BK03124,2024-06-24,2024-06-29,2024-07-07,8,Standard,55104,0,55104,440832,Leisure,Individual Guest,Travel Agent,Confirmed,Nigerian,2,Bank Transfer,Amaka Osei,June,2024,%Q,Q2
BK03125,2023-08-20,2023-10-04,2023-10-14,10,Deluxe,87132,20,69706,697056,Government,Honeywell Group,Online Travel Agent,Completed,Nigerian,2,Bank Transfer,Tunde Adeyemi,October,2023,%Q,Q4
BK03126,2023-07-13,2023-07-20,2023-07-21,1,Standard,49912,5,47416,47416,Corporate,MTN Nigeria,Online Travel Agent,Confirmed,Ghanaian,3,Corporate Account,Amaka Osei,July,2023,%Q,Q3
BK03127,2024-08-07,2024-08-08,2024-08-21,13,Executive,117585,15,99947,0,Corporate,Total Energies,Travel Agent,Cancelled,Nigerian,1,Bank Transfer,Tunde Adeyemi,August,2024,%Q,Q3
BK03128,2023-06-22,2023-06-22,2023-06-23,1,Executive,107816,10,97034,97034,Corporate,Nestle Nigeria,Travel Agent,Completed,French,2,Corporate Account,Direct Booking,June,2023,%Q,Q2
BK03129,2024-11-13,2024-12-19,2025-01-01,13,Executive,118821,10,106939,1390206,Corporate,UBA Group,Corporate Agreement,Completed,Nigerian,3,Bank Transfer,Direct Booking,December,2024,%Q,Q4
BK03130,2023-12-29,2024-02-05,2024-02-16,11,Suite,179067,0,179067,1969737,Leisure,Individual Guest,Online Travel Agent,Completed,Nigerian,4,POS,Emeka Okonkwo,February,2024,%Q,Q1
BK03131,2023-12-18,2024-01-06,2024-01-17,11,Suite,144423,10,129981,1429788,Corporate,Glo Mobile,Direct,Completed,American,4,POS,Fatima Bello,January,2024,%Q,Q1
BK03132,2024-04-29,2024-06-10,2024-06-14,4,Suite,153205,5,145545,582179,Corporate,UBA Group,Travel Agent,Completed,American,4,POS,Chioma Eze,June,2024,%Q,Q2
BK03133,2024-01-31,2024-03-02,2024-03-16,14,Deluxe,84227,0,84227,1179178,Airline Crew,GTCO,Direct,Completed,Nigerian,4,Corporate Account,Direct Booking,March,2024,%Q,Q1
BK03134,2024-06-21,2024-06-21,2024-06-29,8,Presidential,326212,5,309901,2479211,Corporate,Federal Ministry of Works,Corporate Agreement,Completed,Nigerian,3,Cash,Direct Booking,June,2024,%Q,Q2
BK03135,2024-02-01,2024-03-16,2024-03-26,10,Suite,176788,0,176788,1767880,Leisure,Individual Guest,Travel Agent,Completed,Ghanaian,3,Bank Transfer,Chioma Eze,March,2024,%Q,Q1
BK03136,2024-07-30,2024-09-02,2024-09-05,3,Suite,146272,10,131645,394934,Leisure,Individual Guest,Direct,Completed,Nigerian,2,Credit Card,Chioma Eze,September,2024,%Q,Q3
BK03137,2023-01-18,2023-02-16,2023-02-28,12,Executive,109894,10,98905,1186855,Government,Honeywell Group,Travel Agent,Completed,British,1,Cash,Chioma Eze,February,2023,%Q,Q1
BK03138,2024-07-25,2024-07-29,2024-07-30,1,Executive,104024,10,93622,93622,Corporate,9mobile,Direct,Confirmed,Nigerian,3,Bank Transfer,Direct Booking,July,2024,%Q,Q3
BK03139,2023-01-13,2023-01-24,2023-02-04,11,Presidential,274697,5,260962,0,Corporate,Glo Mobile,Direct,Cancelled,French,2,Cash,Fatima Bello,January,2023,%Q,Q1
BK03140,2024-03-25,2024-05-18,2024-05-28,10,Suite,132326,15,112477,1124771,Corporate,Nigerian Breweries,Direct,Confirmed,Nigerian,2,Cash,Amaka Osei,May,2024,%Q,Q2
BK03141,2023-11-07,2024-01-02,2024-01-05,3,Executive,112314,0,112314,336942,Corporate,NNPC,Online Travel Agent,Completed,Nigerian,1,Cash,Direct Booking,January,2024,%Q,Q1
BK03142,2024-05-20,2024-06-20,2024-06-26,6,Deluxe,87318,20,69854,419126,Corporate,9mobile,Online Travel Agent,Completed,Nigerian,1,Corporate Account,Direct Booking,June,2024,%Q,Q2
BK03143,2024-08-26,2024-10-02,2024-10-04,2,Deluxe,80622,15,68529,137057,Corporate,Transcorp Hotels,Walk In,Completed,Nigerian,2,Cash,Chioma Eze,October,2024,%Q,Q4
BK03144,2024-10-18,2024-12-16,2024-12-17,1,Executive,103894,5,98699,98699,Leisure,Individual Guest,Direct,Completed,Nigerian,3,Corporate Account,Tunde Adeyemi,December,2024,%Q,Q4
BK03145,2023-03-31,2023-04-08,2023-04-22,14,Standard,55402,0,55402,775628,MICE,Nigerian Ports Authority,Corporate Agreement,Completed,South African,4,Credit Card,Direct Booking,April,2023,%Q,Q2
BK03146,2023-02-25,2023-04-14,2023-04-17,3,Executive,96883,0,96883,290649,Leisure,Individual Guest,Online Travel Agent,Completed,South African,2,Corporate Account,Emeka Okonkwo,April,2023,%Q,Q2
BK03147,2024-06-28,2024-08-26,2024-09-05,10,Standard,58890,0,58890,588900,Leisure,Individual Guest,Travel Agent,Confirmed,Nigerian,3,POS,Tunde Adeyemi,August,2024,%Q,Q3
BK03148,2024-02-20,2024-03-22,2024-04-03,12,Standard,55183,5,52424,629086,Corporate,Glo Mobile,Travel Agent,Completed,Nigerian,4,Corporate Account,Tunde Adeyemi,March,2024,%Q,Q1
BK03149,2024-11-17,2024-11-23,2024-12-06,13,Deluxe,94922,0,94922,1233986,Corporate,Guinness Nigeria,Online Travel Agent,Completed,British,3,Cash,Amaka Osei,November,2024,%Q,Q4
BK03150,2024-09-24,2024-11-04,2024-11-09,5,Deluxe,71873,5,68279,341397,Corporate,PZ Cussons,Online Travel Agent,Completed,Kenyan,2,POS,Tunde Adeyemi,November,2024,%Q,Q4
BK03151,2023-04-04,2023-04-20,2023-04-24,4,Deluxe,85446,0,85446,341784,Leisure,Individual Guest,Online Travel Agent,Completed,Nigerian,1,Bank Transfer,Fatima Bello,April,2023,%Q,Q2
BK03152,2023-10-26,2023-10-27,2023-11-06,10,Suite,161203,5,153143,1531428,Corporate,Access Bank,Corporate Agreement,Completed,British,3,Corporate Account,Tunde Adeyemi,October,2023,%Q,Q4
BK03153,2023-02-13,2023-03-28,2023-03-29,1,Deluxe,91773,10,82596,82596,Airline Crew,Transcorp Hotels,Corporate Agreement,Completed,Nigerian,2,Corporate Account,Amaka Osei,March,2023,%Q,Q1
BK03154,2023-02-28,2023-04-28,2023-05-09,11,Executive,103290,10,92961,1022571,Leisure,Individual Guest,Online Travel Agent,Completed,Nigerian,2,Credit Card,Emeka Okonkwo,April,2023,%Q,Q2
BK03155,2023-03-29,2023-04-25,2023-05-09,14,Deluxe,92456,0,92456,1294384,Group,Individual Guest,Corporate Agreement,Completed,Nigerian,2,Credit Card,Fatima Bello,April,2023,%Q,Q2
BK03156,2024-08-15,2024-08-30,2024-09-08,9,Executive,99949,0,99949,0,MICE,Seplat Energy,Online Travel Agent,Cancelled,South African,3,Bank Transfer,Amaka Osei,August,2024,%Q,Q3
BK03157,2024-06-19,2024-08-01,2024-08-10,9,Executive,126937,5,120590,1085311,Corporate,UBA Group,Corporate Agreement,Completed,British,3,Bank Transfer,Direct Booking,August,2024,%Q,Q3
BK03158,2023-02-10,2023-02-27,2023-03-04,5,Suite,123350,20,98680,493400,Corporate,Total Energies,Travel Agent,Confirmed,Nigerian,4,Credit Card,Fatima Bello,February,2023,%Q,Q1
BK03159,2024-07-25,2024-09-19,2024-09-20,1,Deluxe,94404,10,84964,84964,Government,9mobile,Direct,Completed,Nigerian,4,Corporate Account,Emeka Okonkwo,September,2024,%Q,Q3
BK03160,2023-07-14,2023-09-01,2023-09-12,11,Standard,53919,20,43135,474487,Corporate,Lafarge Africa,Corporate Agreement,Completed,Nigerian,1,Cash,Chioma Eze,September,2023,%Q,Q3
BK03161,2024-12-20,2024-12-29,2025-01-10,12,Deluxe,83892,0,83892,1006704,Leisure,Individual Guest,Direct,Confirmed,Nigerian,4,Credit Card,Fatima Bello,December,2024,%Q,Q4
BK03162,2023-01-19,2023-03-15,2023-03-16,1,Suite,126562,5,120234,120234,Corporate,FBN Holdings,Direct,Completed,Nigerian,1,Bank Transfer,Tunde Adeyemi,March,2023,%Q,Q1
BK03163,2024-05-28,2024-07-02,2024-07-13,11,Deluxe,81850,10,73665,810315,MICE,Total Energies,Corporate Agreement,Confirmed,Nigerian,4,Bank Transfer,Direct Booking,July,2024,%Q,Q3
BK03164,2023-03-17,2023-05-05,2023-05-17,12,Executive,109566,0,109566,1314792,Leisure,Individual Guest,Online Travel Agent,Confirmed,American,4,Bank Transfer,Direct Booking,May,2023,%Q,Q2
BK03165,2024-01-25,2024-01-25,2024-02-04,10,Executive,128441,0,128441,1284410,Leisure,Individual Guest,Online Travel Agent,Completed,Nigerian,1,Bank Transfer,Amaka Osei,January,2024,%Q,Q1
BK03166,2023-04-27,2023-05-13,2023-05-15,2,Standard,46650,0,46650,93300,Airline Crew,MTN Nigeria,Online Travel Agent,Completed,Nigerian,3,Bank Transfer,Chioma Eze,May,2023,%Q,Q2
BK03167,2023-06-05,2023-07-04,2023-07-08,4,Standard,62337,0,62337,249348,Leisure,Individual Guest,Travel Agent,Completed,British,3,POS,Amaka Osei,July,2023,%Q,Q3
BK03168,2023-11-08,2024-01-06,2024-01-11,5,Suite,147545,5,140168,700839,Group,Individual Guest,Online Travel Agent,Confirmed,Nigerian,2,POS,Amaka Osei,January,2024,%Q,Q1
BK03169,2024-03-09,2024-03-14,2024-03-22,8,Deluxe,84391,0,84391,675128,Leisure,Individual Guest,Direct,Completed,South African,4,POS,Fatima Bello,March,2024,%Q,Q1
BK03170,2024-02-03,2024-03-11,2024-03-15,4,Suite,146266,10,131639,526558,Corporate,Lagos State Government,Online Travel Agent,Completed,South African,1,Credit Card,Fatima Bello,March,2024,%Q,Q1
BK03171,2023-12-26,2024-01-08,2024-01-16,8,Executive,101451,10,91306,730447,Corporate,Transcorp Hotels,Travel Agent,Completed,Nigerian,2,Credit Card,Direct Booking,January,2024,%Q,Q1
BK03172,2024-11-10,2024-11-14,2024-11-21,7,Suite,139472,0,139472,0,MICE,FAAN,Online Travel Agent,Cancelled,American,1,Cash,Amaka Osei,November,2024,%Q,Q4
BK03173,2024-02-24,2024-04-13,2024-04-20,7,Standard,54771,5,52032,364227,Corporate,Nigerian Breweries,Direct,Completed,Nigerian,4,Corporate Account,Fatima Bello,April,2024,%Q,Q2
BK03174,2024-01-31,2024-03-01,2024-03-06,5,Standard,53200,0,53200,266000,Leisure,Individual Guest,Walk In,Completed,Nigerian,1,Corporate Account,Fatima Bello,March,2024,%Q,Q1
BK03175,2023-12-18,2024-01-22,2024-01-31,9,Deluxe,70097,10,63087,567786,Corporate,Guinness Nigeria,Corporate Agreement,Completed,British,1,Credit Card,Emeka Okonkwo,January,2024,%Q,Q1
BK03176,2024-06-27,2024-08-13,2024-08-16,3,Deluxe,93165,0,93165,279495,Airline Crew,Unilever Nigeria,Direct,Completed,Chinese,2,Cash,Emeka Okonkwo,August,2024,%Q,Q3
BK03177,2023-01-08,2023-03-07,2023-03-08,1,Suite,123268,0,123268,123268,Leisure,Individual Guest,Direct,Completed,Nigerian,2,Corporate Account,Fatima Bello,March,2023,%Q,Q1
BK03178,2024-05-23,2024-06-09,2024-06-12,3,Executive,103131,5,97974,293923,Leisure,Individual Guest,Online Travel Agent,Confirmed,Nigerian,1,Corporate Account,Fatima Bello,June,2024,%Q,Q2
BK03179,2023-11-11,2023-12-09,2023-12-20,11,Presidential,386482,0,386482,4251302,Group,Individual Guest,Online Travel Agent,Completed,Nigerian,1,Corporate Account,Fatima Bello,December,2023,%Q,Q4
BK03180,2023-06-07,2023-06-15,2023-06-29,14,Standard,61067,20,48854,683950,Corporate,FBN Holdings,Online Travel Agent,Completed,Nigerian,1,Cash,Emeka Okonkwo,June,2023,%Q,Q2
BK03181,2024-08-15,2024-09-26,2024-10-05,9,Standard,45308,0,45308,407772,Leisure,Individual Guest,Corporate Agreement,Completed,American,4,Cash,Direct Booking,September,2024,%Q,Q3
BK03182,2023-03-26,2023-04-07,2023-04-14,7,Standard,50510,5,47984,335892,Leisure,Individual Guest,Online Travel Agent,Completed,Nigerian,1,Corporate Account,Tunde Adeyemi,April,2023,%Q,Q2
BK03183,2024-07-27,2024-09-03,2024-09-08,5,Executive,109281,5,103817,519085,Leisure,Individual Guest,Direct,Completed,British,1,POS,Tunde Adeyemi,September,2024,%Q,Q3
BK03184,2024-05-14,2024-06-27,2024-06-30,3,Standard,48729,5,46293,138878,MICE,MTN Nigeria,Online Travel Agent,Completed,Nigerian,1,Credit Card,Tunde Adeyemi,June,2024,%Q,Q2
BK03185,2023-07-03,2023-08-16,2023-08-29,13,Deluxe,83814,10,75433,980624,Government,PZ Cussons,Corporate Agreement,Confirmed,Nigerian,1,POS,Chioma Eze,August,2023,%Q,Q3
BK03186,2023-10-07,2023-11-14,2023-11-26,12,Standard,52951,0,52951,0,Leisure,Individual Guest,Online Travel Agent,Cancelled,Nigerian,2,Cash,Fatima Bello,November,2023,%Q,Q4
BK03187,2024-10-16,2024-12-12,2024-12-19,7,Deluxe,92284,10,83056,581389,Leisure,Individual Guest,Travel Agent,Completed,Nigerian,2,Cash,Emeka Okonkwo,December,2024,%Q,Q4
BK03188,2024-09-30,2024-10-09,2024-10-12,3,Suite,170934,10,153841,461522,Airline Crew,Glo Mobile,Travel Agent,Confirmed,Nigerian,3,Credit Card,Fatima Bello,October,2024,%Q,Q4
BK03189,2023-01-22,2023-03-10,2023-03-21,11,Suite,174530,5,165804,1823838,Leisure,Individual Guest,Direct,Completed,Chinese,2,Credit Card,Direct Booking,March,2023,%Q,Q1
BK03190,2023-01-01,2023-02-08,2023-02-10,2,Presidential,353590,5,335910,671821,Corporate,Flour Mills Nigeria,Direct,Completed,Nigerian,3,Cash,Fatima Bello,February,2023,%Q,Q1
BK03191,2023-03-14,2023-04-07,2023-04-13,6,Deluxe,71727,10,64554,387326,Group,Individual Guest,Travel Agent,Confirmed,Nigerian,3,POS,Emeka Okonkwo,April,2023,%Q,Q2
BK03192,2023-01-11,2023-02-17,2023-02-28,11,Executive,115044,0,115044,1265484,Leisure,Individual Guest,Online Travel Agent,Completed,Nigerian,2,Bank Transfer,Chioma Eze,February,2023,%Q,Q1
BK03193,2024-03-07,2024-04-16,2024-04-24,8,Deluxe,80768,0,80768,646144,Group,Individual Guest,Direct,Completed,Nigerian,2,Bank Transfer,Amaka Osei,April,2024,%Q,Q2
BK03194,2024-09-16,2024-09-28,2024-10-06,8,Executive,124676,5,118442,947538,Corporate,Nestle Nigeria,Corporate Agreement,Confirmed,American,3,Credit Card,Amaka Osei,September,2024,%Q,Q3
BK03195,2024-09-17,2024-10-28,2024-10-31,3,Deluxe,94083,5,89379,268137,MICE,FBN Holdings,Corporate Agreement,Confirmed,Kenyan,1,Credit Card,Direct Booking,October,2024,%Q,Q4
BK03196,2024-11-09,2024-11-20,2024-11-24,4,Deluxe,84217,5,80006,320025,Corporate,MTN Nigeria,Online Travel Agent,Confirmed,British,3,Cash,Chioma Eze,November,2024,%Q,Q4
BK03197,2023-09-26,2023-10-31,2023-11-13,13,Suite,130177,5,123668,1607686,Group,Individual Guest,Direct,Completed,Nigerian,3,Bank Transfer,Chioma Eze,October,2023,%Q,Q4
BK03198,2024-01-13,2024-02-26,2024-03-03,6,Standard,48867,10,43980,263882,Group,Individual Guest,Corporate Agreement,Completed,Indian,1,Cash,Emeka Okonkwo,February,2024,%Q,Q1
BK03199,2024-08-06,2024-08-12,2024-08-17,5,Suite,152439,0,152439,762195,Leisure,Individual Guest,Corporate Agreement,Completed,Nigerian,1,Corporate Account,Tunde Adeyemi,August,2024,%Q,Q3
BK03200,2023-10-06,2023-11-15,2023-11-29,14,Deluxe,79833,0,79833,1117662,MICE,Access Bank,Corporate Agreement,Completed,Nigerian,1,Corporate Account,Tunde Adeyemi,November,2023,%Q,Q4
BK03201,2023-01-16,2023-01-28,2023-02-08,11,Suite,145121,15,123353,0,Corporate,FBN Holdings,Corporate Agreement,Cancelled,German,2,Credit Card,Amaka Osei,January,2023,%Q,Q1
BK03202,2024-01-03,2024-01-27,2024-02-08,12,Executive,122749,10,110474,1325689,Leisure,Individual Guest,Corporate Agreement,Completed,Nigerian,1,Corporate Account,Fatima Bello,January,2024,%Q,Q1
BK03203,2023-07-23,2023-09-14,2023-09-16,2,Standard,62752,0,62752,125504,MICE,Julius Berger,Direct,Completed,British,2,Cash,Tunde Adeyemi,September,2023,%Q,Q3
BK03204,2024-09-07,2024-10-31,2024-11-11,11,Deluxe,79635,10,71672,788386,Corporate,NNPC,Online Travel Agent,Completed,Nigerian,2,Credit Card,Emeka Okonkwo,October,2024,%Q,Q4
BK03205,2024-10-18,2024-11-21,2024-11-30,9,Presidential,310312,5,294796,0,Airline Crew,Flour Mills Nigeria,Online Travel Agent,Cancelled,Chinese,4,POS,Direct Booking,November,2024,%Q,Q4
BK03206,2024-08-03,2024-09-18,2024-09-23,5,Standard,61637,5,58555,292776,Leisure,Individual Guest,Travel Agent,Completed,Nigerian,2,POS,Tunde Adeyemi,September,2024,%Q,Q3
BK03207,2024-08-23,2024-09-27,2024-09-30,3,Suite,142513,20,114010,0,Corporate,FBN Holdings,Travel Agent,Cancelled,Nigerian,3,Credit Card,Chioma Eze,September,2024,%Q,Q3
BK03208,2023-08-14,2023-10-06,2023-10-14,8,Standard,53150,0,53150,425200,Leisure,Individual Guest,Corporate Agreement,Completed,Indian,2,Cash,Chioma Eze,October,2023,%Q,Q4
BK03209,2024-07-16,2024-09-07,2024-09-09,2,Executive,121532,10,109379,218758,Corporate,Flour Mills Nigeria,Travel Agent,Completed,Nigerian,3,Bank Transfer,Amaka Osei,September,2024,%Q,Q3
BK03210,2023-04-18,2023-05-20,2023-05-29,9,Executive,108911,15,92574,833169,Government,UBA Group,Corporate Agreement,Completed,Nigerian,4,POS,Emeka Okonkwo,May,2023,%Q,Q2
BK03211,2024-03-02,2024-04-05,2024-04-15,10,Presidential,317689,10,285920,2859201,Leisure,Individual Guest,Direct,Completed,American,4,Bank Transfer,Direct Booking,April,2024,%Q,Q2
BK03212,2023-01-01,2023-02-22,2023-02-24,2,Suite,160712,0,160712,321424,Leisure,Individual Guest,Direct,Confirmed,South African,4,Cash,Fatima Bello,February,2023,%Q,Q1
BK03213,2023-11-11,2023-12-11,2023-12-18,7,Suite,147448,0,147448,1032136,Leisure,Individual Guest,Corporate Agreement,Completed,Nigerian,4,POS,Direct Booking,December,2023,%Q,Q4
BK03214,2024-11-09,2024-12-03,2024-12-05,2,Executive,114171,20,91337,0,Corporate,Total Energies,Corporate Agreement,Cancelled,Indian,4,POS,Chioma Eze,December,2024,%Q,Q4
BK03215,2024-06-12,2024-06-13,2024-06-19,6,Suite,141247,5,134185,805108,MICE,Air Peace,Travel Agent,Completed,Nigerian,2,POS,Direct Booking,June,2024,%Q,Q2
BK03216,2023-12-16,2023-12-18,2023-12-23,5,Deluxe,93328,0,93328,466640,Group,Individual Guest,Direct,Completed,British,2,Corporate Account,Amaka Osei,December,2023,%Q,Q4
BK03217,2024-03-13,2024-04-01,2024-04-03,2,Standard,49261,10,44335,88670,Corporate,PZ Cussons,Travel Agent,Completed,German,4,Credit Card,Emeka Okonkwo,April,2024,%Q,Q2
BK03218,2024-06-06,2024-06-10,2024-06-23,13,Executive,111342,0,111342,1447446,Leisure,Individual Guest,Direct,Completed,South African,4,Bank Transfer,Fatima Bello,June,2024,%Q,Q2
BK03219,2023-11-05,2023-11-27,2023-12-06,9,Deluxe,70620,10,63558,572022,Group,Individual Guest,Travel Agent,Confirmed,Kenyan,4,Corporate Account,Tunde Adeyemi,November,2023,%Q,Q4
BK03220,2023-10-18,2023-12-08,2023-12-10,2,Presidential,304629,10,274166,548332,Corporate,UBA Group,Online Travel Agent,Completed,Nigerian,4,Corporate Account,Direct Booking,December,2023,%Q,Q4
BK03221,2024-05-03,2024-06-20,2024-06-27,7,Executive,98196,15,83467,584266,Government,FAAN,Direct,Completed,Chinese,2,Corporate Account,Direct Booking,June,2024,%Q,Q2
BK03222,2023-10-21,2023-11-08,2023-11-19,11,Deluxe,90606,0,90606,996666,Leisure,Individual Guest,Travel Agent,Completed,Nigerian,2,Credit Card,Direct Booking,November,2023,%Q,Q4
BK03223,2024-05-22,2024-07-04,2024-07-06,2,Deluxe,76428,5,72607,145213,Corporate,Seplat Energy,Direct,Completed,American,4,Bank Transfer,Direct Booking,July,2024,%Q,Q3
BK03224,2023-04-19,2023-05-08,2023-05-16,8,Suite,176779,5,167940,1343520,Leisure,Individual Guest,Online Travel Agent,Completed,American,2,Corporate Account,Tunde Adeyemi,May,2023,%Q,Q2
BK03225,2024-03-11,2024-03-31,2024-04-09,9,Standard,61693,0,61693,555237,Group,Individual Guest,Walk In,Completed,British,4,Cash,Emeka Okonkwo,March,2024,%Q,Q1
BK03226,2024-08-07,2024-09-19,2024-09-24,5,Suite,162602,15,138212,691058,Corporate,UBA Group,Corporate Agreement,Completed,Nigerian,4,Credit Card,Chioma Eze,September,2024,%Q,Q3
BK03227,2023-07-24,2023-09-17,2023-10-01,14,Standard,52865,5,50222,703104,Leisure,Individual Guest,Corporate Agreement,Completed,Nigerian,1,Credit Card,Chioma Eze,September,2023,%Q,Q3
BK03228,2024-02-14,2024-03-07,2024-03-15,8,Standard,55096,0,55096,440768,Leisure,Individual Guest,Direct,Completed,Nigerian,2,Credit Card,Emeka Okonkwo,March,2024,%Q,Q1
BK03229,2024-09-25,2024-09-28,2024-10-08,10,Standard,46524,0,46524,465240,Leisure,Individual Guest,Direct,Completed,Nigerian,2,Cash,Emeka Okonkwo,September,2024,%Q,Q3
BK03230,2023-10-09,2023-10-25,2023-11-06,12,Suite,136001,0,136001,1632012,Leisure,Individual Guest,Online Travel Agent,Completed,American,3,Credit Card,Chioma Eze,October,2023,%Q,Q4
BK03231,2023-06-12,2023-07-25,2023-08-08,14,Deluxe,83487,5,79313,1110377,Leisure,Individual Guest,Corporate Agreement,Confirmed,French,3,Bank Transfer,Amaka Osei,July,2023,%Q,Q3
BK03232,2023-01-01,2023-01-30,2023-02-13,14,Standard,47298,0,47298,662172,Corporate,PZ Cussons,Corporate Agreement,Completed,South African,1,Corporate Account,Chioma Eze,January,2023,%Q,Q1
BK03233,2024-07-20,2024-09-06,2024-09-18,12,Presidential,381560,0,381560,4578720,Leisure,Individual Guest,Travel Agent,Completed,German,1,POS,Amaka Osei,September,2024,%Q,Q3
BK03234,2024-04-12,2024-05-29,2024-06-02,4,Executive,113132,10,101819,407275,Leisure,Individual Guest,Corporate Agreement,Confirmed,Nigerian,4,Bank Transfer,Emeka Okonkwo,May,2024,%Q,Q2
BK03235,2024-05-13,2024-05-13,2024-05-24,11,Suite,167221,10,150499,1655488,Leisure,Individual Guest,Online Travel Agent,Completed,American,2,POS,Emeka Okonkwo,May,2024,%Q,Q2
BK03236,2023-01-01,2023-01-17,2023-01-29,12,Deluxe,82086,0,82086,985032,Leisure,Individual Guest,Corporate Agreement,Completed,Nigerian,1,POS,Direct Booking,January,2023,%Q,Q1
BK03237,2023-06-04,2023-06-18,2023-06-30,12,Deluxe,70118,0,70118,841416,Group,Individual Guest,Direct,Completed,Nigerian,3,Bank Transfer,Chioma Eze,June,2023,%Q,Q2
BK03238,2024-04-22,2024-05-07,2024-05-18,11,Presidential,390254,10,351229,3863515,Leisure,Individual Guest,Direct,Completed,Nigerian,1,Credit Card,Amaka Osei,May,2024,%Q,Q2
BK03239,2024-01-31,2024-02-02,2024-02-09,7,Suite,151755,5,144167,0,Corporate,PZ Cussons,Corporate Agreement,Cancelled,Nigerian,3,POS,Emeka Okonkwo,February,2024,%Q,Q1
BK03240,2023-09-06,2023-09-25,2023-10-03,8,Suite,174238,20,139390,1115123,Corporate,Julius Berger,Direct,Completed,Nigerian,2,Credit Card,Direct Booking,September,2023,%Q,Q3
BK03241,2024-04-23,2024-05-07,2024-05-18,11,Suite,125379,5,119110,1310211,Leisure,Individual Guest,Corporate Agreement,Completed,Kenyan,4,Cash,Emeka Okonkwo,May,2024,%Q,Q2
BK03242,2023-10-24,2023-11-06,2023-11-08,2,Standard,51670,15,43920,87839,Government,Zenith Bank,Direct,Completed,Nigerian,2,Cash,Fatima Bello,November,2023,%Q,Q4
BK03243,2024-02-13,2024-03-04,2024-03-17,13,Presidential,270587,20,216470,2814105,Corporate,Nigerian Ports Authority,Corporate Agreement,Completed,Nigerian,3,Cash,Fatima Bello,March,2024,%Q,Q1
BK03244,2024-08-06,2024-09-26,2024-09-27,1,Presidential,386974,20,309579,309579,Corporate,Zenith Bank,Walk In,Completed,British,3,Cash,Emeka Okonkwo,September,2024,%Q,Q3
BK03245,2023-03-26,2023-04-24,2023-05-01,7,Suite,169669,10,152702,0,Group,Individual Guest,Direct,Cancelled,Kenyan,3,Credit Card,Fatima Bello,April,2023,%Q,Q2
BK03246,2024-07-04,2024-08-08,2024-08-10,2,Standard,46818,0,46818,93636,Airline Crew,Zenith Bank,Travel Agent,Completed,Nigerian,2,POS,Tunde Adeyemi,August,2024,%Q,Q3
BK03247,2023-04-27,2023-06-10,2023-06-12,2,Presidential,346986,0,346986,693972,Leisure,Individual Guest,Direct,Completed,South African,1,POS,Amaka Osei,June,2023,%Q,Q2
BK03248,2023-02-14,2023-03-06,2023-03-15,9,Deluxe,85472,10,76925,692323,Government,UBA Group,Direct,Confirmed,American,2,Credit Card,Amaka Osei,March,2023,%Q,Q1
BK03249,2023-11-15,2023-12-07,2023-12-18,11,Suite,132830,5,126188,1388074,MICE,Zenith Bank,Direct,Completed,Nigerian,1,Cash,Chioma Eze,December,2023,%Q,Q4
BK03250,2024-03-22,2024-03-27,2024-04-05,9,Standard,46554,5,44226,398037,Group,Individual Guest,Online Travel Agent,Completed,British,3,Cash,Chioma Eze,March,2024,%Q,Q1
BK03251,2023-12-30,2024-02-21,2024-03-04,12,Executive,110556,0,110556,1326672,Group,Individual Guest,Walk In,Completed,Nigerian,1,Credit Card,Fatima Bello,February,2024,%Q,Q1
BK03252,2023-12-29,2024-02-21,2024-03-02,10,Presidential,319966,15,271971,2719711,Corporate,Dangote Group,Corporate Agreement,Completed,Chinese,1,Bank Transfer,Direct Booking,February,2024,%Q,Q1
BK03253,2023-03-02,2023-04-18,2023-04-30,12,Executive,119938,0,119938,1439256,Group,Individual Guest,Direct,Confirmed,South African,2,POS,Direct Booking,April,2023,%Q,Q2
BK03254,2024-11-03,2024-11-11,2024-11-16,5,Standard,58254,0,58254,291270,Leisure,Individual Guest,Online Travel Agent,Completed,Nigerian,4,Bank Transfer,Direct Booking,November,2024,%Q,Q4
BK03255,2024-10-05,2024-10-15,2024-10-22,7,Executive,119999,0,119999,839993,Airline Crew,Air Peace,Corporate Agreement,Completed,Nigerian,1,Bank Transfer,Direct Booking,October,2024,%Q,Q4
BK03256,2023-12-06,2023-12-20,2023-12-30,10,Deluxe,91694,0,91694,916940,MICE,9mobile,Travel Agent,Completed,British,2,Bank Transfer,Emeka Okonkwo,December,2023,%Q,Q4
BK03257,2023-05-28,2023-05-30,2023-05-31,1,Executive,112519,0,112519,112519,Leisure,Individual Guest,Corporate Agreement,Completed,Nigerian,4,POS,Tunde Adeyemi,May,2023,%Q,Q2
BK03258,2023-05-07,2023-05-29,2023-06-08,10,Standard,54674,20,43739,437392,Corporate,Conoil,Walk In,Completed,French,2,Bank Transfer,Direct Booking,May,2023,%Q,Q2
BK03259,2023-12-25,2024-02-14,2024-02-15,1,Executive,97878,10,88090,0,Corporate,Air Peace,Walk In,Cancelled,Nigerian,3,Corporate Account,Amaka Osei,February,2024,%Q,Q1
BK03260,2024-04-05,2024-05-03,2024-05-08,5,Executive,117352,15,99749,0,Corporate,Air Peace,Direct,No Show,Nigerian,3,POS,Direct Booking,May,2024,%Q,Q2
BK03261,2024-01-21,2024-02-06,2024-02-18,12,Deluxe,71155,20,56924,683088,Corporate,FAAN,Travel Agent,Completed,Nigerian,4,Credit Card,Tunde Adeyemi,February,2024,%Q,Q1
BK03262,2024-05-07,2024-06-04,2024-06-13,9,Executive,117779,5,111890,1007010,Leisure,Individual Guest,Walk In,Completed,British,2,Bank Transfer,Tunde Adeyemi,June,2024,%Q,Q2
BK03263,2024-10-10,2024-11-05,2024-11-06,1,Deluxe,74523,0,74523,74523,MICE,Air Peace,Walk In,Completed,Ghanaian,4,POS,Tunde Adeyemi,November,2024,%Q,Q4
BK03264,2023-08-22,2023-10-14,2023-10-22,8,Presidential,322638,10,290374,2322994,Group,Individual Guest,Travel Agent,Completed,South African,2,Bank Transfer,Fatima Bello,October,2023,%Q,Q4
BK03265,2023-01-01,2023-01-18,2023-01-22,4,Standard,53400,0,53400,213600,MICE,Airtel Nigeria,Corporate Agreement,Completed,Indian,3,Cash,Fatima Bello,January,2023,%Q,Q1
BK03266,2024-07-09,2024-08-26,2024-09-07,12,Standard,53507,10,48156,577876,Leisure,Individual Guest,Direct,Completed,Nigerian,2,Corporate Account,Chioma Eze,August,2024,%Q,Q3
BK03267,2023-08-12,2023-09-03,2023-09-13,10,Standard,58396,5,55476,554762,Leisure,Individual Guest,Travel Agent,Completed,Nigerian,4,Credit Card,Tunde Adeyemi,September,2023,%Q,Q3
BK03268,2023-01-01,2023-01-09,2023-01-22,13,Suite,176657,0,176657,2296541,Leisure,Individual Guest,Travel Agent,Completed,Nigerian,4,Cash,Emeka Okonkwo,January,2023,%Q,Q1
BK03269,2024-08-07,2024-08-30,2024-09-02,3,Presidential,298646,10,268781,806344,Government,Chevron Nigeria,Direct,Completed,Nigerian,2,Bank Transfer,Amaka Osei,August,2024,%Q,Q3
BK03270,2023-08-27,2023-09-09,2023-09-15,6,Standard,59312,20,47450,284698,Government,Glo Mobile,Corporate Agreement,Completed,American,4,Corporate Account,Emeka Okonkwo,September,2023,%Q,Q3
BK03271,2024-05-21,2024-05-22,2024-05-31,9,Presidential,354654,10,319189,2872697,Corporate,Guinness Nigeria,Direct,Completed,Nigerian,4,POS,Chioma Eze,May,2024,%Q,Q2
BK03272,2023-05-17,2023-05-31,2023-06-02,2,Suite,161692,20,129354,258707,Corporate,Transcorp Hotels,Online Travel Agent,Completed,South African,2,POS,Chioma Eze,May,2023,%Q,Q2
BK03273,2024-11-16,2024-12-17,2024-12-27,10,Suite,155222,0,155222,1552220,Group,Individual Guest,Direct,Completed,American,4,Cash,Direct Booking,December,2024,%Q,Q4
BK03274,2024-02-23,2024-03-14,2024-03-22,8,Standard,48860,0,48860,390880,MICE,Honeywell Group,Online Travel Agent,Completed,Nigerian,3,Cash,Emeka Okonkwo,March,2024,%Q,Q1
BK03275,2023-11-22,2024-01-02,2024-01-15,13,Executive,115360,20,92288,1199744,Government,Lagos State Government,Corporate Agreement,Completed,Nigerian,1,Bank Transfer,Direct Booking,January,2024,%Q,Q1
BK03276,2023-06-14,2023-07-31,2023-08-06,6,Presidential,298152,5,283244,1699466,Corporate,Unilever Nigeria,Direct,Completed,Nigerian,4,Cash,Direct Booking,July,2023,%Q,Q3
BK03277,2023-06-17,2023-06-26,2023-07-01,5,Deluxe,87181,20,69745,348724,Corporate,Lafarge Africa,Corporate Agreement,Completed,Nigerian,1,Corporate Account,Emeka Okonkwo,June,2023,%Q,Q2
BK03278,2024-08-17,2024-10-05,2024-10-14,9,Suite,148566,0,148566,1337094,Group,Individual Guest,Direct,Confirmed,British,3,Bank Transfer,Fatima Bello,October,2024,%Q,Q4
BK03279,2023-05-31,2023-07-28,2023-08-01,4,Suite,156277,15,132835,531342,Corporate,Glo Mobile,Online Travel Agent,Completed,Nigerian,4,Corporate Account,Fatima Bello,July,2023,%Q,Q3
BK03280,2023-03-28,2023-04-17,2023-04-23,6,Suite,137862,5,130969,785813,Leisure,Individual Guest,Direct,Confirmed,Nigerian,4,Bank Transfer,Emeka Okonkwo,April,2023,%Q,Q2
BK03281,2023-08-10,2023-10-01,2023-10-13,12,Executive,104029,0,104029,1248348,Leisure,Individual Guest,Online Travel Agent,Confirmed,Nigerian,1,Cash,Direct Booking,October,2023,%Q,Q4
BK03282,2024-08-27,2024-09-05,2024-09-17,12,Presidential,341494,0,341494,4097928,Leisure,Individual Guest,Walk In,Completed,Nigerian,1,Cash,Fatima Bello,September,2024,%Q,Q3
BK03283,2023-03-09,2023-03-29,2023-04-04,6,Deluxe,88254,5,83841,503048,Corporate,Air Peace,Online Travel Agent,Completed,Kenyan,1,Credit Card,Fatima Bello,March,2023,%Q,Q1
BK03284,2024-01-05,2024-01-31,2024-02-03,3,Suite,134256,15,114118,342353,Government,Nigerian Ports Authority,Corporate Agreement,Completed,Nigerian,1,Corporate Account,Direct Booking,January,2024,%Q,Q1
BK03285,2024-06-09,2024-07-28,2024-08-07,10,Standard,60744,5,57707,577068,MICE,Access Bank,Travel Agent,Completed,American,1,POS,Amaka Osei,July,2024,%Q,Q3
BK03286,2024-04-16,2024-05-09,2024-05-15,6,Standard,50019,0,50019,300114,Leisure,Individual Guest,Direct,Completed,Ghanaian,3,Credit Card,Fatima Bello,May,2024,%Q,Q2
BK03287,2024-10-23,2024-11-19,2024-11-21,2,Suite,160626,0,160626,321252,Leisure,Individual Guest,Corporate Agreement,Completed,Nigerian,4,Cash,Direct Booking,November,2024,%Q,Q4
BK03288,2024-02-28,2024-03-26,2024-04-03,8,Suite,144853,0,144853,1158824,MICE,Conoil,Online Travel Agent,Completed,Nigerian,2,Cash,Fatima Bello,March,2024,%Q,Q1
BK03289,2023-07-20,2023-08-16,2023-08-29,13,Presidential,373404,10,336064,4368827,Group,Individual Guest,Travel Agent,Confirmed,Ghanaian,1,Credit Card,Tunde Adeyemi,August,2023,%Q,Q3
BK03290,2023-08-22,2023-09-30,2023-10-13,13,Standard,60953,10,54858,713150,Leisure,Individual Guest,Direct,Completed,Kenyan,3,Credit Card,Chioma Eze,September,2023,%Q,Q3
BK03291,2024-04-12,2024-04-19,2024-04-27,8,Standard,46564,5,44236,353886,Corporate,Glo Mobile,Online Travel Agent,Completed,Kenyan,3,POS,Chioma Eze,April,2024,%Q,Q2
BK03292,2024-09-19,2024-11-10,2024-11-12,2,Suite,165497,0,165497,330994,Leisure,Individual Guest,Online Travel Agent,Confirmed,Nigerian,4,Cash,Fatima Bello,November,2024,%Q,Q4
BK03293,2023-03-27,2023-04-17,2023-04-21,4,Suite,162477,0,162477,649908,Airline Crew,Honeywell Group,Online Travel Agent,Completed,Nigerian,4,Cash,Direct Booking,April,2023,%Q,Q2
BK03294,2024-09-06,2024-09-26,2024-10-07,11,Deluxe,77791,5,73901,812916,MICE,Nigerian Ports Authority,Online Travel Agent,Completed,Nigerian,3,POS,Direct Booking,September,2024,%Q,Q3
BK03295,2024-07-13,2024-09-04,2024-09-09,5,Executive,118732,10,106859,534294,Government,Nigerian Breweries,Online Travel Agent,Completed,Nigerian,1,Cash,Fatima Bello,September,2024,%Q,Q3
BK03296,2024-02-10,2024-02-25,2024-02-28,3,Deluxe,94302,0,94302,282906,Group,Individual Guest,Corporate Agreement,Completed,Nigerian,4,Bank Transfer,Chioma Eze,February,2024,%Q,Q1
BK03297,2023-07-26,2023-09-15,2023-09-22,7,Presidential,366546,0,366546,2565822,Group,Individual Guest,Corporate Agreement,Confirmed,Nigerian,2,Corporate Account,Fatima Bello,September,2023,%Q,Q3
BK03298,2023-04-16,2023-05-08,2023-05-17,9,Suite,157480,0,157480,1417320,Corporate,Conoil,Direct,Completed,Chinese,1,Corporate Account,Chioma Eze,May,2023,%Q,Q2
BK03299,2024-04-05,2024-04-17,2024-04-18,1,Presidential,351791,0,351791,351791,Corporate,Zenith Bank,Corporate Agreement,Completed,Nigerian,4,Bank Transfer,Amaka Osei,April,2024,%Q,Q2
BK03300,2023-12-23,2024-01-28,2024-02-05,8,Suite,157658,5,149775,1198201,Corporate,NNPC,Direct,Completed,Nigerian,4,Bank Transfer,Chioma Eze,January,2024,%Q,Q1
BK03301,2023-03-03,2023-04-23,2023-05-05,12,Suite,157899,0,157899,1894788,MICE,PZ Cussons,Travel Agent,Completed,Chinese,4,Corporate Account,Emeka Okonkwo,April,2023,%Q,Q2
BK03302,2023-11-08,2023-12-28,2024-01-01,4,Executive,126903,5,120558,482231,Airline Crew,Nigerian Ports Authority,Travel Agent,Completed,American,1,Corporate Account,Fatima Bello,December,2023,%Q,Q4
BK03303,2023-02-21,2023-03-01,2023-03-09,8,Deluxe,87497,10,78747,629978,Leisure,Individual Guest,Direct,Completed,Nigerian,2,Bank Transfer,Chioma Eze,March,2023,%Q,Q1
BK03304,2023-01-01,2023-01-08,2023-01-10,2,Deluxe,71544,5,67967,135934,Group,Individual Guest,Online Travel Agent,Completed,Nigerian,2,POS,Chioma Eze,January,2023,%Q,Q1
BK03305,2024-01-07,2024-02-19,2024-03-04,14,Deluxe,80277,0,80277,1123878,Leisure,Individual Guest,Corporate Agreement,Completed,Nigerian,1,Cash,Amaka Osei,February,2024,%Q,Q1
BK03306,2024-10-28,2024-12-21,2025-01-03,13,Standard,46689,15,39686,515913,Government,Guinness Nigeria,Travel Agent,Completed,Nigerian,2,POS,Chioma Eze,December,2024,%Q,Q4
BK03307,2023-01-15,2023-01-26,2023-02-04,9,Suite,131893,20,105514,0,Government,Federal Ministry of Works,Corporate Agreement,No Show,Ghanaian,2,Bank Transfer,Chioma Eze,January,2023,%Q,Q1
BK03308,2024-05-23,2024-06-19,2024-06-26,7,Presidential,277180,5,263321,1843247,Corporate,Nestle Nigeria,Walk In,Completed,Ghanaian,3,Bank Transfer,Tunde Adeyemi,June,2024,%Q,Q2
BK03309,2023-11-17,2023-11-27,2023-12-11,14,Executive,100413,15,85351,1194915,Government,Honeywell Group,Online Travel Agent,Completed,Ghanaian,3,Cash,Tunde Adeyemi,November,2023,%Q,Q4
BK03310,2023-11-07,2023-11-23,2023-12-01,8,Suite,144742,20,115794,0,Government,Lafarge Africa,Corporate Agreement,Cancelled,Nigerian,1,Bank Transfer,Chioma Eze,November,2023,%Q,Q4
BK03311,2023-02-20,2023-04-10,2023-04-23,13,Presidential,339812,0,339812,4417556,Corporate,FAAN,Direct,Completed,Indian,2,Cash,Direct Booking,April,2023,%Q,Q2
BK03312,2023-06-09,2023-07-31,2023-08-09,9,Presidential,276284,10,248656,0,Group,Individual Guest,Travel Agent,Cancelled,American,1,Cash,Fatima Bello,July,2023,%Q,Q3
BK03313,2023-09-13,2023-10-14,2023-10-28,14,Standard,53525,0,53525,749350,Leisure,Individual Guest,Direct,Confirmed,Nigerian,2,POS,Direct Booking,October,2023,%Q,Q4
BK03314,2023-08-20,2023-09-06,2023-09-12,6,Standard,48193,15,40964,0,Corporate,Seplat Energy,Direct,Cancelled,Nigerian,4,Bank Transfer,Tunde Adeyemi,September,2023,%Q,Q3
BK03315,2023-08-29,2023-10-26,2023-11-03,8,Executive,98028,5,93127,745013,Group,Individual Guest,Online Travel Agent,Confirmed,American,2,Bank Transfer,Emeka Okonkwo,October,2023,%Q,Q4
BK03316,2023-12-06,2024-01-22,2024-01-25,3,Presidential,347825,15,295651,886954,Corporate,Federal Ministry of Works,Corporate Agreement,Completed,Nigerian,1,Credit Card,Emeka Okonkwo,January,2024,%Q,Q1
BK03317,2023-05-13,2023-05-31,2023-06-01,1,Presidential,387246,0,387246,387246,MICE,Lagos State Government,Corporate Agreement,Completed,Nigerian,2,POS,Emeka Okonkwo,May,2023,%Q,Q2
BK03318,2023-07-09,2023-08-20,2023-09-03,14,Deluxe,82685,5,78551,1099710,MICE,Glo Mobile,Direct,Completed,Nigerian,1,Bank Transfer,Chioma Eze,August,2023,%Q,Q3
BK03319,2023-01-01,2023-02-07,2023-02-13,6,Deluxe,89963,0,89963,539778,Group,Individual Guest,Walk In,Completed,Ghanaian,4,Bank Transfer,Fatima Bello,February,2023,%Q,Q1
BK03320,2023-08-15,2023-08-23,2023-08-28,5,Suite,173369,0,173369,866845,Group,Individual Guest,Walk In,Confirmed,Nigerian,1,Bank Transfer,Amaka Osei,August,2023,%Q,Q3
BK03321,2024-07-20,2024-07-26,2024-08-05,10,Deluxe,83012,0,83012,830120,Airline Crew,Shell Nigeria,Online Travel Agent,Completed,Nigerian,1,Credit Card,Chioma Eze,July,2024,%Q,Q3
BK03322,2023-08-03,2023-09-10,2023-09-12,2,Deluxe,90893,10,81804,163607,Government,Nestle Nigeria,Online Travel Agent,Completed,Nigerian,2,Credit Card,Amaka Osei,September,2023,%Q,Q3
BK03323,2024-01-22,2024-03-09,2024-03-19,10,Standard,63035,0,63035,630350,Group,Individual Guest,Travel Agent,Completed,Nigerian,2,POS,Tunde Adeyemi,March,2024,%Q,Q1
BK03324,2023-12-29,2024-01-12,2024-01-21,9,Presidential,328130,10,295317,2657853,Corporate,Access Bank,Online Travel Agent,Confirmed,Nigerian,4,Bank Transfer,Chioma Eze,January,2024,%Q,Q1
BK03325,2023-11-19,2023-12-13,2023-12-18,5,Presidential,307061,0,307061,1535305,MICE,9mobile,Travel Agent,Confirmed,South African,1,Bank Transfer,Chioma Eze,December,2023,%Q,Q4
BK03326,2024-06-28,2024-07-10,2024-07-14,4,Standard,63722,15,54164,216655,Corporate,Transcorp Hotels,Direct,Completed,Nigerian,1,Corporate Account,Fatima Bello,July,2024,%Q,Q3
BK03327,2024-03-26,2024-05-19,2024-05-21,2,Executive,96758,5,91920,183840,Corporate,9mobile,Online Travel Agent,Completed,Nigerian,1,Cash,Fatima Bello,May,2024,%Q,Q2
BK03328,2023-08-24,2023-09-17,2023-09-29,12,Standard,55812,5,53021,0,Corporate,Lagos State Government,Travel Agent,No Show,South African,3,POS,Direct Booking,September,2023,%Q,Q3
BK03329,2023-08-09,2023-09-02,2023-09-10,8,Presidential,317860,0,317860,2542880,Corporate,Oando PLC,Online Travel Agent,Completed,Nigerian,1,Corporate Account,Direct Booking,September,2023,%Q,Q3
BK03330,2024-01-19,2024-02-02,2024-02-07,5,Suite,141272,10,127145,635724,Government,Oando PLC,Corporate Agreement,Completed,Nigerian,2,Corporate Account,Amaka Osei,February,2024,%Q,Q1
BK03331,2023-08-11,2023-08-22,2023-08-26,4,Suite,158020,0,158020,632080,MICE,Seplat Energy,Travel Agent,Completed,Nigerian,1,Cash,Chioma Eze,August,2023,%Q,Q3
BK03332,2023-10-20,2023-11-06,2023-11-15,9,Presidential,261321,0,261321,2351889,Leisure,Individual Guest,Walk In,Completed,American,1,Bank Transfer,Tunde Adeyemi,November,2023,%Q,Q4
BK03333,2023-12-09,2024-02-01,2024-02-02,1,Suite,175386,15,149078,149078,Corporate,Transcorp Hotels,Corporate Agreement,Confirmed,Kenyan,3,POS,Chioma Eze,February,2024,%Q,Q1
BK03334,2024-02-21,2024-02-28,2024-03-13,14,Standard,48522,10,43670,611377,Corporate,Transcorp Hotels,Travel Agent,Completed,Nigerian,4,Cash,Direct Booking,February,2024,%Q,Q1
BK03335,2024-03-16,2024-04-17,2024-04-20,3,Presidential,369515,20,295612,886836,Corporate,FAAN,Direct,Completed,Nigerian,2,Bank Transfer,Chioma Eze,April,2024,%Q,Q2
BK03336,2023-01-01,2023-01-11,2023-01-21,10,Suite,164910,5,156664,1566645,Leisure,Individual Guest,Corporate Agreement,Completed,Nigerian,2,Corporate Account,Emeka Okonkwo,January,2023,%Q,Q1
BK03337,2023-02-06,2023-03-11,2023-03-15,4,Deluxe,83427,10,75084,300337,MICE,Transcorp Hotels,Travel Agent,Confirmed,Nigerian,4,Corporate Account,Emeka Okonkwo,March,2023,%Q,Q1
BK03338,2024-01-17,2024-01-19,2024-01-27,8,Deluxe,88661,5,84228,673824,Leisure,Individual Guest,Direct,Completed,Nigerian,2,POS,Emeka Okonkwo,January,2024,%Q,Q1
BK03339,2023-01-22,2023-03-13,2023-03-24,11,Standard,46807,20,37446,411902,Government,PZ Cussons,Direct,Completed,British,2,Credit Card,Emeka Okonkwo,March,2023,%Q,Q1
BK03340,2023-01-01,2023-02-03,2023-02-10,7,Deluxe,79418,10,71476,0,Corporate,Guinness Nigeria,Walk In,Cancelled,Nigerian,2,Credit Card,Tunde Adeyemi,February,2023,%Q,Q1
BK03341,2023-10-13,2023-10-14,2023-10-21,7,Executive,96804,10,87124,609865,MICE,FAAN,Walk In,Completed,American,4,Bank Transfer,Direct Booking,October,2023,%Q,Q4
BK03342,2023-12-11,2023-12-19,2023-12-30,11,Deluxe,81174,10,73057,803623,Leisure,Individual Guest,Online Travel Agent,Completed,Nigerian,2,Bank Transfer,Chioma Eze,December,2023,%Q,Q4
BK03343,2023-11-18,2023-12-18,2023-12-22,4,Standard,46081,0,46081,0,MICE,Flour Mills Nigeria,Travel Agent,No Show,British,4,POS,Chioma Eze,December,2023,%Q,Q4
BK03344,2023-09-02,2023-09-09,2023-09-11,2,Presidential,386388,0,386388,0,MICE,Flour Mills Nigeria,Online Travel Agent,Cancelled,Nigerian,1,POS,Tunde Adeyemi,September,2023,%Q,Q3
BK03345,2023-08-16,2023-09-11,2023-09-19,8,Suite,128651,10,115786,926287,Leisure,Individual Guest,Online Travel Agent,Completed,Kenyan,4,POS,Emeka Okonkwo,September,2023,%Q,Q3
BK03346,2023-12-30,2024-02-11,2024-02-12,1,Deluxe,71377,20,57102,0,Corporate,Nestle Nigeria,Direct,Cancelled,Nigerian,1,Bank Transfer,Emeka Okonkwo,February,2024,%Q,Q1
BK03347,2023-11-05,2023-11-30,2023-12-09,9,Executive,108687,0,108687,978183,Airline Crew,Nestle Nigeria,Online Travel Agent,Completed,Nigerian,4,Credit Card,Emeka Okonkwo,November,2023,%Q,Q4
BK03348,2024-12-01,2024-12-17,2024-12-19,2,Deluxe,80148,0,80148,160296,Leisure,Individual Guest,Direct,Completed,Ghanaian,4,POS,Emeka Okonkwo,December,2024,%Q,Q4
BK03349,2023-10-08,2023-11-04,2023-11-06,2,Standard,52682,0,52682,105364,Corporate,Total Energies,Online Travel Agent,Completed,Nigerian,1,Cash,Amaka Osei,November,2023,%Q,Q4
BK03350,2023-06-02,2023-07-03,2023-07-12,9,Suite,142182,5,135073,0,Group,Individual Guest,Direct,Cancelled,American,1,Bank Transfer,Direct Booking,July,2023,%Q,Q3
BK03351,2023-12-13,2024-01-05,2024-01-10,5,Suite,124379,0,124379,621895,Leisure,Individual Guest,Corporate Agreement,Completed,American,1,Bank Transfer,Direct Booking,January,2024,%Q,Q1
BK03352,2024-02-12,2024-02-20,2024-02-27,7,Executive,115941,0,115941,811587,Group,Individual Guest,Direct,Confirmed,Nigerian,4,POS,Direct Booking,February,2024,%Q,Q1
BK03353,2023-08-19,2023-10-10,2023-10-13,3,Standard,52530,0,52530,157590,MICE,Lagos State Government,Online Travel Agent,Confirmed,South African,2,POS,Chioma Eze,October,2023,%Q,Q4
BK03354,2023-01-01,2023-01-14,2023-01-24,10,Presidential,379344,0,379344,3793440,Corporate,PZ Cussons,Direct,Completed,Nigerian,4,Bank Transfer,Direct Booking,January,2023,%Q,Q1
BK03355,2023-03-16,2023-04-01,2023-04-15,14,Suite,149191,10,134272,0,Airline Crew,Shell Nigeria,Online Travel Agent,Cancelled,Nigerian,3,POS,Direct Booking,April,2023,%Q,Q2
BK03356,2024-11-12,2024-12-21,2024-12-23,2,Executive,95456,20,76365,152730,Corporate,Conoil,Corporate Agreement,Completed,Nigerian,1,Credit Card,Emeka Okonkwo,December,2024,%Q,Q4
BK03357,2023-05-09,2023-05-13,2023-05-19,6,Presidential,284261,0,284261,1705566,Corporate,Shell Nigeria,Corporate Agreement,Completed,Nigerian,4,Credit Card,Tunde Adeyemi,May,2023,%Q,Q2
BK03358,2023-08-23,2023-10-03,2023-10-13,10,Deluxe,94705,0,94705,947050,Leisure,Individual Guest,Direct,Completed,French,3,POS,Chioma Eze,October,2023,%Q,Q4
BK03359,2023-04-11,2023-05-08,2023-05-10,2,Deluxe,89803,0,89803,179606,Group,Individual Guest,Corporate Agreement,Confirmed,Indian,4,Cash,Emeka Okonkwo,May,2023,%Q,Q2
BK03360,2024-12-06,2024-12-13,2024-12-27,14,Suite,179948,20,143958,2015418,Corporate,Oando PLC,Corporate Agreement,Completed,Nigerian,1,Cash,Tunde Adeyemi,December,2024,%Q,Q4
BK03361,2024-05-29,2024-07-12,2024-07-16,4,Standard,50826,5,48285,193139,Corporate,Transcorp Hotels,Direct,Completed,Chinese,4,Corporate Account,Emeka Okonkwo,July,2024,%Q,Q3
BK03362,2023-09-10,2023-09-22,2023-09-27,5,Suite,132946,10,119651,598257,Group,Individual Guest,Online Travel Agent,Completed,French,2,Corporate Account,Fatima Bello,September,2023,%Q,Q3
BK03363,2023-12-22,2024-01-21,2024-01-27,6,Standard,56061,10,50455,0,Government,GTCO,Online Travel Agent,Cancelled,American,1,Credit Card,Amaka Osei,January,2024,%Q,Q1
BK03364,2023-08-24,2023-10-04,2023-10-13,9,Standard,54726,0,54726,492534,Corporate,Transcorp Hotels,Online Travel Agent,Completed,Nigerian,3,Bank Transfer,Amaka Osei,October,2023,%Q,Q4
BK03365,2024-08-12,2024-09-07,2024-09-09,2,Suite,151649,10,136484,272968,Corporate,Federal Ministry of Works,Travel Agent,Confirmed,Nigerian,2,Credit Card,Direct Booking,September,2024,%Q,Q3
BK03366,2023-09-16,2023-09-25,2023-10-05,10,Standard,52235,0,52235,522350,Leisure,Individual Guest,Direct,Completed,South African,1,Cash,Direct Booking,September,2023,%Q,Q3
BK03367,2024-11-17,2024-11-26,2024-12-02,6,Executive,110841,15,94215,565289,Corporate,Unilever Nigeria,Direct,Completed,Nigerian,3,Bank Transfer,Chioma Eze,November,2024,%Q,Q4
BK03368,2023-10-28,2023-12-03,2023-12-10,7,Standard,45377,10,40839,285875,Group,Individual Guest,Direct,Completed,British,3,Credit Card,Tunde Adeyemi,December,2023,%Q,Q4
BK03369,2024-06-07,2024-06-24,2024-07-06,12,Executive,115065,15,97805,1173663,Corporate,PZ Cussons,Walk In,Completed,British,4,POS,Chioma Eze,June,2024,%Q,Q2
BK03370,2024-10-22,2024-12-11,2024-12-19,8,Executive,100401,5,95381,763048,Airline Crew,PZ Cussons,Direct,Completed,Nigerian,3,Credit Card,Emeka Okonkwo,December,2024,%Q,Q4
BK03371,2023-08-10,2023-08-30,2023-09-06,7,Standard,46399,0,46399,324793,Group,Individual Guest,Corporate Agreement,Confirmed,British,4,Bank Transfer,Direct Booking,August,2023,%Q,Q3
BK03372,2024-04-05,2024-04-09,2024-04-16,7,Suite,139733,5,132746,0,Corporate,Honeywell Group,Corporate Agreement,No Show,Nigerian,3,Bank Transfer,Chioma Eze,April,2024,%Q,Q2
BK03373,2024-10-11,2024-10-18,2024-10-22,4,Executive,127290,10,114561,458244,Leisure,Individual Guest,Corporate Agreement,Completed,South African,3,Cash,Emeka Okonkwo,October,2024,%Q,Q4
BK03374,2023-08-07,2023-08-19,2023-08-29,10,Suite,135151,0,135151,1351510,Group,Individual Guest,Direct,Completed,Nigerian,2,POS,Tunde Adeyemi,August,2023,%Q,Q3
BK03375,2023-05-29,2023-06-28,2023-07-07,9,Presidential,308309,15,262063,0,Corporate,Julius Berger,Travel Agent,No Show,Nigerian,1,Credit Card,Tunde Adeyemi,June,2023,%Q,Q2
BK03376,2023-08-06,2023-08-27,2023-09-01,5,Deluxe,90613,15,77021,385105,Government,Lafarge Africa,Walk In,Confirmed,Nigerian,2,Credit Card,Amaka Osei,August,2023,%Q,Q3
BK03377,2024-05-01,2024-05-02,2024-05-07,5,Presidential,391225,0,391225,1956125,Leisure,Individual Guest,Online Travel Agent,Completed,Nigerian,1,Cash,Tunde Adeyemi,May,2024,%Q,Q2
BK03378,2023-03-13,2023-03-16,2023-03-23,7,Deluxe,78144,10,70330,492307,MICE,Airtel Nigeria,Direct,Confirmed,American,3,Cash,Chioma Eze,March,2023,%Q,Q1
BK03379,2024-04-04,2024-05-25,2024-05-26,1,Presidential,319932,5,303935,303935,Group,Individual Guest,Direct,Completed,Nigerian,3,Cash,Direct Booking,May,2024,%Q,Q2
BK03380,2023-11-04,2023-11-09,2023-11-11,2,Presidential,290965,10,261868,523737,Leisure,Individual Guest,Direct,Completed,Nigerian,4,Bank Transfer,Fatima Bello,November,2023,%Q,Q4
BK03381,2023-03-14,2023-03-19,2023-03-29,10,Deluxe,94011,0,94011,940110,Airline Crew,9mobile,Online Travel Agent,Completed,South African,3,Cash,Direct Booking,March,2023,%Q,Q1
BK03382,2024-07-30,2024-09-23,2024-10-05,12,Executive,102213,5,97102,1165228,Corporate,Honeywell Group,Online Travel Agent,Completed,Nigerian,4,Corporate Account,Amaka Osei,September,2024,%Q,Q3
BK03383,2023-05-18,2023-06-27,2023-07-06,9,Deluxe,79098,10,71188,640694,Leisure,Individual Guest,Travel Agent,Confirmed,Nigerian,1,Credit Card,Emeka Okonkwo,June,2023,%Q,Q2
BK03384,2024-09-07,2024-11-03,2024-11-09,6,Executive,110561,10,99505,597029,Corporate,MTN Nigeria,Direct,Completed,Nigerian,1,Cash,Amaka Osei,November,2024,%Q,Q4
BK03385,2023-05-18,2023-06-07,2023-06-08,1,Presidential,397423,0,397423,397423,Group,Individual Guest,Online Travel Agent,Completed,American,4,Corporate Account,Fatima Bello,June,2023,%Q,Q2
BK03386,2023-09-28,2023-11-10,2023-11-14,4,Deluxe,92699,0,92699,370796,Airline Crew,Air Peace,Online Travel Agent,Completed,South African,1,Bank Transfer,Fatima Bello,November,2023,%Q,Q4
BK03387,2023-02-02,2023-03-22,2023-03-27,5,Executive,101294,10,91165,455823,MICE,Lafarge Africa,Online Travel Agent,Completed,Nigerian,1,POS,Fatima Bello,March,2023,%Q,Q1
BK03388,2024-08-29,2024-08-31,2024-09-04,4,Suite,172379,10,155141,620564,Airline Crew,Lagos State Government,Online Travel Agent,Completed,Nigerian,4,Bank Transfer,Fatima Bello,August,2024,%Q,Q3
BK03389,2024-03-26,2024-04-29,2024-05-11,12,Suite,125806,10,113225,1358705,Leisure,Individual Guest,Walk In,Completed,Chinese,1,Cash,Amaka Osei,April,2024,%Q,Q2
BK03390,2024-01-01,2024-01-26,2024-02-01,6,Presidential,390588,0,390588,2343528,MICE,FAAN,Online Travel Agent,Completed,Nigerian,2,Corporate Account,Tunde Adeyemi,January,2024,%Q,Q1
BK03391,2024-10-08,2024-10-15,2024-10-24,9,Suite,149322,0,149322,1343898,Corporate,Julius Berger,Online Travel Agent,Completed,Nigerian,2,POS,Emeka Okonkwo,October,2024,%Q,Q4
BK03392,2024-06-27,2024-06-30,2024-07-04,4,Executive,124061,5,117858,471432,Airline Crew,Nigerian Ports Authority,Direct,Confirmed,Indian,2,POS,Fatima Bello,June,2024,%Q,Q2
BK03393,2024-04-01,2024-04-17,2024-04-19,2,Executive,126510,0,126510,253020,Corporate,Conoil,Online Travel Agent,Completed,Nigerian,3,Corporate Account,Emeka Okonkwo,April,2024,%Q,Q2
BK03394,2024-06-10,2024-07-28,2024-08-03,6,Executive,101617,10,91455,548732,Corporate,GTCO,Direct,Completed,American,2,Corporate Account,Chioma Eze,July,2024,%Q,Q3
BK03395,2023-09-07,2023-09-12,2023-09-25,13,Presidential,262796,20,210237,0,Government,Seplat Energy,Walk In,Cancelled,Nigerian,3,Credit Card,Amaka Osei,September,2023,%Q,Q3
BK03396,2023-11-30,2023-12-21,2023-12-28,7,Deluxe,77871,10,70084,490587,MICE,Transcorp Hotels,Direct,Completed,American,4,Corporate Account,Amaka Osei,December,2023,%Q,Q4
BK03397,2024-03-31,2024-05-07,2024-05-09,2,Deluxe,83621,0,83621,167242,Corporate,UBA Group,Corporate Agreement,Completed,Nigerian,3,Credit Card,Amaka Osei,May,2024,%Q,Q2
BK03398,2023-03-31,2023-05-22,2023-05-28,6,Suite,142086,20,113669,682013,Corporate,Dangote Group,Direct,Completed,German,2,Bank Transfer,Fatima Bello,May,2023,%Q,Q2
BK03399,2024-04-12,2024-05-22,2024-05-29,7,Executive,110525,0,110525,773675,Leisure,Individual Guest,Online Travel Agent,Completed,Nigerian,2,Bank Transfer,Tunde Adeyemi,May,2024,%Q,Q2
BK03400,2023-08-29,2023-09-12,2023-09-21,9,Standard,45901,15,39016,351143,Corporate,Access Bank,Online Travel Agent,Completed,British,1,Credit Card,Fatima Bello,September,2023,%Q,Q3
BK03401,2024-11-22,2024-12-09,2024-12-21,12,Standard,59341,0,59341,712092,Airline Crew,Federal Ministry of Works,Direct,Completed,South African,4,POS,Tunde Adeyemi,December,2024,%Q,Q4
BK03402,2023-12-01,2024-01-03,2024-01-05,2,Presidential,348983,5,331534,0,Corporate,Glo Mobile,Travel Agent,Cancelled,British,2,Bank Transfer,Amaka Osei,January,2024,%Q,Q1
BK03403,2023-09-05,2023-09-13,2023-09-14,1,Deluxe,79403,0,79403,79403,Corporate,FAAN,Online Travel Agent,Completed,Kenyan,3,Credit Card,Amaka Osei,September,2023,%Q,Q3
BK03404,2024-10-04,2024-11-06,2024-11-12,6,Presidential,261397,0,261397,1568382,MICE,Nigerian Breweries,Travel Agent,Completed,Nigerian,3,Bank Transfer,Fatima Bello,November,2024,%Q,Q4
BK03405,2024-01-31,2024-02-27,2024-03-05,7,Standard,62768,10,56491,0,MICE,Total Energies,Direct,Cancelled,Nigerian,4,Cash,Chioma Eze,February,2024,%Q,Q1
BK03406,2023-01-01,2023-02-04,2023-02-14,10,Executive,107694,0,107694,1076940,Leisure,Individual Guest,Online Travel Agent,Completed,British,3,Cash,Fatima Bello,February,2023,%Q,Q1
BK03407,2023-05-31,2023-06-09,2023-06-10,1,Deluxe,78504,5,74579,74579,Group,Individual Guest,Online Travel Agent,Confirmed,Ghanaian,2,Bank Transfer,Tunde Adeyemi,June,2023,%Q,Q2
BK03408,2023-08-25,2023-08-29,2023-09-06,8,Suite,144051,15,122443,979547,Corporate,Zenith Bank,Travel Agent,Completed,French,4,Credit Card,Amaka Osei,August,2023,%Q,Q3
BK03409,2024-08-18,2024-10-08,2024-10-18,10,Standard,53636,0,53636,536360,MICE,PZ Cussons,Online Travel Agent,Completed,Nigerian,4,Cash,Amaka Osei,October,2024,%Q,Q4
BK03410,2024-04-05,2024-05-28,2024-06-07,10,Standard,48340,0,48340,483400,MICE,Nestle Nigeria,Travel Agent,Completed,Nigerian,2,POS,Direct Booking,May,2024,%Q,Q2
BK03411,2024-04-07,2024-05-12,2024-05-19,7,Presidential,305422,0,305422,0,Corporate,Conoil,Direct,Cancelled,Nigerian,1,POS,Amaka Osei,May,2024,%Q,Q2
BK03412,2024-07-23,2024-07-29,2024-08-09,11,Suite,120636,20,96509,1061597,Government,Glo Mobile,Corporate Agreement,Completed,Nigerian,4,Bank Transfer,Chioma Eze,July,2024,%Q,Q3
BK03413,2024-10-27,2024-11-15,2024-11-16,1,Suite,149519,0,149519,149519,Corporate,Nigerian Ports Authority,Corporate Agreement,Completed,Nigerian,4,Corporate Account,Amaka Osei,November,2024,%Q,Q4
BK03414,2023-09-09,2023-10-31,2023-11-11,11,Presidential,370264,0,370264,4072904,Leisure,Individual Guest,Direct,Confirmed,Nigerian,3,Corporate Account,Chioma Eze,October,2023,%Q,Q4
BK03415,2024-03-01,2024-04-30,2024-05-03,3,Deluxe,84998,5,80748,242244,Corporate,Transcorp Hotels,Travel Agent,Completed,Nigerian,2,Bank Transfer,Chioma Eze,April,2024,%Q,Q2
BK03416,2024-03-20,2024-04-05,2024-04-10,5,Presidential,387694,10,348925,1744623,Leisure,Individual Guest,Direct,Completed,British,4,Credit Card,Direct Booking,April,2024,%Q,Q2
BK03417,2023-10-12,2023-10-23,2023-10-25,2,Executive,114690,0,114690,229380,Corporate,FAAN,Direct,Confirmed,South African,2,Cash,Emeka Okonkwo,October,2023,%Q,Q4
BK03418,2024-11-15,2024-12-20,2024-12-31,11,Standard,56392,10,50753,558281,Leisure,Individual Guest,Direct,Completed,American,1,Bank Transfer,Amaka Osei,December,2024,%Q,Q4
BK03419,2024-07-30,2024-09-09,2024-09-16,7,Suite,139354,0,139354,975478,Leisure,Individual Guest,Online Travel Agent,Confirmed,Nigerian,1,Cash,Emeka Okonkwo,September,2024,%Q,Q3
BK03420,2023-09-27,2023-10-15,2023-10-23,8,Presidential,354859,10,319373,2554985,Leisure,Individual Guest,Corporate Agreement,Completed,South African,3,POS,Direct Booking,October,2023,%Q,Q4
BK03421,2023-09-12,2023-09-16,2023-09-25,9,Executive,95794,10,86215,775931,Government,PZ Cussons,Direct,Completed,German,1,Corporate Account,Emeka Okonkwo,September,2023,%Q,Q3
BK03422,2024-01-31,2024-03-31,2024-04-08,8,Deluxe,91425,10,82282,658260,Leisure,Individual Guest,Online Travel Agent,Completed,Nigerian,4,Bank Transfer,Tunde Adeyemi,March,2024,%Q,Q1
BK03423,2023-02-16,2023-04-16,2023-04-18,2,Standard,59494,10,53545,107089,Corporate,NNPC,Walk In,Completed,Nigerian,1,Credit Card,Amaka Osei,April,2023,%Q,Q2
BK03424,2023-10-16,2023-10-21,2023-10-26,5,Suite,141901,10,127711,638554,MICE,NNPC,Direct,Completed,Nigerian,3,POS,Direct Booking,October,2023,%Q,Q4
BK03425,2023-12-24,2024-02-21,2024-03-04,12,Suite,144512,15,122835,1474022,Government,Guinness Nigeria,Direct,Completed,South African,2,Credit Card,Amaka Osei,February,2024,%Q,Q1
BK03426,2023-07-13,2023-09-07,2023-09-08,1,Standard,55194,5,52434,52434,Group,Individual Guest,Corporate Agreement,Completed,Nigerian,2,Cash,Emeka Okonkwo,September,2023,%Q,Q3
BK03427,2023-03-17,2023-04-25,2023-05-07,12,Executive,124908,20,99926,0,Corporate,Oando PLC,Corporate Agreement,Cancelled,Nigerian,3,Credit Card,Emeka Okonkwo,April,2023,%Q,Q2
BK03428,2024-04-06,2024-05-22,2024-06-03,12,Deluxe,76425,5,72604,871245,MICE,9mobile,Online Travel Agent,Completed,Nigerian,2,Credit Card,Direct Booking,May,2024,%Q,Q2
BK03429,2024-10-12,2024-11-05,2024-11-18,13,Presidential,368812,0,368812,4794556,Group,Individual Guest,Direct,Completed,Chinese,2,Cash,Tunde Adeyemi,November,2024,%Q,Q4
BK03430,2024-04-14,2024-05-08,2024-05-18,10,Executive,97187,10,87468,874683,Leisure,Individual Guest,Corporate Agreement,Completed,Nigerian,4,Cash,Tunde Adeyemi,May,2024,%Q,Q2
BK03431,2023-03-14,2023-05-09,2023-05-11,2,Standard,57733,15,49073,98146,Corporate,Air Peace,Travel Agent,Completed,British,3,Cash,Tunde Adeyemi,May,2023,%Q,Q2
BK03432,2023-10-24,2023-11-06,2023-11-13,7,Presidential,390277,5,370763,2595342,Group,Individual Guest,Direct,Completed,Nigerian,3,Cash,Direct Booking,November,2023,%Q,Q4
BK03433,2023-01-01,2023-01-06,2023-01-20,14,Deluxe,89637,5,85155,0,Group,Individual Guest,Direct,No Show,American,4,POS,Amaka Osei,January,2023,%Q,Q1
BK03434,2024-07-28,2024-08-20,2024-08-23,3,Suite,128266,0,128266,384798,Group,Individual Guest,Direct,Completed,Nigerian,1,Corporate Account,Tunde Adeyemi,August,2024,%Q,Q3
BK03435,2023-02-14,2023-02-19,2023-03-02,11,Standard,46814,10,42133,463459,Corporate,Airtel Nigeria,Online Travel Agent,Completed,Kenyan,3,Credit Card,Emeka Okonkwo,February,2023,%Q,Q1
BK03436,2024-08-29,2024-09-30,2024-10-11,11,Standard,49565,20,39652,436172,Government,Guinness Nigeria,Corporate Agreement,Confirmed,British,3,Credit Card,Tunde Adeyemi,September,2024,%Q,Q3
BK03437,2023-12-15,2024-01-20,2024-02-03,14,Presidential,263430,0,263430,3688020,MICE,Lagos State Government,Direct,Completed,Chinese,3,Bank Transfer,Amaka Osei,January,2024,%Q,Q1
BK03438,2024-05-25,2024-06-25,2024-06-27,2,Executive,111057,10,99951,199903,Group,Individual Guest,Walk In,Completed,Nigerian,1,Corporate Account,Chioma Eze,June,2024,%Q,Q2
BK03439,2023-05-18,2023-05-22,2023-05-25,3,Presidential,393379,0,393379,1180137,Corporate,Nestle Nigeria,Direct,Confirmed,Nigerian,3,Corporate Account,Direct Booking,May,2023,%Q,Q2
BK03440,2024-05-03,2024-05-07,2024-05-14,7,Deluxe,70952,20,56762,397331,Corporate,Federal Ministry of Works,Direct,Completed,British,4,Credit Card,Fatima Bello,May,2024,%Q,Q2
BK03441,2023-05-16,2023-07-13,2023-07-19,6,Presidential,267332,10,240599,1443593,Leisure,Individual Guest,Direct,Completed,Ghanaian,1,Credit Card,Tunde Adeyemi,July,2023,%Q,Q3
BK03442,2023-08-11,2023-08-22,2023-09-02,11,Suite,129169,5,122711,1349816,MICE,Shell Nigeria,Corporate Agreement,Completed,Nigerian,2,Bank Transfer,Emeka Okonkwo,August,2023,%Q,Q3
BK03443,2024-08-10,2024-09-08,2024-09-12,4,Presidential,318167,10,286350,1145401,Group,Individual Guest,Online Travel Agent,Completed,Kenyan,2,Cash,Tunde Adeyemi,September,2024,%Q,Q3
BK03444,2024-02-13,2024-02-29,2024-03-13,13,Suite,139744,10,125770,1635005,Group,Individual Guest,Walk In,Completed,Ghanaian,4,Corporate Account,Direct Booking,February,2024,%Q,Q1
BK03445,2023-03-01,2023-04-26,2023-05-10,14,Standard,47437,10,42693,0,Corporate,Guinness Nigeria,Online Travel Agent,Cancelled,Nigerian,1,POS,Direct Booking,April,2023,%Q,Q2
BK03446,2024-06-29,2024-07-29,2024-08-06,8,Standard,55942,15,47551,380406,Corporate,9mobile,Corporate Agreement,Completed,American,2,Corporate Account,Direct Booking,July,2024,%Q,Q3
BK03447,2024-04-29,2024-06-27,2024-07-05,8,Presidential,263665,5,250482,2003854,Corporate,9mobile,Corporate Agreement,Completed,Nigerian,4,Cash,Direct Booking,June,2024,%Q,Q2
BK03448,2024-04-17,2024-04-24,2024-04-27,3,Executive,106703,10,96033,288098,Government,Lagos State Government,Direct,Completed,Nigerian,3,POS,Chioma Eze,April,2024,%Q,Q2
BK03449,2024-07-02,2024-07-02,2024-07-15,13,Deluxe,90397,15,76837,998887,Corporate,Honeywell Group,Direct,Completed,Nigerian,3,Credit Card,Fatima Bello,July,2024,%Q,Q3
BK03450,2024-06-28,2024-08-15,2024-08-21,6,Suite,124420,0,124420,746520,Leisure,Individual Guest,Direct,Completed,American,1,Bank Transfer,Chioma Eze,August,2024,%Q,Q3
BK03451,2024-04-22,2024-05-05,2024-05-16,11,Executive,124887,0,124887,1373757,Corporate,NNPC,Online Travel Agent,Confirmed,Indian,1,Corporate Account,Emeka Okonkwo,May,2024,%Q,Q2
BK03452,2023-04-15,2023-06-14,2023-06-20,6,Presidential,326457,5,310134,0,Group,Individual Guest,Direct,Cancelled,Ghanaian,3,Bank Transfer,Fatima Bello,June,2023,%Q,Q2
BK03453,2023-07-28,2023-09-13,2023-09-14,1,Presidential,288313,0,288313,0,Leisure,Individual Guest,Direct,Cancelled,British,4,POS,Tunde Adeyemi,September,2023,%Q,Q3
BK03454,2023-06-18,2023-06-25,2023-07-08,13,Standard,60456,0,60456,785928,Group,Individual Guest,Direct,Completed,Nigerian,4,Credit Card,Emeka Okonkwo,June,2023,%Q,Q2
BK03455,2023-10-03,2023-10-25,2023-11-03,9,Deluxe,76025,20,60820,547380,Corporate,Nestle Nigeria,Corporate Agreement,Confirmed,Kenyan,2,Cash,Fatima Bello,October,2023,%Q,Q4
BK03456,2024-03-04,2024-04-26,2024-05-01,5,Standard,59314,0,59314,0,Group,Individual Guest,Corporate Agreement,Cancelled,Nigerian,3,Corporate Account,Tunde Adeyemi,April,2024,%Q,Q2
BK03457,2023-04-25,2023-06-10,2023-06-20,10,Suite,143165,20,114532,1145320,Corporate,Air Peace,Online Travel Agent,Confirmed,Nigerian,3,Bank Transfer,Fatima Bello,June,2023,%Q,Q2
BK03458,2023-09-12,2023-09-20,2023-10-02,12,Deluxe,84066,10,75659,907913,Government,Lafarge Africa,Direct,Completed,Nigerian,2,Credit Card,Emeka Okonkwo,September,2023,%Q,Q3
BK03459,2023-11-17,2023-11-26,2023-11-27,1,Presidential,310532,15,263952,263952,Corporate,Julius Berger,Corporate Agreement,Completed,Kenyan,2,Cash,Direct Booking,November,2023,%Q,Q4
BK03460,2023-11-22,2023-12-05,2023-12-18,13,Presidential,280075,0,280075,3640975,Airline Crew,Shell Nigeria,Corporate Agreement,Completed,Kenyan,4,Corporate Account,Amaka Osei,December,2023,%Q,Q4
BK03461,2023-03-15,2023-05-07,2023-05-14,7,Executive,120264,0,120264,841848,MICE,Transcorp Hotels,Online Travel Agent,Completed,Nigerian,3,Cash,Amaka Osei,May,2023,%Q,Q2
BK03462,2023-07-18,2023-09-16,2023-09-18,2,Standard,57764,10,51988,103975,Corporate,Lagos State Government,Online Travel Agent,Completed,Nigerian,3,Cash,Fatima Bello,September,2023,%Q,Q3
BK03463,2024-07-13,2024-07-19,2024-07-20,1,Suite,167767,10,150990,150990,Group,Individual Guest,Direct,Completed,British,1,Credit Card,Emeka Okonkwo,July,2024,%Q,Q3
BK03464,2023-05-07,2023-05-13,2023-05-18,5,Standard,56752,5,53914,269572,Corporate,Air Peace,Walk In,Completed,Nigerian,1,Corporate Account,Fatima Bello,May,2023,%Q,Q2
BK03465,2023-03-14,2023-05-06,2023-05-12,6,Deluxe,93211,20,74569,447413,Corporate,Chevron Nigeria,Corporate Agreement,Completed,Nigerian,3,Bank Transfer,Fatima Bello,May,2023,%Q,Q2
BK03466,2024-06-16,2024-07-15,2024-07-19,4,Executive,114933,5,109186,436745,Corporate,FBN Holdings,Walk In,Completed,Kenyan,4,Corporate Account,Chioma Eze,July,2024,%Q,Q3
BK03467,2023-10-21,2023-12-15,2023-12-27,12,Deluxe,89523,10,80571,966848,Leisure,Individual Guest,Direct,Completed,French,3,Cash,Tunde Adeyemi,December,2023,%Q,Q4
BK03468,2024-10-11,2024-12-03,2024-12-10,7,Deluxe,85171,0,85171,596197,Leisure,Individual Guest,Online Travel Agent,Completed,Nigerian,4,Bank Transfer,Tunde Adeyemi,December,2024,%Q,Q4
BK03469,2024-06-27,2024-06-28,2024-07-08,10,Deluxe,70651,0,70651,706510,Corporate,9mobile,Online Travel Agent,Completed,Ghanaian,4,POS,Amaka Osei,June,2024,%Q,Q2
BK03470,2024-07-06,2024-07-10,2024-07-17,7,Suite,174186,20,139349,975442,Government,Total Energies,Travel Agent,Completed,Nigerian,3,Cash,Direct Booking,July,2024,%Q,Q3
BK03471,2023-11-14,2024-01-09,2024-01-19,10,Deluxe,71480,0,71480,714800,Corporate,9mobile,Online Travel Agent,Completed,Nigerian,1,POS,Fatima Bello,January,2024,%Q,Q1
BK03472,2024-10-08,2024-11-27,2024-12-01,4,Executive,109647,0,109647,438588,Corporate,GTCO,Online Travel Agent,Completed,Indian,3,Cash,Emeka Okonkwo,November,2024,%Q,Q4
BK03473,2023-03-31,2023-03-31,2023-04-07,7,Presidential,399418,0,399418,2795926,Airline Crew,9mobile,Corporate Agreement,Completed,French,3,Bank Transfer,Amaka Osei,March,2023,%Q,Q1
BK03474,2023-05-17,2023-07-05,2023-07-07,2,Deluxe,76600,5,72770,145540,Leisure,Individual Guest,Travel Agent,Completed,Nigerian,3,Credit Card,Fatima Bello,July,2023,%Q,Q3
BK03475,2024-02-01,2024-03-19,2024-03-30,11,Standard,49256,5,46793,514725,Group,Individual Guest,Travel Agent,Completed,British,1,Credit Card,Direct Booking,March,2024,%Q,Q1
BK03476,2023-08-19,2023-10-15,2023-10-22,7,Standard,48828,5,46387,324706,Group,Individual Guest,Corporate Agreement,Completed,South African,2,POS,Emeka Okonkwo,October,2023,%Q,Q4
BK03477,2023-02-19,2023-04-18,2023-04-29,11,Suite,165608,10,149047,1639519,Leisure,Individual Guest,Travel Agent,Confirmed,Kenyan,4,POS,Tunde Adeyemi,April,2023,%Q,Q2
BK03478,2024-05-24,2024-06-15,2024-06-26,11,Deluxe,86821,10,78139,859528,Leisure,Individual Guest,Walk In,Completed,Kenyan,1,Corporate Account,Fatima Bello,June,2024,%Q,Q2
BK03479,2023-09-07,2023-09-22,2023-10-05,13,Presidential,372529,0,372529,0,Leisure,Individual Guest,Corporate Agreement,No Show,French,4,Bank Transfer,Amaka Osei,September,2023,%Q,Q3
BK03480,2024-05-05,2024-05-23,2024-06-02,10,Presidential,327906,0,327906,3279060,MICE,Airtel Nigeria,Walk In,Completed,American,1,Cash,Chioma Eze,May,2024,%Q,Q2
BK03481,2024-03-01,2024-04-07,2024-04-14,7,Deluxe,94373,5,89654,627580,Leisure,Individual Guest,Travel Agent,Completed,Nigerian,3,Credit Card,Direct Booking,April,2024,%Q,Q2
BK03482,2023-12-24,2023-12-30,2024-01-09,10,Executive,97031,20,77625,0,Government,Flour Mills Nigeria,Corporate Agreement,No Show,French,3,POS,Tunde Adeyemi,December,2023,%Q,Q4
BK03483,2024-08-20,2024-10-14,2024-10-26,12,Presidential,264205,5,250995,3011937,Leisure,Individual Guest,Travel Agent,Completed,Indian,3,POS,Chioma Eze,October,2024,%Q,Q4
BK03484,2024-05-20,2024-06-03,2024-06-16,13,Executive,116618,0,116618,1516034,Leisure,Individual Guest,Corporate Agreement,Completed,Nigerian,2,Cash,Fatima Bello,June,2024,%Q,Q2
BK03485,2024-10-24,2024-11-24,2024-11-25,1,Deluxe,71860,0,71860,71860,Airline Crew,Nigerian Breweries,Travel Agent,Completed,Nigerian,2,Bank Transfer,Emeka Okonkwo,November,2024,%Q,Q4
BK03486,2024-09-24,2024-11-04,2024-11-05,1,Standard,61119,0,61119,0,Leisure,Individual Guest,Corporate Agreement,Cancelled,Nigerian,3,POS,Tunde Adeyemi,November,2024,%Q,Q4
BK03487,2023-01-01,2023-01-14,2023-01-18,4,Deluxe,83395,0,83395,333580,Leisure,Individual Guest,Direct,Completed,British,2,Bank Transfer,Direct Booking,January,2023,%Q,Q1
BK03488,2023-03-23,2023-03-31,2023-04-13,13,Executive,115647,5,109865,0,Corporate,Oando PLC,Corporate Agreement,No Show,American,4,Cash,Amaka Osei,March,2023,%Q,Q1
BK03489,2023-08-13,2023-09-26,2023-10-06,10,Standard,51172,0,51172,0,Corporate,Nestle Nigeria,Online Travel Agent,No Show,Nigerian,3,POS,Emeka Okonkwo,September,2023,%Q,Q3
BK03490,2024-07-08,2024-08-22,2024-08-26,4,Suite,140575,5,133546,534185,Leisure,Individual Guest,Walk In,Completed,Nigerian,1,Bank Transfer,Tunde Adeyemi,August,2024,%Q,Q3
BK03491,2023-04-11,2023-04-27,2023-05-05,8,Standard,51375,5,48806,390450,Leisure,Individual Guest,Walk In,Completed,Ghanaian,4,Cash,Fatima Bello,April,2023,%Q,Q2
BK03492,2023-04-14,2023-04-24,2023-05-07,13,Standard,63055,5,59902,778729,Leisure,Individual Guest,Corporate Agreement,Completed,Indian,1,Corporate Account,Tunde Adeyemi,April,2023,%Q,Q2
BK03493,2023-11-01,2023-11-29,2023-11-30,1,Executive,101774,15,86508,86508,Government,Chevron Nigeria,Walk In,Completed,Nigerian,3,Bank Transfer,Tunde Adeyemi,November,2023,%Q,Q4
BK03494,2023-10-05,2023-10-31,2023-11-05,5,Presidential,342458,0,342458,1712290,Corporate,MTN Nigeria,Online Travel Agent,Completed,Nigerian,3,POS,Chioma Eze,October,2023,%Q,Q4
BK03495,2023-04-27,2023-05-10,2023-05-17,7,Suite,148095,5,140690,984832,Corporate,Honeywell Group,Online Travel Agent,Completed,Ghanaian,2,Credit Card,Chioma Eze,May,2023,%Q,Q2
BK03496,2024-03-21,2024-05-14,2024-05-21,7,Deluxe,88892,0,88892,622244,Group,Individual Guest,Corporate Agreement,Confirmed,Nigerian,2,POS,Amaka Osei,May,2024,%Q,Q2
BK03497,2024-01-21,2024-02-14,2024-02-24,10,Deluxe,83896,15,71312,0,Government,Air Peace,Corporate Agreement,Cancelled,Nigerian,3,Corporate Account,Fatima Bello,February,2024,%Q,Q1
BK03498,2024-10-29,2024-11-23,2024-11-24,1,Standard,60004,0,60004,60004,MICE,Conoil,Walk In,Completed,Nigerian,3,Bank Transfer,Direct Booking,November,2024,%Q,Q4
BK03499,2023-06-23,2023-06-26,2023-06-27,1,Deluxe,89137,5,84680,84680,MICE,Flour Mills Nigeria,Direct,Completed,Nigerian,1,Credit Card,Emeka Okonkwo,June,2023,%Q,Q2
BK03500,2023-07-02,2023-07-06,2023-07-18,12,Presidential,300760,10,270684,3248208,Group,Individual Guest,Travel Agent,Completed,British,2,Bank Transfer,Direct Booking,July,2023,%Q,Q3
BK03501,2023-12-12,2024-01-22,2024-02-04,13,Presidential,288458,20,230766,0,Corporate,Glo Mobile,Online Travel Agent,Cancelled,Nigerian,1,Bank Transfer,Emeka Okonkwo,January,2024,%Q,Q1
BK03502,2023-04-07,2023-05-09,2023-05-12,3,Deluxe,91376,5,86807,260422,Leisure,Individual Guest,Direct,Completed,South African,3,Cash,Chioma Eze,May,2023,%Q,Q2
BK03503,2024-05-13,2024-07-08,2024-07-17,9,Executive,105912,10,95321,857887,Government,Shell Nigeria,Direct,Confirmed,Nigerian,1,POS,Direct Booking,July,2024,%Q,Q3
BK03504,2023-05-16,2023-06-21,2023-06-28,7,Presidential,263897,15,224312,1570187,Government,Flour Mills Nigeria,Online Travel Agent,Completed,Nigerian,3,Credit Card,Chioma Eze,June,2023,%Q,Q2
BK03505,2023-12-31,2024-02-23,2024-02-24,1,Presidential,359302,0,359302,359302,MICE,Air Peace,Travel Agent,Completed,Indian,3,Credit Card,Emeka Okonkwo,February,2024,%Q,Q1
BK03506,2023-06-02,2023-07-01,2023-07-07,6,Deluxe,84845,5,80603,483616,Leisure,Individual Guest,Online Travel Agent,Completed,Nigerian,1,Cash,Fatima Bello,July,2023,%Q,Q3
BK03507,2023-01-01,2023-01-04,2023-01-17,13,Presidential,321456,10,289310,3761035,Leisure,Individual Guest,Online Travel Agent,Completed,Kenyan,2,Bank Transfer,Emeka Okonkwo,January,2023,%Q,Q1
BK03508,2024-05-03,2024-06-10,2024-06-19,9,Executive,105037,5,99785,0,Leisure,Individual Guest,Online Travel Agent,Cancelled,Ghanaian,2,POS,Tunde Adeyemi,June,2024,%Q,Q2
BK03509,2024-11-30,2024-12-04,2024-12-16,12,Executive,111853,0,111853,1342236,Corporate,Air Peace,Direct,Confirmed,Nigerian,4,POS,Direct Booking,December,2024,%Q,Q4
BK03510,2023-10-24,2023-12-09,2023-12-16,7,Executive,128771,20,103017,721118,Corporate,Julius Berger,Travel Agent,Confirmed,British,4,Cash,Emeka Okonkwo,December,2023,%Q,Q4
BK03511,2024-01-08,2024-01-12,2024-01-23,11,Deluxe,85276,0,85276,0,Leisure,Individual Guest,Direct,Cancelled,Nigerian,3,Credit Card,Chioma Eze,January,2024,%Q,Q1
BK03512,2023-12-06,2024-01-18,2024-01-29,11,Suite,125452,10,112907,1241975,MICE,Air Peace,Corporate Agreement,Confirmed,Indian,1,Cash,Fatima Bello,January,2024,%Q,Q1
BK03513,2024-01-27,2024-03-26,2024-03-27,1,Standard,60442,0,60442,60442,Corporate,Lagos State Government,Travel Agent,Completed,Nigerian,4,Corporate Account,Amaka Osei,March,2024,%Q,Q1
BK03514,2023-01-05,2023-02-26,2023-03-06,8,Suite,123815,15,105243,841942,Corporate,Guinness Nigeria,Online Travel Agent,Completed,Nigerian,4,POS,Emeka Okonkwo,February,2023,%Q,Q1
BK03515,2024-11-06,2024-12-17,2024-12-20,3,Suite,147019,15,124966,374898,Corporate,Dangote Group,Direct,Completed,Nigerian,1,Bank Transfer,Fatima Bello,December,2024,%Q,Q4
BK03516,2023-02-16,2023-02-22,2023-03-08,14,Executive,118731,5,112794,1579122,Corporate,Total Energies,Direct,Confirmed,Nigerian,4,POS,Chioma Eze,February,2023,%Q,Q1
BK03517,2024-10-05,2024-12-03,2024-12-16,13,Deluxe,93046,0,93046,0,Group,Individual Guest,Direct,Cancelled,German,4,POS,Tunde Adeyemi,December,2024,%Q,Q4
BK03518,2024-08-24,2024-10-01,2024-10-14,13,Executive,112631,0,112631,1464203,Group,Individual Guest,Corporate Agreement,Completed,Kenyan,4,Credit Card,Chioma Eze,October,2024,%Q,Q4
BK03519,2024-07-16,2024-09-01,2024-09-15,14,Executive,115265,0,115265,1613710,Corporate,Chevron Nigeria,Online Travel Agent,Completed,American,2,Cash,Fatima Bello,September,2024,%Q,Q3
BK03520,2023-09-21,2023-10-16,2023-10-18,2,Suite,127405,5,121035,242070,Corporate,Lafarge Africa,Direct,Completed,Ghanaian,1,Cash,Direct Booking,October,2023,%Q,Q4
BK03521,2023-07-05,2023-09-02,2023-09-10,8,Presidential,310232,5,294720,2357763,MICE,NNPC,Online Travel Agent,Completed,British,4,POS,Direct Booking,September,2023,%Q,Q3
BK03522,2024-05-14,2024-06-30,2024-07-02,2,Executive,95314,0,95314,190628,MICE,Airtel Nigeria,Travel Agent,Completed,Ghanaian,1,Cash,Emeka Okonkwo,June,2024,%Q,Q2
BK03523,2024-05-09,2024-06-17,2024-06-22,5,Executive,128830,10,115947,579735,Leisure,Individual Guest,Corporate Agreement,Completed,Nigerian,3,Credit Card,Amaka Osei,June,2024,%Q,Q2
BK03524,2024-01-28,2024-02-15,2024-02-18,3,Standard,56648,0,56648,169944,Leisure,Individual Guest,Direct,Completed,British,2,Corporate Account,Fatima Bello,February,2024,%Q,Q1
BK03525,2023-08-05,2023-09-22,2023-09-28,6,Deluxe,80398,0,80398,482388,Corporate,Seplat Energy,Direct,Completed,French,3,Bank Transfer,Amaka Osei,September,2023,%Q,Q3
BK03526,2024-06-05,2024-07-01,2024-07-06,5,Executive,128533,0,128533,642665,Group,Individual Guest,Corporate Agreement,Completed,British,2,Bank Transfer,Tunde Adeyemi,July,2024,%Q,Q3
BK03527,2024-08-06,2024-08-13,2024-08-20,7,Presidential,304957,5,289709,2027964,Corporate,Oando PLC,Direct,Completed,Nigerian,1,Bank Transfer,Fatima Bello,August,2024,%Q,Q3
BK03528,2023-04-08,2023-06-01,2023-06-12,11,Executive,112347,20,89878,988654,Corporate,Honeywell Group,Direct,Completed,Nigerian,2,Cash,Chioma Eze,June,2023,%Q,Q2
BK03529,2024-04-18,2024-06-13,2024-06-27,14,Executive,101683,10,91515,1281206,Group,Individual Guest,Direct,Confirmed,South African,3,Corporate Account,Chioma Eze,June,2024,%Q,Q2
BK03530,2024-06-08,2024-07-06,2024-07-11,5,Suite,145335,15,123535,617674,Corporate,Total Energies,Walk In,Completed,Indian,3,POS,Emeka Okonkwo,July,2024,%Q,Q3
BK03531,2023-06-18,2023-07-04,2023-07-06,2,Executive,100146,5,95139,190277,Leisure,Individual Guest,Online Travel Agent,Completed,Ghanaian,2,Credit Card,Chioma Eze,July,2023,%Q,Q3
BK03532,2024-02-01,2024-04-01,2024-04-15,14,Executive,127993,0,127993,1791902,Leisure,Individual Guest,Corporate Agreement,Completed,Nigerian,3,Corporate Account,Emeka Okonkwo,April,2024,%Q,Q2
BK03533,2023-09-11,2023-10-13,2023-10-19,6,Suite,177899,10,160109,960655,Leisure,Individual Guest,Direct,Completed,Nigerian,2,POS,Amaka Osei,October,2023,%Q,Q4
BK03534,2024-11-13,2024-12-09,2024-12-13,4,Standard,55757,0,55757,0,Airline Crew,NNPC,Online Travel Agent,Cancelled,American,2,POS,Amaka Osei,December,2024,%Q,Q4
BK03535,2023-12-19,2024-01-21,2024-01-25,4,Presidential,257134,15,218564,874256,Corporate,FBN Holdings,Online Travel Agent,Completed,South African,2,POS,Emeka Okonkwo,January,2024,%Q,Q1
BK03536,2024-10-21,2024-11-16,2024-11-22,6,Standard,47290,5,44926,269553,Airline Crew,Federal Ministry of Works,Online Travel Agent,Completed,American,1,Credit Card,Direct Booking,November,2024,%Q,Q4
BK03537,2023-01-03,2023-01-29,2023-02-09,11,Suite,160192,15,136163,1497795,Corporate,Air Peace,Walk In,Completed,Nigerian,2,Credit Card,Amaka Osei,January,2023,%Q,Q1
BK03538,2024-09-27,2024-10-12,2024-10-17,5,Deluxe,71732,20,57386,286928,Corporate,Seplat Energy,Direct,Completed,French,1,Corporate Account,Direct Booking,October,2024,%Q,Q4
BK03539,2024-01-18,2024-02-28,2024-03-10,11,Deluxe,79314,5,75348,828831,Corporate,9mobile,Travel Agent,Completed,Ghanaian,1,Credit Card,Amaka Osei,February,2024,%Q,Q1
BK03540,2024-07-10,2024-07-10,2024-07-22,12,Executive,107190,0,107190,1286280,Leisure,Individual Guest,Travel Agent,Completed,Nigerian,1,Corporate Account,Emeka Okonkwo,July,2024,%Q,Q3
BK03541,2024-11-22,2024-12-14,2024-12-19,5,Presidential,383865,5,364672,1823359,Corporate,Lagos State Government,Online Travel Agent,Completed,Nigerian,1,Bank Transfer,Chioma Eze,December,2024,%Q,Q4
BK03542,2024-08-31,2024-10-05,2024-10-19,14,Presidential,296142,20,236914,3316790,Corporate,Zenith Bank,Walk In,Completed,Nigerian,4,Corporate Account,Fatima Bello,October,2024,%Q,Q4
BK03543,2023-01-01,2023-02-12,2023-02-18,6,Presidential,321436,10,289292,1735754,Leisure,Individual Guest,Corporate Agreement,Completed,South African,2,POS,Tunde Adeyemi,February,2023,%Q,Q1
BK03544,2023-08-26,2023-10-21,2023-10-29,8,Standard,55758,0,55758,446064,Corporate,PZ Cussons,Direct,Confirmed,American,4,POS,Fatima Bello,October,2023,%Q,Q4
BK03545,2023-05-05,2023-06-21,2023-06-25,4,Deluxe,70549,20,56439,225757,Corporate,NNPC,Online Travel Agent,Completed,German,4,Corporate Account,Tunde Adeyemi,June,2023,%Q,Q2
BK03546,2024-01-07,2024-02-03,2024-02-06,3,Presidential,338584,0,338584,1015752,Corporate,Shell Nigeria,Corporate Agreement,Completed,German,2,Credit Card,Direct Booking,February,2024,%Q,Q1
BK03547,2024-05-04,2024-06-01,2024-06-09,8,Presidential,309374,0,309374,2474992,MICE,Seplat Energy,Walk In,Completed,Nigerian,2,POS,Tunde Adeyemi,June,2024,%Q,Q2
BK03548,2023-08-21,2023-09-30,2023-10-11,11,Suite,173298,15,147303,1620336,Government,Nigerian Ports Authority,Online Travel Agent,Completed,Nigerian,4,Credit Card,Tunde Adeyemi,September,2023,%Q,Q3
BK03549,2024-09-02,2024-10-21,2024-11-02,12,Standard,46832,15,39807,477686,Corporate,Lafarge Africa,Online Travel Agent,Completed,British,2,Bank Transfer,Tunde Adeyemi,October,2024,%Q,Q4
BK03550,2023-07-05,2023-08-14,2023-08-26,12,Deluxe,75577,0,75577,906924,Leisure,Individual Guest,Travel Agent,Completed,Chinese,2,Cash,Amaka Osei,August,2023,%Q,Q3
BK03551,2023-01-01,2023-02-12,2023-02-25,13,Deluxe,80848,15,68721,893370,Corporate,UBA Group,Online Travel Agent,Completed,American,4,Credit Card,Direct Booking,February,2023,%Q,Q1
BK03552,2024-10-08,2024-10-26,2024-10-27,1,Standard,48407,0,48407,48407,Leisure,Individual Guest,Online Travel Agent,Completed,Indian,4,POS,Chioma Eze,October,2024,%Q,Q4
BK03553,2024-01-04,2024-02-14,2024-02-28,14,Executive,110259,0,110259,1543626,Leisure,Individual Guest,Walk In,Completed,Nigerian,3,Bank Transfer,Fatima Bello,February,2024,%Q,Q1
BK03554,2024-04-13,2024-06-11,2024-06-22,11,Suite,168898,0,168898,1857878,Group,Individual Guest,Direct,Completed,Nigerian,1,POS,Tunde Adeyemi,June,2024,%Q,Q2
BK03555,2023-09-10,2023-10-18,2023-10-27,9,Suite,143085,10,128776,1158988,Leisure,Individual Guest,Online Travel Agent,Completed,Nigerian,2,Credit Card,Emeka Okonkwo,October,2023,%Q,Q4
BK03556,2023-08-20,2023-09-26,2023-10-02,6,Presidential,323150,0,323150,1938900,Airline Crew,Federal Ministry of Works,Online Travel Agent,Completed,Nigerian,3,POS,Fatima Bello,September,2023,%Q,Q3
BK03557,2023-02-22,2023-03-02,2023-03-04,2,Standard,52385,0,52385,104770,MICE,PZ Cussons,Direct,Completed,Nigerian,4,POS,Direct Booking,March,2023,%Q,Q1
BK03558,2023-12-17,2024-01-20,2024-01-23,3,Deluxe,78118,10,70306,210919,Leisure,Individual Guest,Direct,Completed,French,1,Bank Transfer,Fatima Bello,January,2024,%Q,Q1
BK03559,2024-09-21,2024-11-20,2024-11-21,1,Standard,56992,0,56992,56992,MICE,Lafarge Africa,Travel Agent,Completed,Nigerian,1,Corporate Account,Emeka Okonkwo,November,2024,%Q,Q4
BK03560,2024-09-15,2024-10-13,2024-10-24,11,Executive,105859,10,95273,1048004,Leisure,Individual Guest,Walk In,Completed,Chinese,4,POS,Chioma Eze,October,2024,%Q,Q4
BK03561,2023-11-29,2024-01-12,2024-01-20,8,Presidential,327546,0,327546,2620368,Leisure,Individual Guest,Corporate Agreement,Completed,British,1,Cash,Chioma Eze,January,2024,%Q,Q1
BK03562,2023-11-13,2023-11-28,2023-12-09,11,Executive,103782,10,93404,1027442,Leisure,Individual Guest,Online Travel Agent,Completed,Nigerian,1,Cash,Chioma Eze,November,2023,%Q,Q4
BK03563,2023-07-27,2023-08-18,2023-08-28,10,Deluxe,92599,0,92599,925990,Corporate,Nigerian Ports Authority,Walk In,Confirmed,Chinese,2,POS,Direct Booking,August,2023,%Q,Q3
BK03564,2024-01-19,2024-02-08,2024-02-19,11,Standard,47198,0,47198,519178,Group,Individual Guest,Direct,Completed,Ghanaian,3,Corporate Account,Chioma Eze,February,2024,%Q,Q1
BK03565,2023-11-21,2023-11-24,2023-11-27,3,Deluxe,71322,0,71322,213966,MICE,Nestle Nigeria,Online Travel Agent,Completed,British,2,Corporate Account,Chioma Eze,November,2023,%Q,Q4
BK03566,2024-04-21,2024-06-09,2024-06-21,12,Presidential,287092,5,272737,0,Corporate,Dangote Group,Corporate Agreement,Cancelled,American,1,Credit Card,Tunde Adeyemi,June,2024,%Q,Q2
BK03567,2023-10-19,2023-10-19,2023-10-24,5,Deluxe,89095,0,89095,0,Corporate,NNPC,Corporate Agreement,No Show,Ghanaian,3,POS,Amaka Osei,October,2023,%Q,Q4
BK03568,2023-05-16,2023-06-30,2023-07-13,13,Standard,63077,20,50462,656001,Government,Nigerian Ports Authority,Corporate Agreement,Completed,Nigerian,1,Cash,Fatima Bello,June,2023,%Q,Q2
BK03569,2023-01-01,2023-01-28,2023-02-02,5,Executive,111572,0,111572,557860,Corporate,PZ Cussons,Online Travel Agent,Completed,Nigerian,1,POS,Amaka Osei,January,2023,%Q,Q1
BK03570,2023-07-09,2023-07-28,2023-08-10,13,Deluxe,78584,0,78584,1021592,MICE,Nigerian Ports Authority,Direct,Completed,British,4,POS,Direct Booking,July,2023,%Q,Q3
BK03571,2024-03-14,2024-04-17,2024-04-24,7,Executive,100713,20,80570,563993,Corporate,PZ Cussons,Direct,Completed,South African,2,Bank Transfer,Tunde Adeyemi,April,2024,%Q,Q2
BK03572,2023-02-13,2023-03-30,2023-04-11,12,Deluxe,86465,20,69172,830064,Corporate,Guinness Nigeria,Direct,Confirmed,Kenyan,2,Bank Transfer,Fatima Bello,March,2023,%Q,Q1
BK03573,2024-06-19,2024-06-22,2024-07-02,10,Presidential,392877,0,392877,3928770,Group,Individual Guest,Corporate Agreement,Completed,American,2,Cash,Chioma Eze,June,2024,%Q,Q2
BK03574,2023-03-25,2023-04-30,2023-05-14,14,Standard,63865,0,63865,894110,MICE,Conoil,Direct,Completed,Nigerian,2,Corporate Account,Chioma Eze,April,2023,%Q,Q2
BK03575,2024-03-14,2024-03-28,2024-03-31,3,Executive,121128,0,121128,363384,Leisure,Individual Guest,Walk In,Completed,American,4,Bank Transfer,Direct Booking,March,2024,%Q,Q1
BK03576,2023-01-01,2023-01-12,2023-01-26,14,Deluxe,92635,0,92635,1296890,Leisure,Individual Guest,Corporate Agreement,Completed,French,1,Cash,Emeka Okonkwo,January,2023,%Q,Q1
BK03577,2023-01-16,2023-01-31,2023-02-02,2,Deluxe,75206,0,75206,150412,Corporate,PZ Cussons,Travel Agent,Completed,British,4,Bank Transfer,Emeka Okonkwo,January,2023,%Q,Q1
BK03578,2023-08-21,2023-09-20,2023-09-29,9,Executive,117606,5,111726,1005531,Corporate,Honeywell Group,Travel Agent,Completed,Nigerian,2,Corporate Account,Direct Booking,September,2023,%Q,Q3
BK03579,2023-02-23,2023-03-19,2023-04-02,14,Deluxe,73855,0,73855,1033970,Leisure,Individual Guest,Corporate Agreement,Completed,Indian,1,Bank Transfer,Fatima Bello,March,2023,%Q,Q1
BK03580,2023-09-25,2023-11-20,2023-12-03,13,Executive,97030,0,97030,1261390,Airline Crew,FAAN,Direct,Completed,Nigerian,1,Bank Transfer,Emeka Okonkwo,November,2023,%Q,Q4
BK03581,2024-08-14,2024-08-31,2024-09-10,10,Executive,121011,0,121011,1210110,Leisure,Individual Guest,Travel Agent,Completed,Nigerian,4,Credit Card,Tunde Adeyemi,August,2024,%Q,Q3
BK03582,2023-01-24,2023-01-30,2023-02-07,8,Suite,154269,0,154269,1234152,MICE,Air Peace,Travel Agent,Completed,Nigerian,4,Bank Transfer,Direct Booking,January,2023,%Q,Q1
BK03583,2023-08-31,2023-09-13,2023-09-16,3,Suite,134122,10,120710,362129,MICE,Lagos State Government,Online Travel Agent,Completed,Nigerian,2,POS,Chioma Eze,September,2023,%Q,Q3
BK03584,2024-10-13,2024-10-28,2024-10-31,3,Executive,116958,0,116958,350874,Leisure,Individual Guest,Corporate Agreement,Confirmed,Nigerian,2,Cash,Fatima Bello,October,2024,%Q,Q4
BK03585,2024-05-31,2024-07-17,2024-07-23,6,Suite,143335,10,129002,0,Corporate,Unilever Nigeria,Travel Agent,Cancelled,French,2,Bank Transfer,Emeka Okonkwo,July,2024,%Q,Q3
BK03586,2024-06-05,2024-06-15,2024-06-29,14,Deluxe,84036,0,84036,1176504,Leisure,Individual Guest,Direct,Completed,American,2,Corporate Account,Tunde Adeyemi,June,2024,%Q,Q2
BK03587,2023-09-03,2023-09-04,2023-09-13,9,Standard,53457,10,48111,433002,Group,Individual Guest,Online Travel Agent,Completed,Nigerian,3,Corporate Account,Emeka Okonkwo,September,2023,%Q,Q3
BK03588,2024-02-16,2024-03-17,2024-03-29,12,Suite,126439,0,126439,1517268,Leisure,Individual Guest,Direct,Completed,Nigerian,4,Bank Transfer,Tunde Adeyemi,March,2024,%Q,Q1
BK03589,2023-11-14,2023-12-20,2023-12-23,3,Executive,126508,0,126508,379524,Leisure,Individual Guest,Online Travel Agent,Confirmed,Nigerian,1,Bank Transfer,Fatima Bello,December,2023,%Q,Q4
BK03590,2023-09-12,2023-09-17,2023-09-30,13,Suite,148797,20,119038,1547489,Corporate,Unilever Nigeria,Corporate Agreement,Completed,American,4,Bank Transfer,Amaka Osei,September,2023,%Q,Q3
BK03591,2024-01-20,2024-01-26,2024-01-28,2,Suite,145343,15,123542,247083,Government,Julius Berger,Direct,Completed,Nigerian,1,Corporate Account,Tunde Adeyemi,January,2024,%Q,Q1
BK03592,2023-11-01,2023-12-16,2023-12-22,6,Suite,144843,0,144843,0,Airline Crew,Flour Mills Nigeria,Online Travel Agent,Cancelled,Indian,3,POS,Emeka Okonkwo,December,2023,%Q,Q4
BK03593,2024-05-21,2024-05-26,2024-06-03,8,Suite,172884,20,138307,1106458,Corporate,UBA Group,Corporate Agreement,Completed,British,3,Cash,Chioma Eze,May,2024,%Q,Q2
BK03594,2023-12-03,2023-12-29,2024-01-09,11,Executive,96878,15,82346,905809,Corporate,MTN Nigeria,Direct,Completed,Indian,2,Credit Card,Direct Booking,December,2023,%Q,Q4
BK03595,2023-05-01,2023-06-03,2023-06-07,4,Executive,125905,20,100724,402896,Government,Nestle Nigeria,Corporate Agreement,Completed,American,4,Credit Card,Emeka Okonkwo,June,2023,%Q,Q2
BK03596,2023-08-03,2023-08-26,2023-09-04,9,Standard,64035,15,54430,489868,Corporate,Seplat Energy,Travel Agent,Confirmed,Nigerian,1,POS,Amaka Osei,August,2023,%Q,Q3
BK03597,2024-11-28,2024-11-30,2024-12-06,6,Presidential,279753,20,223802,1342814,Corporate,Federal Ministry of Works,Travel Agent,Completed,Kenyan,3,Credit Card,Amaka Osei,November,2024,%Q,Q4
BK03598,2024-08-31,2024-10-05,2024-10-10,5,Suite,132374,20,105899,529496,Government,Transcorp Hotels,Direct,Completed,American,3,Corporate Account,Tunde Adeyemi,October,2024,%Q,Q4
BK03599,2024-10-17,2024-11-07,2024-11-17,10,Standard,54990,0,54990,0,MICE,9mobile,Corporate Agreement,No Show,Nigerian,3,Cash,Fatima Bello,November,2024,%Q,Q4
BK03600,2023-02-08,2023-03-28,2023-04-09,12,Executive,118181,0,118181,1418172,MICE,Nestle Nigeria,Direct,Completed,Nigerian,4,Bank Transfer,Amaka Osei,March,2023,%Q,Q1
BK03601,2024-10-12,2024-10-25,2024-11-02,8,Suite,140056,0,140056,1120448,Leisure,Individual Guest,Direct,Completed,South African,2,Credit Card,Fatima Bello,October,2024,%Q,Q4
BK03602,2024-09-30,2024-11-21,2024-11-23,2,Executive,108949,0,108949,217898,Leisure,Individual Guest,Online Travel Agent,Completed,French,4,POS,Fatima Bello,November,2024,%Q,Q4
BK03603,2024-10-11,2024-12-04,2024-12-15,11,Standard,46737,10,42063,462696,Corporate,MTN Nigeria,Walk In,Completed,Nigerian,3,POS,Direct Booking,December,2024,%Q,Q4
BK03604,2024-02-04,2024-04-04,2024-04-11,7,Standard,52844,0,52844,369908,Corporate,FBN Holdings,Travel Agent,Completed,Chinese,3,POS,Chioma Eze,April,2024,%Q,Q2
BK03605,2024-11-28,2024-12-16,2024-12-30,14,Deluxe,90496,10,81446,1140250,Group,Individual Guest,Travel Agent,Completed,Nigerian,2,Cash,Direct Booking,December,2024,%Q,Q4
BK03606,2023-07-13,2023-07-26,2023-08-06,11,Executive,106074,0,106074,1166814,Group,Individual Guest,Corporate Agreement,Completed,Kenyan,1,Corporate Account,Direct Booking,July,2023,%Q,Q3
BK03607,2023-01-24,2023-02-19,2023-02-22,3,Suite,144796,0,144796,434388,Corporate,Oando PLC,Online Travel Agent,Completed,Ghanaian,2,POS,Chioma Eze,February,2023,%Q,Q1
BK03608,2024-05-23,2024-06-21,2024-07-05,14,Standard,62096,0,62096,869344,MICE,FBN Holdings,Corporate Agreement,Confirmed,Nigerian,1,POS,Direct Booking,June,2024,%Q,Q2
BK03609,2024-02-27,2024-03-02,2024-03-04,2,Suite,146301,0,146301,292602,Corporate,FAAN,Direct,Completed,Nigerian,2,POS,Fatima Bello,March,2024,%Q,Q1
BK03610,2024-07-21,2024-08-13,2024-08-21,8,Suite,131302,0,131302,1050416,Group,Individual Guest,Walk In,Completed,Nigerian,3,POS,Direct Booking,August,2024,%Q,Q3
BK03611,2023-07-20,2023-09-04,2023-09-12,8,Executive,114162,0,114162,913296,Leisure,Individual Guest,Corporate Agreement,Completed,Nigerian,1,Corporate Account,Amaka Osei,September,2023,%Q,Q3
BK03612,2023-12-04,2023-12-15,2023-12-19,4,Suite,126213,20,100970,403882,Corporate,Air Peace,Direct,Completed,Nigerian,1,POS,Emeka Okonkwo,December,2023,%Q,Q4
BK03613,2024-01-29,2024-02-23,2024-03-05,11,Executive,96279,15,81837,900209,Corporate,NNPC,Corporate Agreement,Completed,Nigerian,3,POS,Tunde Adeyemi,February,2024,%Q,Q1
BK03614,2023-02-15,2023-03-06,2023-03-13,7,Executive,129708,20,103766,726365,Corporate,Nigerian Breweries,Direct,Completed,Nigerian,1,Corporate Account,Direct Booking,March,2023,%Q,Q1
BK03615,2023-01-20,2023-01-22,2023-01-30,8,Deluxe,85971,0,85971,687768,Leisure,Individual Guest,Corporate Agreement,Confirmed,South African,2,Corporate Account,Emeka Okonkwo,January,2023,%Q,Q1
BK03616,2023-01-01,2023-02-07,2023-02-15,8,Standard,63698,0,63698,509584,Airline Crew,PZ Cussons,Direct,Completed,Nigerian,4,Corporate Account,Direct Booking,February,2023,%Q,Q1
BK03617,2024-05-13,2024-07-07,2024-07-15,8,Executive,106534,5,101207,809658,Group,Individual Guest,Travel Agent,Completed,Ghanaian,3,Cash,Direct Booking,July,2024,%Q,Q3
BK03618,2023-11-13,2023-11-21,2023-11-29,8,Executive,125860,5,119567,956536,Leisure,Individual Guest,Direct,Completed,British,1,POS,Tunde Adeyemi,November,2023,%Q,Q4
BK03619,2024-07-23,2024-08-23,2024-08-28,5,Executive,117939,15,100248,0,Corporate,Conoil,Online Travel Agent,Cancelled,Nigerian,2,Bank Transfer,Tunde Adeyemi,August,2024,%Q,Q3
BK03620,2023-05-25,2023-07-03,2023-07-10,7,Deluxe,71911,5,68315,478208,Corporate,FAAN,Walk In,Completed,Nigerian,2,Corporate Account,Chioma Eze,July,2023,%Q,Q3
BK03621,2023-01-01,2023-01-11,2023-01-21,10,Standard,60120,10,54108,541080,MICE,Flour Mills Nigeria,Direct,Completed,Nigerian,4,Bank Transfer,Chioma Eze,January,2023,%Q,Q1
BK03622,2023-11-07,2023-12-18,2023-12-21,3,Deluxe,78905,5,74960,224879,Leisure,Individual Guest,Online Travel Agent,Completed,Nigerian,2,POS,Direct Booking,December,2023,%Q,Q4
BK03623,2024-09-03,2024-10-10,2024-10-20,10,Standard,47026,0,47026,470260,Group,Individual Guest,Travel Agent,Completed,Nigerian,2,Corporate Account,Direct Booking,October,2024,%Q,Q4
BK03624,2023-04-23,2023-05-20,2023-05-28,8,Deluxe,77113,5,73257,586059,Airline Crew,Nestle Nigeria,Walk In,Confirmed,American,2,POS,Tunde Adeyemi,May,2023,%Q,Q2
BK03625,2023-04-01,2023-05-24,2023-06-06,13,Deluxe,86295,5,81980,0,Group,Individual Guest,Travel Agent,Cancelled,Nigerian,2,Credit Card,Amaka Osei,May,2023,%Q,Q2
BK03626,2024-10-21,2024-12-16,2024-12-28,12,Standard,45226,0,45226,542712,Leisure,Individual Guest,Direct,Completed,Nigerian,4,Credit Card,Amaka Osei,December,2024,%Q,Q4
BK03627,2023-09-19,2023-10-01,2023-10-05,4,Deluxe,94958,10,85462,341849,Corporate,Unilever Nigeria,Online Travel Agent,Completed,Ghanaian,3,POS,Tunde Adeyemi,October,2023,%Q,Q4
BK03628,2023-12-26,2024-02-13,2024-02-24,11,Standard,49190,5,46730,514036,Leisure,Individual Guest,Online Travel Agent,Completed,Chinese,2,Corporate Account,Chioma Eze,February,2024,%Q,Q1
BK03629,2023-03-12,2023-04-14,2023-04-24,10,Suite,169331,15,143931,1439314,Government,Unilever Nigeria,Online Travel Agent,Completed,American,4,Bank Transfer,Fatima Bello,April,2023,%Q,Q2
BK03630,2023-11-30,2024-01-14,2024-01-28,14,Suite,140130,15,119110,1667547,Corporate,Shell Nigeria,Online Travel Agent,Confirmed,American,2,Corporate Account,Tunde Adeyemi,January,2024,%Q,Q1
BK03631,2023-10-04,2023-10-24,2023-10-25,1,Deluxe,93373,20,74698,0,Corporate,Seplat Energy,Walk In,Cancelled,Indian,3,POS,Emeka Okonkwo,October,2023,%Q,Q4
BK03632,2023-06-13,2023-07-29,2023-08-03,5,Deluxe,87241,10,78517,392585,Airline Crew,Lafarge Africa,Corporate Agreement,Completed,Nigerian,4,POS,Emeka Okonkwo,July,2023,%Q,Q3
BK03633,2023-07-29,2023-08-11,2023-08-22,11,Standard,57199,10,51479,566270,Corporate,Chevron Nigeria,Online Travel Agent,Confirmed,South African,3,Corporate Account,Direct Booking,August,2023,%Q,Q3
BK03634,2023-02-09,2023-03-24,2023-04-04,11,Standard,49186,15,41808,459889,Corporate,Lagos State Government,Travel Agent,Completed,South African,1,Corporate Account,Fatima Bello,March,2023,%Q,Q1
BK03635,2024-10-09,2024-10-23,2024-10-31,8,Suite,152388,0,152388,1219104,Leisure,Individual Guest,Direct,Confirmed,British,4,POS,Direct Booking,October,2024,%Q,Q4
BK03636,2023-04-19,2023-05-26,2023-06-04,9,Suite,167458,5,159085,1431766,Group,Individual Guest,Direct,Completed,Nigerian,2,Cash,Tunde Adeyemi,May,2023,%Q,Q2
BK03637,2024-01-17,2024-01-26,2024-01-29,3,Standard,55657,0,55657,166971,Leisure,Individual Guest,Direct,Completed,American,4,Credit Card,Chioma Eze,January,2024,%Q,Q1
BK03638,2024-08-17,2024-09-02,2024-09-12,10,Presidential,338294,15,287550,2875499,Government,UBA Group,Corporate Agreement,Confirmed,Nigerian,4,Cash,Direct Booking,September,2024,%Q,Q3
BK03639,2024-02-08,2024-03-21,2024-04-03,13,Suite,133001,5,126351,1642562,Corporate,Dangote Group,Direct,Completed,Nigerian,1,Bank Transfer,Direct Booking,March,2024,%Q,Q1
BK03640,2024-03-30,2024-04-23,2024-04-27,4,Executive,109512,0,109512,438048,Group,Individual Guest,Online Travel Agent,Completed,Nigerian,2,Credit Card,Emeka Okonkwo,April,2024,%Q,Q2
BK03641,2023-06-01,2023-07-29,2023-08-03,5,Presidential,368493,0,368493,1842465,Corporate,Lafarge Africa,Direct,Completed,American,1,Bank Transfer,Amaka Osei,July,2023,%Q,Q3
BK03642,2024-08-21,2024-09-09,2024-09-10,1,Presidential,386156,0,386156,386156,Leisure,Individual Guest,Corporate Agreement,Completed,South African,4,Credit Card,Tunde Adeyemi,September,2024,%Q,Q3
BK03643,2023-10-11,2023-11-08,2023-11-21,13,Presidential,399689,5,379705,0,Group,Individual Guest,Online Travel Agent,Cancelled,Nigerian,1,Cash,Chioma Eze,November,2023,%Q,Q4
BK03644,2024-03-14,2024-03-17,2024-03-30,13,Presidential,256084,0,256084,3329092,Leisure,Individual Guest,Walk In,Completed,Nigerian,1,Cash,Direct Booking,March,2024,%Q,Q1
BK03645,2023-09-02,2023-10-20,2023-10-26,6,Executive,111182,0,111182,667092,Group,Individual Guest,Walk In,Completed,Ghanaian,2,Corporate Account,Chioma Eze,October,2023,%Q,Q4
BK03646,2024-05-18,2024-07-06,2024-07-14,8,Presidential,264931,0,264931,2119448,Group,Individual Guest,Walk In,Completed,Nigerian,1,POS,Fatima Bello,July,2024,%Q,Q3
BK03647,2024-01-12,2024-02-03,2024-02-10,7,Standard,63124,15,53655,375588,Corporate,GTCO,Online Travel Agent,Completed,British,2,POS,Fatima Bello,February,2024,%Q,Q1
BK03648,2023-08-17,2023-10-08,2023-10-12,4,Suite,143249,0,143249,572996,Corporate,Lagos State Government,Corporate Agreement,Completed,Nigerian,3,Credit Card,Emeka Okonkwo,October,2023,%Q,Q4
BK03649,2023-06-01,2023-06-03,2023-06-07,4,Presidential,399592,0,399592,1598368,Group,Individual Guest,Online Travel Agent,Completed,Nigerian,3,Credit Card,Fatima Bello,June,2023,%Q,Q2
BK03650,2023-09-08,2023-11-02,2023-11-15,13,Deluxe,81741,0,81741,1062633,Corporate,Lagos State Government,Direct,Completed,Nigerian,4,Cash,Amaka Osei,November,2023,%Q,Q4
BK03651,2023-08-01,2023-08-29,2023-09-07,9,Standard,45167,5,42909,386178,Leisure,Individual Guest,Online Travel Agent,Confirmed,Nigerian,4,Cash,Fatima Bello,August,2023,%Q,Q3
BK03652,2023-01-01,2023-01-01,2023-01-06,5,Standard,51944,5,49347,0,Leisure,Individual Guest,Direct,No Show,Nigerian,1,Bank Transfer,Fatima Bello,January,2023,%Q,Q1
BK03653,2023-03-14,2023-03-25,2023-03-28,3,Standard,56076,20,44861,134582,Corporate,PZ Cussons,Travel Agent,Completed,Nigerian,4,Cash,Chioma Eze,March,2023,%Q,Q1
BK03654,2024-12-25,2024-12-29,2025-01-10,12,Presidential,261642,20,209314,2511763,Corporate,GTCO,Online Travel Agent,Confirmed,Nigerian,2,Cash,Tunde Adeyemi,December,2024,%Q,Q4
BK03655,2024-01-16,2024-03-01,2024-03-13,12,Executive,95083,15,80821,969847,Corporate,Guinness Nigeria,Online Travel Agent,Completed,Nigerian,3,Credit Card,Amaka Osei,March,2024,%Q,Q1
BK03656,2023-06-14,2023-07-17,2023-07-30,13,Standard,48471,0,48471,630123,Airline Crew,Air Peace,Travel Agent,Confirmed,Ghanaian,1,Bank Transfer,Emeka Okonkwo,July,2023,%Q,Q3
BK03657,2024-07-02,2024-07-26,2024-07-27,1,Standard,64586,10,58127,0,Corporate,Unilever Nigeria,Online Travel Agent,Cancelled,South African,3,Bank Transfer,Chioma Eze,July,2024,%Q,Q3
BK03658,2023-04-28,2023-05-04,2023-05-14,10,Presidential,308356,5,292938,2929382,MICE,Federal Ministry of Works,Direct,Completed,Nigerian,1,Corporate Account,Direct Booking,May,2023,%Q,Q2
BK03659,2023-01-08,2023-01-08,2023-01-17,9,Suite,159997,15,135997,1223977,Government,Lafarge Africa,Travel Agent,Completed,Chinese,1,Cash,Fatima Bello,January,2023,%Q,Q1
BK03660,2024-11-11,2024-12-19,2024-12-21,2,Executive,100487,5,95463,0,Corporate,Guinness Nigeria,Direct,Cancelled,South African,3,POS,Chioma Eze,December,2024,%Q,Q4
BK03661,2023-04-13,2023-05-19,2023-05-20,1,Suite,122709,5,116574,116574,Group,Individual Guest,Travel Agent,Completed,Nigerian,4,Bank Transfer,Direct Booking,May,2023,%Q,Q2
BK03662,2023-12-03,2024-01-07,2024-01-16,9,Suite,145254,5,137991,0,Corporate,Seplat Energy,Direct,No Show,Nigerian,4,Credit Card,Amaka Osei,January,2024,%Q,Q1
BK03663,2023-01-20,2023-02-03,2023-02-14,11,Standard,57724,0,57724,634964,Leisure,Individual Guest,Walk In,Completed,Nigerian,2,Bank Transfer,Emeka Okonkwo,February,2023,%Q,Q1
BK03664,2023-04-04,2023-05-01,2023-05-10,9,Standard,47079,0,47079,423711,Leisure,Individual Guest,Corporate Agreement,Completed,Nigerian,2,Credit Card,Direct Booking,May,2023,%Q,Q2
BK03665,2023-02-10,2023-03-02,2023-03-05,3,Suite,158254,15,134516,403548,Government,Honeywell Group,Walk In,Completed,Nigerian,1,Credit Card,Tunde Adeyemi,March,2023,%Q,Q1
BK03666,2024-10-02,2024-11-09,2024-11-15,6,Executive,128088,10,115279,691675,Group,Individual Guest,Travel Agent,Completed,Kenyan,1,Corporate Account,Fatima Bello,November,2024,%Q,Q4
BK03667,2024-01-15,2024-02-19,2024-03-04,14,Standard,54443,0,54443,762202,Leisure,Individual Guest,Direct,Completed,Nigerian,4,Credit Card,Amaka Osei,February,2024,%Q,Q1
BK03668,2024-05-21,2024-06-15,2024-06-17,2,Suite,170854,20,136683,0,Corporate,MTN Nigeria,Corporate Agreement,No Show,Ghanaian,1,POS,Amaka Osei,June,2024,%Q,Q2
BK03669,2024-05-10,2024-05-26,2024-05-28,2,Standard,63081,0,63081,126162,MICE,FBN Holdings,Online Travel Agent,Completed,Nigerian,4,Bank Transfer,Chioma Eze,May,2024,%Q,Q2
BK03670,2024-07-07,2024-08-27,2024-09-07,11,Suite,174305,15,148159,1629752,Government,Conoil,Direct,Completed,Chinese,4,Cash,Chioma Eze,August,2024,%Q,Q3
BK03671,2024-08-17,2024-08-31,2024-09-09,9,Presidential,393230,15,334246,3008210,Government,9mobile,Direct,Completed,Nigerian,1,Cash,Fatima Bello,August,2024,%Q,Q3
BK03672,2023-04-18,2023-05-27,2023-06-07,11,Standard,54514,0,54514,599654,Group,Individual Guest,Travel Agent,Completed,American,3,Credit Card,Emeka Okonkwo,May,2023,%Q,Q2
BK03673,2024-10-12,2024-11-21,2024-12-04,13,Presidential,325406,0,325406,4230278,Leisure,Individual Guest,Corporate Agreement,Completed,Kenyan,1,Credit Card,Chioma Eze,November,2024,%Q,Q4
BK03674,2024-01-18,2024-02-05,2024-02-19,14,Executive,104108,10,93697,1311761,Leisure,Individual Guest,Direct,Completed,German,3,Corporate Account,Direct Booking,February,2024,%Q,Q1
BK03675,2023-01-01,2023-01-15,2023-01-18,3,Executive,103485,10,93136,279410,Group,Individual Guest,Online Travel Agent,Completed,Nigerian,2,Corporate Account,Emeka Okonkwo,January,2023,%Q,Q1
BK03676,2024-02-13,2024-02-13,2024-02-20,7,Deluxe,80107,5,76102,532712,Leisure,Individual Guest,Travel Agent,Confirmed,Nigerian,4,POS,Fatima Bello,February,2024,%Q,Q1
BK03677,2024-10-21,2024-10-28,2024-10-29,1,Executive,119220,0,119220,119220,Leisure,Individual Guest,Corporate Agreement,Completed,Ghanaian,2,Bank Transfer,Chioma Eze,October,2024,%Q,Q4
BK03678,2023-11-10,2024-01-08,2024-01-22,14,Executive,103659,15,88110,1233542,Corporate,Shell Nigeria,Direct,Completed,Indian,3,Credit Card,Chioma Eze,January,2024,%Q,Q1
BK03679,2023-01-02,2023-02-04,2023-02-05,1,Suite,168832,0,168832,168832,MICE,GTCO,Travel Agent,Completed,Nigerian,1,Cash,Amaka Osei,February,2023,%Q,Q1
BK03680,2023-04-24,2023-06-03,2023-06-04,1,Suite,179519,0,179519,0,Group,Individual Guest,Direct,Cancelled,Nigerian,3,Bank Transfer,Direct Booking,June,2023,%Q,Q2
BK03681,2024-02-07,2024-02-28,2024-02-29,1,Presidential,310276,5,294762,0,Corporate,Shell Nigeria,Direct,No Show,American,1,Bank Transfer,Amaka Osei,February,2024,%Q,Q1
BK03682,2024-06-18,2024-08-15,2024-08-20,5,Suite,178268,0,178268,891340,Group,Individual Guest,Travel Agent,Completed,Nigerian,3,Bank Transfer,Direct Booking,August,2024,%Q,Q3
BK03683,2024-06-04,2024-07-05,2024-07-18,13,Presidential,308312,10,277481,3607250,Corporate,Julius Berger,Corporate Agreement,Completed,Kenyan,2,POS,Emeka Okonkwo,July,2024,%Q,Q3
BK03684,2023-02-07,2023-02-16,2023-03-01,13,Standard,48760,10,43884,570492,Leisure,Individual Guest,Direct,Completed,Nigerian,1,POS,Fatima Bello,February,2023,%Q,Q1
BK03685,2023-04-22,2023-04-22,2023-05-03,11,Standard,63574,0,63574,699314,Leisure,Individual Guest,Direct,Completed,Nigerian,4,POS,Emeka Okonkwo,April,2023,%Q,Q2
BK03686,2024-11-03,2024-11-26,2024-12-02,6,Presidential,374117,0,374117,2244702,Leisure,Individual Guest,Walk In,Completed,Nigerian,2,Corporate Account,Tunde Adeyemi,November,2024,%Q,Q4
BK03687,2024-03-30,2024-05-29,2024-06-07,9,Presidential,287671,10,258904,2330135,Corporate,Honeywell Group,Direct,Completed,Nigerian,2,Credit Card,Direct Booking,May,2024,%Q,Q2
BK03688,2023-07-20,2023-07-27,2023-08-02,6,Standard,60267,0,60267,361602,Airline Crew,Total Energies,Online Travel Agent,Completed,German,3,Cash,Chioma Eze,July,2023,%Q,Q3
BK03689,2024-06-18,2024-07-21,2024-08-02,12,Deluxe,86737,0,86737,1040844,Airline Crew,Chevron Nigeria,Direct,Confirmed,Nigerian,4,Corporate Account,Emeka Okonkwo,July,2024,%Q,Q3
BK03690,2024-05-26,2024-06-29,2024-07-02,3,Presidential,379799,0,379799,1139397,Corporate,Seplat Energy,Corporate Agreement,Confirmed,Nigerian,2,Cash,Emeka Okonkwo,June,2024,%Q,Q2
BK03691,2024-10-10,2024-12-01,2024-12-15,14,Deluxe,93487,10,84138,1177936,Government,Nigerian Ports Authority,Direct,Completed,South African,4,Credit Card,Direct Booking,December,2024,%Q,Q4
BK03692,2023-02-26,2023-04-08,2023-04-19,11,Standard,60753,5,57715,0,MICE,Access Bank,Walk In,No Show,Nigerian,1,Bank Transfer,Direct Booking,April,2023,%Q,Q2
BK03693,2023-01-25,2023-03-25,2023-03-30,5,Suite,143296,0,143296,716480,Corporate,FAAN,Online Travel Agent,Completed,Nigerian,2,Credit Card,Chioma Eze,March,2023,%Q,Q1
BK03694,2024-07-24,2024-09-01,2024-09-14,13,Executive,101336,10,91202,0,MICE,Nigerian Ports Authority,Travel Agent,Cancelled,French,2,Corporate Account,Fatima Bello,September,2024,%Q,Q3
BK03695,2024-02-08,2024-03-18,2024-04-01,14,Executive,96867,10,87180,1220524,Corporate,Conoil,Travel Agent,Completed,Nigerian,4,Cash,Chioma Eze,March,2024,%Q,Q1
BK03696,2024-11-15,2024-12-29,2025-01-07,9,Suite,173328,10,155995,1403957,Leisure,Individual Guest,Direct,Completed,Nigerian,4,Bank Transfer,Fatima Bello,December,2024,%Q,Q4
BK03697,2023-12-20,2024-02-18,2024-02-19,1,Deluxe,73788,10,66409,66409,Leisure,Individual Guest,Online Travel Agent,Completed,Nigerian,2,Corporate Account,Emeka Okonkwo,February,2024,%Q,Q1
BK03698,2023-03-15,2023-05-11,2023-05-19,8,Suite,158231,10,142408,0,MICE,Lafarge Africa,Direct,Cancelled,Nigerian,3,Cash,Fatima Bello,May,2023,%Q,Q2
BK03699,2023-02-11,2023-02-11,2023-02-19,8,Suite,149521,20,119617,956934,Corporate,Unilever Nigeria,Corporate Agreement,Completed,Kenyan,4,Credit Card,Fatima Bello,February,2023,%Q,Q1
BK03700,2024-03-21,2024-04-19,2024-04-24,5,Executive,127530,0,127530,637650,Corporate,Oando PLC,Online Travel Agent,Confirmed,Nigerian,1,Corporate Account,Chioma Eze,April,2024,%Q,Q2
BK03701,2024-10-26,2024-11-19,2024-11-27,8,Deluxe,75310,0,75310,602480,MICE,Shell Nigeria,Walk In,Confirmed,South African,2,POS,Direct Booking,November,2024,%Q,Q4
BK03702,2024-06-19,2024-08-17,2024-08-31,14,Deluxe,86496,5,82171,1150397,Leisure,Individual Guest,Direct,Completed,British,2,Corporate Account,Chioma Eze,August,2024,%Q,Q3
BK03703,2023-08-06,2023-09-25,2023-10-07,12,Deluxe,89618,0,89618,1075416,Corporate,MTN Nigeria,Corporate Agreement,Completed,Nigerian,2,Corporate Account,Fatima Bello,September,2023,%Q,Q3
BK03704,2024-01-05,2024-02-16,2024-02-23,7,Executive,97127,15,82558,577906,Government,9mobile,Direct,Completed,Nigerian,2,Cash,Direct Booking,February,2024,%Q,Q1
BK03705,2024-05-02,2024-06-17,2024-06-30,13,Suite,157898,10,142108,1847407,Government,Access Bank,Online Travel Agent,Confirmed,Nigerian,1,Cash,Emeka Okonkwo,June,2024,%Q,Q2
BK03706,2023-09-18,2023-09-25,2023-09-28,3,Standard,57740,10,51966,155898,Group,Individual Guest,Corporate Agreement,Completed,Nigerian,3,Bank Transfer,Direct Booking,September,2023,%Q,Q3
BK03707,2024-10-29,2024-12-28,2025-01-09,12,Deluxe,82329,20,65863,790358,Corporate,Nigerian Breweries,Online Travel Agent,Confirmed,Nigerian,3,Cash,Chioma Eze,December,2024,%Q,Q4
BK03708,2023-09-18,2023-09-22,2023-09-25,3,Presidential,314682,0,314682,944046,Leisure,Individual Guest,Walk In,Completed,Nigerian,4,Credit Card,Emeka Okonkwo,September,2023,%Q,Q3
BK03709,2024-08-02,2024-08-13,2024-08-21,8,Executive,121197,0,121197,969576,Leisure,Individual Guest,Online Travel Agent,Completed,Nigerian,4,Cash,Tunde Adeyemi,August,2024,%Q,Q3
BK03710,2023-06-14,2023-08-02,2023-08-16,14,Suite,125852,0,125852,1761928,Leisure,Individual Guest,Direct,Completed,Nigerian,3,Bank Transfer,Fatima Bello,August,2023,%Q,Q3
BK03711,2024-02-16,2024-03-18,2024-03-31,13,Deluxe,76291,0,76291,991783,Corporate,MTN Nigeria,Online Travel Agent,Completed,Nigerian,1,Bank Transfer,Chioma Eze,March,2024,%Q,Q1
BK03712,2023-03-04,2023-03-18,2023-03-20,2,Presidential,277856,0,277856,555712,Corporate,MTN Nigeria,Direct,Completed,Nigerian,2,Corporate Account,Chioma Eze,March,2023,%Q,Q1
BK03713,2023-08-18,2023-09-25,2023-10-05,10,Standard,47851,10,43066,430659,Corporate,Lagos State Government,Walk In,Confirmed,South African,1,Corporate Account,Chioma Eze,September,2023,%Q,Q3
BK03714,2024-08-24,2024-10-05,2024-10-18,13,Presidential,399602,10,359642,4675343,Airline Crew,Glo Mobile,Online Travel Agent,Completed,Nigerian,4,Corporate Account,Amaka Osei,October,2024,%Q,Q4
BK03715,2024-07-11,2024-08-09,2024-08-16,7,Deluxe,82684,5,78550,549849,Leisure,Individual Guest,Corporate Agreement,Completed,Nigerian,2,Credit Card,Amaka Osei,August,2024,%Q,Q3
BK03716,2023-06-16,2023-07-05,2023-07-12,7,Deluxe,92106,20,73685,515794,Corporate,Nigerian Ports Authority,Online Travel Agent,Completed,British,3,Cash,Tunde Adeyemi,July,2023,%Q,Q3
BK03717,2024-03-14,2024-04-25,2024-04-27,2,Suite,143718,10,129346,258692,Government,Seplat Energy,Direct,Completed,Kenyan,1,Bank Transfer,Emeka Okonkwo,April,2024,%Q,Q2
BK03718,2024-11-09,2024-11-28,2024-12-04,6,Presidential,275133,10,247620,1485718,MICE,Oando PLC,Direct,Completed,Ghanaian,1,Corporate Account,Direct Booking,November,2024,%Q,Q4
BK03719,2024-02-18,2024-03-10,2024-03-19,9,Executive,128317,10,115485,1039368,Leisure,Individual Guest,Corporate Agreement,Completed,British,3,Bank Transfer,Amaka Osei,March,2024,%Q,Q1
BK03720,2024-03-01,2024-04-30,2024-05-04,4,Suite,152830,0,152830,611320,Leisure,Individual Guest,Travel Agent,Completed,Ghanaian,2,Cash,Fatima Bello,April,2024,%Q,Q2
BK03721,2024-02-08,2024-02-25,2024-03-01,5,Executive,98346,10,88511,0,Corporate,Julius Berger,Online Travel Agent,Cancelled,Nigerian,4,Cash,Emeka Okonkwo,February,2024,%Q,Q1
BK03722,2023-11-11,2023-12-09,2023-12-18,9,Executive,120232,0,120232,1082088,Group,Individual Guest,Corporate Agreement,Completed,Indian,3,Bank Transfer,Direct Booking,December,2023,%Q,Q4
BK03723,2024-08-19,2024-10-05,2024-10-18,13,Deluxe,79013,0,79013,1027169,MICE,Flour Mills Nigeria,Corporate Agreement,Completed,American,1,Cash,Tunde Adeyemi,October,2024,%Q,Q4
BK03724,2023-08-05,2023-09-05,2023-09-13,8,Deluxe,89677,0,89677,717416,Group,Individual Guest,Direct,Completed,Ghanaian,4,POS,Fatima Bello,September,2023,%Q,Q3
BK03725,2023-07-13,2023-08-21,2023-09-01,11,Suite,141808,15,120537,1325905,Government,PZ Cussons,Travel Agent,Completed,Nigerian,1,Corporate Account,Amaka Osei,August,2023,%Q,Q3
BK03726,2023-08-11,2023-08-24,2023-09-02,9,Deluxe,93900,5,89205,802845,Leisure,Individual Guest,Corporate Agreement,Completed,Nigerian,2,Bank Transfer,Fatima Bello,August,2023,%Q,Q3
BK03727,2024-08-19,2024-09-07,2024-09-14,7,Presidential,261245,0,261245,1828715,Group,Individual Guest,Travel Agent,Completed,Nigerian,1,Credit Card,Emeka Okonkwo,September,2024,%Q,Q3
BK03728,2023-03-31,2023-03-31,2023-04-06,6,Executive,109314,10,98383,590296,Corporate,Flour Mills Nigeria,Online Travel Agent,Completed,Nigerian,4,Credit Card,Direct Booking,March,2023,%Q,Q1
BK03729,2024-04-18,2024-06-12,2024-06-16,4,Presidential,368477,5,350053,1400213,Group,Individual Guest,Direct,Completed,Nigerian,3,Corporate Account,Emeka Okonkwo,June,2024,%Q,Q2
BK03730,2023-08-11,2023-09-30,2023-10-12,12,Executive,123303,0,123303,0,Group,Individual Guest,Travel Agent,No Show,Indian,4,Credit Card,Emeka Okonkwo,September,2023,%Q,Q3
BK03731,2023-03-18,2023-04-25,2023-05-01,6,Deluxe,71759,0,71759,430554,Group,Individual Guest,Direct,Completed,Ghanaian,1,Bank Transfer,Amaka Osei,April,2023,%Q,Q2
BK03732,2024-09-08,2024-10-05,2024-10-13,8,Standard,60824,10,54742,437933,MICE,Unilever Nigeria,Corporate Agreement,Completed,Nigerian,3,POS,Chioma Eze,October,2024,%Q,Q4
BK03733,2024-03-12,2024-04-17,2024-04-25,8,Executive,108250,0,108250,866000,Leisure,Individual Guest,Travel Agent,Completed,Nigerian,3,Cash,Amaka Osei,April,2024,%Q,Q2
BK03734,2023-10-02,2023-11-26,2023-12-04,8,Suite,137667,5,130784,1046269,Group,Individual Guest,Corporate Agreement,Completed,Kenyan,2,Cash,Amaka Osei,November,2023,%Q,Q4
BK03735,2023-01-01,2023-02-02,2023-02-05,3,Executive,96900,0,96900,290700,Group,Individual Guest,Online Travel Agent,Completed,Nigerian,4,Bank Transfer,Emeka Okonkwo,February,2023,%Q,Q1
BK03736,2024-08-16,2024-10-13,2024-10-27,14,Presidential,281391,10,253252,0,Government,Total Energies,Corporate Agreement,No Show,Chinese,1,POS,Tunde Adeyemi,October,2024,%Q,Q4
BK03737,2023-06-13,2023-07-12,2023-07-20,8,Suite,143849,5,136657,1093252,Leisure,Individual Guest,Walk In,Completed,Indian,2,Credit Card,Amaka Osei,July,2023,%Q,Q3
BK03738,2024-01-29,2024-02-26,2024-03-06,9,Standard,55959,10,50363,453268,Government,MTN Nigeria,Direct,Completed,Nigerian,1,Cash,Emeka Okonkwo,February,2024,%Q,Q1
BK03739,2024-03-11,2024-03-13,2024-03-18,5,Executive,97347,0,97347,486735,Airline Crew,Lafarge Africa,Corporate Agreement,Completed,Nigerian,2,Cash,Fatima Bello,March,2024,%Q,Q1
BK03740,2023-07-20,2023-08-22,2023-08-27,5,Suite,150306,15,127760,638800,Corporate,Glo Mobile,Corporate Agreement,Completed,Nigerian,2,Cash,Chioma Eze,August,2023,%Q,Q3
BK03741,2023-07-06,2023-07-09,2023-07-18,9,Presidential,252592,5,239962,2159662,Corporate,Seplat Energy,Travel Agent,Completed,Nigerian,3,Corporate Account,Direct Booking,July,2023,%Q,Q3
BK03742,2023-02-23,2023-03-26,2023-04-02,7,Presidential,335359,10,301823,2112762,Group,Individual Guest,Direct,Completed,Nigerian,3,Bank Transfer,Chioma Eze,March,2023,%Q,Q1
BK03743,2023-07-28,2023-08-09,2023-08-10,1,Deluxe,90500,0,90500,90500,Corporate,Nigerian Ports Authority,Travel Agent,Completed,Ghanaian,1,Corporate Account,Tunde Adeyemi,August,2023,%Q,Q3
BK03744,2023-12-24,2024-01-06,2024-01-09,3,Standard,49270,0,49270,147810,Group,Individual Guest,Corporate Agreement,Completed,Nigerian,2,Bank Transfer,Tunde Adeyemi,January,2024,%Q,Q1
BK03745,2023-12-08,2024-01-02,2024-01-16,14,Suite,137349,0,137349,1922886,Airline Crew,PZ Cussons,Corporate Agreement,Confirmed,British,1,Cash,Chioma Eze,January,2024,%Q,Q1
BK03746,2024-11-17,2024-11-30,2024-12-08,8,Deluxe,70843,5,67301,0,Corporate,9mobile,Corporate Agreement,Cancelled,Chinese,3,Bank Transfer,Amaka Osei,November,2024,%Q,Q4
BK03747,2023-06-13,2023-07-25,2023-07-27,2,Presidential,286708,0,286708,573416,Group,Individual Guest,Corporate Agreement,Completed,Nigerian,1,Credit Card,Fatima Bello,July,2023,%Q,Q3
BK03748,2024-06-18,2024-06-25,2024-07-09,14,Standard,63566,20,50853,711939,Corporate,Dangote Group,Online Travel Agent,Completed,Nigerian,2,Corporate Account,Direct Booking,June,2024,%Q,Q2
BK03749,2023-11-16,2024-01-03,2024-01-11,8,Executive,124299,15,105654,845233,Government,Shell Nigeria,Corporate Agreement,Completed,British,1,Credit Card,Chioma Eze,January,2024,%Q,Q1
BK03750,2023-03-18,2023-03-28,2023-04-06,9,Executive,104524,0,104524,940716,MICE,Julius Berger,Travel Agent,Completed,Nigerian,3,Credit Card,Chioma Eze,March,2023,%Q,Q1
BK03751,2024-05-20,2024-05-31,2024-06-06,6,Suite,143929,0,143929,863574,Group,Individual Guest,Travel Agent,Completed,South African,3,Bank Transfer,Direct Booking,May,2024,%Q,Q2
BK03752,2024-08-13,2024-08-28,2024-08-29,1,Standard,61819,15,52546,52546,Corporate,NNPC,Travel Agent,Completed,British,4,Cash,Chioma Eze,August,2024,%Q,Q3
BK03753,2023-02-24,2023-04-16,2023-04-27,11,Suite,120976,10,108878,1197662,MICE,UBA Group,Direct,Completed,South African,1,Cash,Direct Booking,April,2023,%Q,Q2
BK03754,2024-06-28,2024-08-08,2024-08-11,3,Suite,138881,0,138881,416643,Leisure,Individual Guest,Direct,Completed,Nigerian,3,Corporate Account,Emeka Okonkwo,August,2024,%Q,Q3
BK03755,2023-11-13,2023-12-27,2024-01-06,10,Deluxe,82067,5,77964,779636,MICE,Zenith Bank,Online Travel Agent,Completed,American,4,Credit Card,Direct Booking,December,2023,%Q,Q4
BK03756,2023-11-06,2023-12-04,2023-12-09,5,Executive,127548,10,114793,573966,Government,FBN Holdings,Travel Agent,Completed,Nigerian,2,Bank Transfer,Direct Booking,December,2023,%Q,Q4
BK03757,2024-06-01,2024-06-10,2024-06-18,8,Suite,168277,0,168277,1346216,Leisure,Individual Guest,Online Travel Agent,Completed,Nigerian,4,Bank Transfer,Amaka Osei,June,2024,%Q,Q2
BK03758,2024-11-03,2024-12-28,2025-01-02,5,Suite,178504,0,178504,892520,Leisure,Individual Guest,Online Travel Agent,Completed,Nigerian,4,Corporate Account,Direct Booking,December,2024,%Q,Q4
BK03759,2023-03-23,2023-04-19,2023-04-26,7,Deluxe,76470,0,76470,535290,Group,Individual Guest,Online Travel Agent,Completed,Kenyan,3,Credit Card,Amaka Osei,April,2023,%Q,Q2
BK03760,2024-08-02,2024-08-23,2024-08-27,4,Standard,50529,0,50529,202116,MICE,NNPC,Corporate Agreement,Completed,Ghanaian,1,Cash,Emeka Okonkwo,August,2024,%Q,Q3
BK03761,2023-05-28,2023-06-06,2023-06-14,8,Executive,121037,0,121037,968296,Leisure,Individual Guest,Walk In,Completed,Ghanaian,3,Credit Card,Amaka Osei,June,2023,%Q,Q2
BK03762,2024-04-01,2024-05-23,2024-06-03,11,Standard,46831,10,42148,463627,Corporate,Nigerian Ports Authority,Direct,Completed,Nigerian,3,POS,Chioma Eze,May,2024,%Q,Q2
BK03763,2024-03-10,2024-03-21,2024-04-03,13,Standard,58892,10,53003,0,Airline Crew,Lafarge Africa,Travel Agent,Cancelled,Chinese,4,Corporate Account,Emeka Okonkwo,March,2024,%Q,Q1
BK03764,2023-01-04,2023-02-25,2023-03-06,9,Presidential,343355,0,343355,3090195,MICE,GTCO,Corporate Agreement,Completed,Nigerian,1,Corporate Account,Fatima Bello,February,2023,%Q,Q1
BK03765,2023-06-25,2023-07-25,2023-07-27,2,Standard,57142,20,45714,91427,Government,Transcorp Hotels,Travel Agent,Completed,Nigerian,4,POS,Direct Booking,July,2023,%Q,Q3
BK03766,2023-08-01,2023-08-26,2023-08-30,4,Presidential,350588,20,280470,1121882,Government,PZ Cussons,Corporate Agreement,Completed,Nigerian,3,POS,Fatima Bello,August,2023,%Q,Q3
BK03767,2024-11-21,2024-11-26,2024-11-27,1,Standard,57076,0,57076,57076,Leisure,Individual Guest,Direct,Completed,Nigerian,2,Cash,Amaka Osei,November,2024,%Q,Q4
BK03768,2023-01-20,2023-02-14,2023-02-17,3,Suite,123177,15,104700,314101,Corporate,Julius Berger,Corporate Agreement,Completed,American,2,Corporate Account,Fatima Bello,February,2023,%Q,Q1
BK03769,2024-08-13,2024-08-24,2024-08-25,1,Standard,52739,10,47465,47465,Leisure,Individual Guest,Online Travel Agent,Completed,Chinese,2,POS,Amaka Osei,August,2024,%Q,Q3
BK03770,2023-09-02,2023-11-01,2023-11-06,5,Executive,129061,20,103249,516244,Corporate,Federal Ministry of Works,Online Travel Agent,Completed,Nigerian,1,Credit Card,Chioma Eze,November,2023,%Q,Q4
BK03771,2023-07-26,2023-08-27,2023-09-01,5,Standard,51081,0,51081,255405,Corporate,Lagos State Government,Online Travel Agent,Completed,Nigerian,3,Cash,Emeka Okonkwo,August,2023,%Q,Q3
BK03772,2023-08-11,2023-09-21,2023-09-29,8,Presidential,300888,10,270799,2166394,MICE,Chevron Nigeria,Corporate Agreement,Completed,Nigerian,3,Corporate Account,Tunde Adeyemi,September,2023,%Q,Q3
BK03773,2023-02-21,2023-04-06,2023-04-17,11,Presidential,374353,0,374353,4117883,Leisure,Individual Guest,Direct,Completed,British,4,Corporate Account,Chioma Eze,April,2023,%Q,Q2
BK03774,2023-10-17,2023-11-10,2023-11-15,5,Presidential,306944,0,306944,0,Airline Crew,Glo Mobile,Travel Agent,No Show,Nigerian,3,Corporate Account,Emeka Okonkwo,November,2023,%Q,Q4
BK03775,2023-07-03,2023-07-20,2023-07-30,10,Standard,50000,0,50000,500000,Group,Individual Guest,Corporate Agreement,Completed,Nigerian,4,POS,Fatima Bello,July,2023,%Q,Q3
BK03776,2024-08-02,2024-08-26,2024-09-02,7,Executive,129036,5,122584,858089,Corporate,Unilever Nigeria,Online Travel Agent,Completed,Ghanaian,2,Credit Card,Fatima Bello,August,2024,%Q,Q3
BK03777,2023-08-26,2023-09-30,2023-10-07,7,Executive,104002,15,88402,0,Corporate,Dangote Group,Direct,Cancelled,Nigerian,1,Cash,Fatima Bello,September,2023,%Q,Q3
BK03778,2024-11-18,2024-11-22,2024-12-04,12,Deluxe,86865,0,86865,1042380,Leisure,Individual Guest,Corporate Agreement,Completed,German,2,Corporate Account,Chioma Eze,November,2024,%Q,Q4
BK03779,2023-09-08,2023-09-29,2023-10-12,13,Suite,158280,5,150366,1954758,Leisure,Individual Guest,Travel Agent,Completed,American,3,Corporate Account,Emeka Okonkwo,September,2023,%Q,Q3
BK03780,2024-04-24,2024-05-29,2024-06-05,7,Standard,46773,15,39757,278299,Government,Glo Mobile,Corporate Agreement,Confirmed,French,4,Corporate Account,Direct Booking,May,2024,%Q,Q2
BK03781,2024-08-17,2024-10-16,2024-10-21,5,Presidential,319197,15,271317,1356587,Corporate,Federal Ministry of Works,Direct,Completed,Nigerian,3,Bank Transfer,Emeka Okonkwo,October,2024,%Q,Q4
BK03782,2023-11-04,2023-12-30,2024-01-03,4,Suite,172404,10,155164,620654,Corporate,Conoil,Direct,Confirmed,German,4,Corporate Account,Fatima Bello,December,2023,%Q,Q4
BK03783,2024-04-05,2024-04-11,2024-04-23,12,Suite,128997,10,116097,1393168,Corporate,Airtel Nigeria,Corporate Agreement,Confirmed,British,1,Cash,Fatima Bello,April,2024,%Q,Q2
BK03784,2024-01-14,2024-02-23,2024-02-29,6,Standard,52714,20,42171,253027,Corporate,Airtel Nigeria,Direct,Confirmed,Nigerian,2,Credit Card,Tunde Adeyemi,February,2024,%Q,Q1
BK03785,2024-03-29,2024-05-27,2024-06-10,14,Executive,122742,0,122742,1718388,Leisure,Individual Guest,Direct,Completed,Nigerian,3,Bank Transfer,Fatima Bello,May,2024,%Q,Q2
BK03786,2023-06-27,2023-08-01,2023-08-05,4,Standard,45051,0,45051,180204,Leisure,Individual Guest,Corporate Agreement,Completed,Nigerian,1,Corporate Account,Amaka Osei,August,2023,%Q,Q3
BK03787,2023-12-31,2024-01-08,2024-01-11,3,Presidential,271370,0,271370,814110,Leisure,Individual Guest,Walk In,Completed,American,4,POS,Chioma Eze,January,2024,%Q,Q1
BK03788,2024-09-23,2024-09-24,2024-10-04,10,Suite,175525,5,166749,1667488,Corporate,Air Peace,Online Travel Agent,Completed,British,3,Bank Transfer,Amaka Osei,September,2024,%Q,Q3
BK03789,2023-09-30,2023-11-21,2023-11-30,9,Deluxe,71466,5,67893,611034,Corporate,MTN Nigeria,Online Travel Agent,Completed,French,1,Cash,Direct Booking,November,2023,%Q,Q4
BK03790,2023-02-07,2023-02-11,2023-02-18,7,Standard,64508,0,64508,451556,MICE,Nestle Nigeria,Online Travel Agent,Confirmed,Nigerian,4,Credit Card,Chioma Eze,February,2023,%Q,Q1
BK03791,2023-10-02,2023-10-17,2023-10-25,8,Deluxe,71432,15,60717,485738,Corporate,Access Bank,Online Travel Agent,Completed,Nigerian,4,Credit Card,Amaka Osei,October,2023,%Q,Q4
BK03792,2024-02-01,2024-02-26,2024-03-03,6,Standard,50751,5,48213,289281,Corporate,Lagos State Government,Online Travel Agent,Confirmed,Nigerian,4,Bank Transfer,Fatima Bello,February,2024,%Q,Q1
BK03793,2023-08-25,2023-09-14,2023-09-22,8,Suite,142175,5,135066,1080530,Corporate,Oando PLC,Travel Agent,Completed,American,1,Corporate Account,Emeka Okonkwo,September,2023,%Q,Q3
BK03794,2024-03-21,2024-04-10,2024-04-22,12,Standard,45252,0,45252,543024,Corporate,9mobile,Travel Agent,Completed,French,4,POS,Emeka Okonkwo,April,2024,%Q,Q2
BK03795,2024-03-12,2024-03-12,2024-03-22,10,Suite,150301,0,150301,1503010,Airline Crew,Zenith Bank,Direct,Completed,Nigerian,2,Corporate Account,Emeka Okonkwo,March,2024,%Q,Q1
BK03796,2023-07-15,2023-09-04,2023-09-10,6,Deluxe,88820,0,88820,532920,MICE,Guinness Nigeria,Travel Agent,Confirmed,Nigerian,3,POS,Chioma Eze,September,2023,%Q,Q3
BK03797,2024-02-03,2024-03-04,2024-03-10,6,Standard,59495,0,59495,0,Leisure,Individual Guest,Travel Agent,Cancelled,American,2,Bank Transfer,Tunde Adeyemi,March,2024,%Q,Q1
BK03798,2023-05-18,2023-06-30,2023-07-07,7,Suite,147018,0,147018,1029126,Group,Individual Guest,Corporate Agreement,Completed,American,1,Bank Transfer,Direct Booking,June,2023,%Q,Q2
BK03799,2023-02-01,2023-02-05,2023-02-10,5,Standard,55583,0,55583,277915,Group,Individual Guest,Direct,Completed,Nigerian,2,POS,Amaka Osei,February,2023,%Q,Q1
BK03800,2023-08-31,2023-10-19,2023-10-26,7,Suite,167409,5,159039,0,Corporate,Federal Ministry of Works,Direct,Cancelled,Nigerian,3,Cash,Direct Booking,October,2023,%Q,Q4
BK03801,2024-02-26,2024-04-21,2024-05-03,12,Standard,45094,5,42839,514072,Leisure,Individual Guest,Direct,Completed,Nigerian,4,Credit Card,Chioma Eze,April,2024,%Q,Q2
BK03802,2023-01-01,2023-02-03,2023-02-14,11,Deluxe,73142,10,65828,724106,MICE,MTN Nigeria,Corporate Agreement,Completed,Nigerian,3,Credit Card,Amaka Osei,February,2023,%Q,Q1
BK03803,2023-04-27,2023-06-23,2023-07-02,9,Deluxe,76952,15,65409,588683,Government,Transcorp Hotels,Corporate Agreement,Confirmed,Kenyan,1,Corporate Account,Chioma Eze,June,2023,%Q,Q2
BK03804,2023-12-26,2024-01-23,2024-02-02,10,Suite,122412,0,122412,1224120,Leisure,Individual Guest,Walk In,Confirmed,Nigerian,2,POS,Direct Booking,January,2024,%Q,Q1
BK03805,2024-12-16,2024-12-19,2024-12-21,2,Suite,167258,0,167258,334516,Leisure,Individual Guest,Direct,Completed,Nigerian,2,Credit Card,Fatima Bello,December,2024,%Q,Q4
BK03806,2024-05-01,2024-05-14,2024-05-24,10,Executive,113843,5,108151,1081508,Group,Individual Guest,Corporate Agreement,Confirmed,Ghanaian,1,Cash,Direct Booking,May,2024,%Q,Q2
BK03807,2023-11-10,2023-12-25,2024-01-06,12,Suite,177023,5,168172,2018062,Leisure,Individual Guest,Corporate Agreement,Confirmed,British,1,Corporate Account,Chioma Eze,December,2023,%Q,Q4
BK03808,2024-01-04,2024-01-27,2024-02-10,14,Standard,63892,5,60697,849764,Corporate,Total Energies,Online Travel Agent,Completed,French,2,Corporate Account,Chioma Eze,January,2024,%Q,Q1
BK03809,2024-02-28,2024-04-05,2024-04-07,2,Deluxe,83456,20,66765,133530,Corporate,Nestle Nigeria,Travel Agent,Completed,American,1,Bank Transfer,Direct Booking,April,2024,%Q,Q2
BK03810,2024-01-27,2024-03-22,2024-03-31,9,Standard,48851,20,39081,351727,Corporate,Guinness Nigeria,Direct,Completed,British,1,Cash,Fatima Bello,March,2024,%Q,Q1
BK03811,2023-02-09,2023-03-10,2023-03-21,11,Standard,46605,15,39614,435757,Government,Nestle Nigeria,Online Travel Agent,Completed,Nigerian,4,Cash,Amaka Osei,March,2023,%Q,Q1
BK03812,2024-04-16,2024-05-17,2024-05-31,14,Standard,47773,15,40607,568499,Corporate,Oando PLC,Online Travel Agent,Confirmed,Nigerian,3,Bank Transfer,Amaka Osei,May,2024,%Q,Q2
BK03813,2024-09-06,2024-10-25,2024-11-05,11,Presidential,355180,20,284144,3125584,Corporate,Air Peace,Online Travel Agent,Completed,British,4,Cash,Fatima Bello,October,2024,%Q,Q4
BK03814,2024-10-27,2024-12-03,2024-12-05,2,Deluxe,74892,10,67403,134806,Corporate,Unilever Nigeria,Online Travel Agent,Completed,Nigerian,4,POS,Direct Booking,December,2024,%Q,Q4
BK03815,2024-05-16,2024-06-27,2024-07-10,13,Presidential,295798,5,281008,3653105,Leisure,Individual Guest,Online Travel Agent,Confirmed,Nigerian,4,Cash,Direct Booking,June,2024,%Q,Q2
BK03816,2023-06-09,2023-07-13,2023-07-19,6,Standard,63055,20,50444,302664,Corporate,Unilever Nigeria,Online Travel Agent,Completed,Nigerian,4,Corporate Account,Chioma Eze,July,2023,%Q,Q3
BK03817,2023-07-09,2023-09-02,2023-09-08,6,Presidential,337318,0,337318,2023908,Group,Individual Guest,Online Travel Agent,Completed,Nigerian,4,POS,Fatima Bello,September,2023,%Q,Q3
BK03818,2023-06-22,2023-07-01,2023-07-07,6,Standard,47629,0,47629,285774,Group,Individual Guest,Online Travel Agent,Confirmed,Nigerian,1,POS,Direct Booking,July,2023,%Q,Q3
BK03819,2023-12-26,2024-01-26,2024-02-08,13,Standard,63917,0,63917,830921,Corporate,Federal Ministry of Works,Corporate Agreement,Completed,Nigerian,2,Bank Transfer,Tunde Adeyemi,January,2024,%Q,Q1
BK03820,2023-08-05,2023-09-09,2023-09-22,13,Executive,109204,5,103744,1348669,Corporate,Lagos State Government,Online Travel Agent,Completed,South African,2,Cash,Emeka Okonkwo,September,2023,%Q,Q3
BK03821,2023-11-13,2023-12-04,2023-12-18,14,Deluxe,83878,5,79684,1115577,Group,Individual Guest,Corporate Agreement,Confirmed,Nigerian,3,Corporate Account,Fatima Bello,December,2023,%Q,Q4
BK03822,2024-05-24,2024-05-31,2024-06-02,2,Deluxe,88301,5,83886,167772,Corporate,Julius Berger,Online Travel Agent,Completed,Nigerian,2,Credit Card,Fatima Bello,May,2024,%Q,Q2
BK03823,2024-08-10,2024-08-15,2024-08-19,4,Executive,125152,0,125152,500608,Leisure,Individual Guest,Walk In,Completed,Ghanaian,4,Cash,Fatima Bello,August,2024,%Q,Q3
BK03824,2024-10-18,2024-10-21,2024-11-01,11,Suite,141342,0,141342,1554762,Airline Crew,Honeywell Group,Travel Agent,Completed,British,2,Cash,Emeka Okonkwo,October,2024,%Q,Q4
BK03825,2023-04-20,2023-05-09,2023-05-20,11,Deluxe,79889,5,75895,0,Group,Individual Guest,Direct,Cancelled,Chinese,3,Bank Transfer,Amaka Osei,May,2023,%Q,Q2
BK03826,2023-11-03,2023-12-27,2023-12-28,1,Presidential,286889,20,229511,0,Government,Oando PLC,Corporate Agreement,Cancelled,Nigerian,4,Credit Card,Direct Booking,December,2023,%Q,Q4
BK03827,2024-11-26,2024-12-19,2025-01-02,14,Executive,118090,5,112186,1570597,Airline Crew,Total Energies,Direct,Completed,Nigerian,4,Corporate Account,Amaka Osei,December,2024,%Q,Q4
BK03828,2023-01-01,2023-01-05,2023-01-18,13,Presidential,332686,0,332686,4324918,Corporate,Lagos State Government,Direct,Completed,South African,3,Cash,Fatima Bello,January,2023,%Q,Q1
BK03829,2023-01-17,2023-03-03,2023-03-16,13,Standard,45512,20,36410,473325,Corporate,Honeywell Group,Corporate Agreement,Completed,Nigerian,3,Cash,Tunde Adeyemi,March,2023,%Q,Q1
BK03830,2023-04-06,2023-06-03,2023-06-05,2,Standard,48499,0,48499,96998,MICE,Zenith Bank,Travel Agent,Completed,British,1,POS,Fatima Bello,June,2023,%Q,Q2
BK03831,2023-04-16,2023-06-09,2023-06-22,13,Presidential,314335,0,314335,4086355,Leisure,Individual Guest,Online Travel Agent,Completed,Nigerian,1,Bank Transfer,Fatima Bello,June,2023,%Q,Q2
BK03832,2023-10-29,2023-11-29,2023-12-11,12,Standard,51181,15,43504,522046,Corporate,Nigerian Ports Authority,Corporate Agreement,Completed,Kenyan,2,Cash,Emeka Okonkwo,November,2023,%Q,Q4
BK03833,2023-05-19,2023-07-11,2023-07-16,5,Suite,179545,10,161590,807952,Corporate,Federal Ministry of Works,Direct,Completed,Nigerian,3,Credit Card,Amaka Osei,July,2023,%Q,Q3
BK03834,2023-12-20,2024-02-03,2024-02-13,10,Deluxe,74721,0,74721,747210,Group,Individual Guest,Direct,Completed,Ghanaian,2,Corporate Account,Amaka Osei,February,2024,%Q,Q1
BK03835,2023-07-30,2023-08-23,2023-08-28,5,Executive,99067,10,89160,445802,Government,Glo Mobile,Direct,Completed,American,4,Bank Transfer,Direct Booking,August,2023,%Q,Q3
BK03836,2023-08-11,2023-09-13,2023-09-23,10,Standard,46686,0,46686,466860,Leisure,Individual Guest,Online Travel Agent,Completed,Nigerian,1,Credit Card,Chioma Eze,September,2023,%Q,Q3
BK03837,2024-08-23,2024-10-09,2024-10-22,13,Standard,50810,20,40648,0,Corporate,Chevron Nigeria,Corporate Agreement,Cancelled,Nigerian,4,Bank Transfer,Emeka Okonkwo,October,2024,%Q,Q4
BK03838,2023-01-22,2023-02-12,2023-02-22,10,Executive,111586,0,111586,1115860,Group,Individual Guest,Corporate Agreement,Confirmed,French,2,Bank Transfer,Chioma Eze,February,2023,%Q,Q1
BK03839,2024-10-25,2024-11-21,2024-11-25,4,Executive,118570,5,112642,450566,Group,Individual Guest,Online Travel Agent,Confirmed,German,3,Bank Transfer,Fatima Bello,November,2024,%Q,Q4
BK03840,2024-10-19,2024-12-14,2024-12-27,13,Suite,156170,5,148362,1928700,Corporate,Nigerian Breweries,Corporate Agreement,Completed,Nigerian,3,Bank Transfer,Fatima Bello,December,2024,%Q,Q4
BK03841,2023-10-28,2023-11-08,2023-11-18,10,Deluxe,72806,10,65525,655254,MICE,Unilever Nigeria,Direct,Completed,Nigerian,3,POS,Fatima Bello,November,2023,%Q,Q4
BK03842,2023-04-19,2023-04-26,2023-05-01,5,Suite,120448,10,108403,542016,MICE,Lafarge Africa,Walk In,Completed,American,2,POS,Emeka Okonkwo,April,2023,%Q,Q2
BK03843,2023-03-11,2023-05-04,2023-05-09,5,Deluxe,83506,10,75155,375777,Corporate,MTN Nigeria,Travel Agent,Completed,Ghanaian,4,Bank Transfer,Amaka Osei,May,2023,%Q,Q2
BK03844,2023-02-10,2023-02-13,2023-02-16,3,Presidential,382668,5,363535,1090604,Group,Individual Guest,Online Travel Agent,Completed,Indian,4,POS,Fatima Bello,February,2023,%Q,Q1
BK03845,2023-12-20,2024-01-08,2024-01-18,10,Presidential,269425,5,255954,2559538,Group,Individual Guest,Direct,Confirmed,Ghanaian,4,Credit Card,Amaka Osei,January,2024,%Q,Q1
BK03846,2024-09-16,2024-11-15,2024-11-21,6,Presidential,276681,20,221345,1328069,Government,GTCO,Corporate Agreement,Completed,British,2,Credit Card,Chioma Eze,November,2024,%Q,Q4
BK03847,2023-03-17,2023-04-27,2023-05-06,9,Standard,48116,5,45710,411392,Corporate,Dangote Group,Travel Agent,Completed,Nigerian,2,Corporate Account,Chioma Eze,April,2023,%Q,Q2
BK03848,2023-09-20,2023-10-24,2023-10-27,3,Suite,166875,5,158531,475594,Airline Crew,Nestle Nigeria,Corporate Agreement,Confirmed,South African,2,Corporate Account,Chioma Eze,October,2023,%Q,Q4
BK03849,2024-04-28,2024-05-03,2024-05-17,14,Deluxe,75180,20,60144,842016,Corporate,Nestle Nigeria,Walk In,Completed,Indian,2,Credit Card,Chioma Eze,May,2024,%Q,Q2
BK03850,2024-01-19,2024-03-10,2024-03-18,8,Standard,59686,5,56702,453614,Leisure,Individual Guest,Travel Agent,Confirmed,British,4,Credit Card,Direct Booking,March,2024,%Q,Q1
BK03851,2024-10-29,2024-12-26,2025-01-02,7,Executive,114817,10,103335,723347,Corporate,Honeywell Group,Direct,Completed,Nigerian,2,Cash,Direct Booking,December,2024,%Q,Q4
BK03852,2024-12-04,2024-12-05,2024-12-06,1,Deluxe,77165,0,77165,77165,Group,Individual Guest,Online Travel Agent,Completed,Nigerian,4,POS,Direct Booking,December,2024,%Q,Q4
BK03853,2023-09-19,2023-10-18,2023-10-31,13,Deluxe,81293,20,65034,845447,Corporate,NNPC,Travel Agent,Completed,Nigerian,2,POS,Direct Booking,October,2023,%Q,Q4
BK03854,2023-05-09,2023-07-02,2023-07-10,8,Executive,110331,10,99298,794383,Leisure,Individual Guest,Direct,Completed,British,2,POS,Amaka Osei,July,2023,%Q,Q3
BK03855,2024-06-16,2024-08-13,2024-08-17,4,Executive,107563,0,107563,430252,Airline Crew,Chevron Nigeria,Online Travel Agent,Completed,American,4,Bank Transfer,Fatima Bello,August,2024,%Q,Q3
BK03856,2023-08-28,2023-10-08,2023-10-11,3,Deluxe,81543,10,73389,220166,Government,Oando PLC,Direct,Completed,Nigerian,2,Cash,Fatima Bello,October,2023,%Q,Q4
BK03857,2023-02-25,2023-03-24,2023-04-05,12,Presidential,299043,0,299043,3588516,Group,Individual Guest,Online Travel Agent,Completed,Nigerian,3,Bank Transfer,Emeka Okonkwo,March,2023,%Q,Q1
BK03858,2024-03-15,2024-04-25,2024-05-09,14,Standard,61240,10,55116,771624,Leisure,Individual Guest,Corporate Agreement,Confirmed,French,3,POS,Chioma Eze,April,2024,%Q,Q2
BK03859,2024-07-28,2024-09-16,2024-09-26,10,Executive,107964,10,97168,971676,MICE,Oando PLC,Online Travel Agent,Completed,Indian,2,Bank Transfer,Tunde Adeyemi,September,2024,%Q,Q3
BK03860,2023-01-01,2023-01-12,2023-01-25,13,Presidential,343953,20,275162,3577111,Corporate,Flour Mills Nigeria,Corporate Agreement,Completed,Nigerian,3,Credit Card,Tunde Adeyemi,January,2023,%Q,Q1
BK03861,2023-12-01,2023-12-07,2023-12-13,6,Deluxe,76190,0,76190,457140,Group,Individual Guest,Corporate Agreement,Completed,Nigerian,4,POS,Amaka Osei,December,2023,%Q,Q4
BK03862,2024-10-15,2024-11-06,2024-11-18,12,Standard,48260,10,43434,521208,Corporate,Federal Ministry of Works,Online Travel Agent,Completed,American,4,Credit Card,Emeka Okonkwo,November,2024,%Q,Q4
BK03863,2024-07-13,2024-09-11,2024-09-12,1,Suite,168101,10,151291,151291,Corporate,Zenith Bank,Online Travel Agent,Completed,Chinese,2,Credit Card,Tunde Adeyemi,September,2024,%Q,Q3
BK03864,2023-03-24,2023-05-18,2023-05-25,7,Executive,127920,10,115128,805896,MICE,Oando PLC,Walk In,Completed,German,2,Credit Card,Tunde Adeyemi,May,2023,%Q,Q2
BK03865,2023-03-23,2023-04-25,2023-04-28,3,Standard,59462,0,59462,178386,Corporate,Guinness Nigeria,Travel Agent,Completed,American,2,Cash,Direct Booking,April,2023,%Q,Q2
BK03866,2023-02-14,2023-03-14,2023-03-17,3,Suite,158098,10,142288,426865,Leisure,Individual Guest,Online Travel Agent,Completed,Ghanaian,3,Bank Transfer,Amaka Osei,March,2023,%Q,Q1
BK03867,2023-07-24,2023-07-30,2023-08-03,4,Standard,62532,0,62532,0,Leisure,Individual Guest,Direct,Cancelled,Ghanaian,3,Cash,Direct Booking,July,2023,%Q,Q3
BK03868,2023-01-01,2023-01-28,2023-02-01,4,Presidential,275041,0,275041,1100164,Leisure,Individual Guest,Corporate Agreement,Confirmed,Nigerian,1,Bank Transfer,Chioma Eze,January,2023,%Q,Q1
BK03869,2023-04-11,2023-05-13,2023-05-15,2,Deluxe,79979,0,79979,159958,Corporate,Flour Mills Nigeria,Direct,Confirmed,Nigerian,4,Cash,Fatima Bello,May,2023,%Q,Q2
BK03870,2024-02-04,2024-03-10,2024-03-21,11,Executive,129927,0,129927,1429197,Leisure,Individual Guest,Direct,Completed,South African,4,POS,Chioma Eze,March,2024,%Q,Q1
BK03871,2023-07-26,2023-08-03,2023-08-14,11,Standard,54178,0,54178,595958,Corporate,GTCO,Direct,Completed,American,2,Cash,Chioma Eze,August,2023,%Q,Q3
BK03872,2023-01-22,2023-02-14,2023-02-21,7,Standard,46474,0,46474,325318,MICE,UBA Group,Direct,Completed,Nigerian,2,Bank Transfer,Chioma Eze,February,2023,%Q,Q1
BK03873,2023-08-06,2023-08-29,2023-09-04,6,Suite,168837,10,151953,911720,Leisure,Individual Guest,Direct,Completed,Nigerian,2,Credit Card,Tunde Adeyemi,August,2023,%Q,Q3
BK03874,2023-11-14,2024-01-01,2024-01-08,7,Executive,103550,10,93195,652365,Group,Individual Guest,Travel Agent,Completed,Nigerian,4,POS,Fatima Bello,January,2024,%Q,Q1
BK03875,2024-03-13,2024-04-09,2024-04-17,8,Executive,123701,20,98961,0,Government,Zenith Bank,Online Travel Agent,Cancelled,American,1,Credit Card,Tunde Adeyemi,April,2024,%Q,Q2
BK03876,2024-07-02,2024-08-10,2024-08-14,4,Executive,105534,20,84427,0,Corporate,Transcorp Hotels,Direct,Cancelled,Nigerian,3,Cash,Chioma Eze,August,2024,%Q,Q3
BK03877,2024-01-04,2024-02-24,2024-03-04,9,Standard,59950,0,59950,539550,MICE,Guinness Nigeria,Online Travel Agent,Completed,French,4,Corporate Account,Amaka Osei,February,2024,%Q,Q1
BK03878,2024-11-09,2024-11-24,2024-11-25,1,Standard,56397,10,50757,50757,Government,Airtel Nigeria,Corporate Agreement,Completed,French,3,POS,Amaka Osei,November,2024,%Q,Q4
BK03879,2024-09-23,2024-11-08,2024-11-15,7,Deluxe,71080,5,67526,472682,Leisure,Individual Guest,Online Travel Agent,Completed,Nigerian,2,POS,Tunde Adeyemi,November,2024,%Q,Q4
BK03880,2023-02-17,2023-03-25,2023-04-05,11,Suite,136492,0,136492,0,Corporate,Federal Ministry of Works,Online Travel Agent,Cancelled,Nigerian,2,Bank Transfer,Emeka Okonkwo,March,2023,%Q,Q1
BK03881,2024-04-20,2024-04-24,2024-05-05,11,Suite,132924,0,132924,1462164,Leisure,Individual Guest,Direct,Completed,American,3,Cash,Chioma Eze,April,2024,%Q,Q2
BK03882,2023-07-24,2023-08-13,2023-08-24,11,Suite,138508,15,117732,1295050,Government,Conoil,Walk In,Completed,Nigerian,4,Corporate Account,Fatima Bello,August,2023,%Q,Q3
BK03883,2024-10-22,2024-12-16,2024-12-25,9,Presidential,391045,5,371493,3343435,Airline Crew,Chevron Nigeria,Travel Agent,Completed,Nigerian,1,Bank Transfer,Amaka Osei,December,2024,%Q,Q4
BK03884,2023-04-12,2023-05-24,2023-06-04,11,Standard,54084,0,54084,594924,Corporate,GTCO,Walk In,Completed,German,4,Cash,Tunde Adeyemi,May,2023,%Q,Q2
BK03885,2024-11-12,2024-12-05,2024-12-13,8,Executive,96023,15,81620,652956,Government,FBN Holdings,Travel Agent,Confirmed,Indian,4,POS,Chioma Eze,December,2024,%Q,Q4
BK03886,2024-04-07,2024-05-10,2024-05-12,2,Executive,111850,10,100665,201330,Airline Crew,Shell Nigeria,Direct,Completed,Nigerian,3,Bank Transfer,Emeka Okonkwo,May,2024,%Q,Q2
BK03887,2024-06-15,2024-07-15,2024-07-22,7,Standard,48767,5,46329,324301,MICE,Unilever Nigeria,Online Travel Agent,Completed,Nigerian,3,Credit Card,Tunde Adeyemi,July,2024,%Q,Q3
BK03888,2023-01-31,2023-02-18,2023-03-02,12,Suite,134688,0,134688,1616256,MICE,Air Peace,Direct,Completed,Kenyan,4,Corporate Account,Direct Booking,February,2023,%Q,Q1
BK03889,2024-07-18,2024-09-07,2024-09-20,13,Standard,52005,10,46804,608458,Group,Individual Guest,Travel Agent,Confirmed,Nigerian,4,Corporate Account,Amaka Osei,September,2024,%Q,Q3
BK03890,2024-07-31,2024-09-01,2024-09-13,12,Presidential,287416,0,287416,3448992,Corporate,Chevron Nigeria,Direct,Completed,Kenyan,2,Bank Transfer,Amaka Osei,September,2024,%Q,Q3
BK03891,2023-03-10,2023-04-06,2023-04-15,9,Suite,136060,5,129257,1163313,Corporate,Access Bank,Walk In,Completed,American,1,Bank Transfer,Chioma Eze,April,2023,%Q,Q2
BK03892,2024-03-12,2024-04-19,2024-04-25,6,Standard,60552,15,51469,308815,Corporate,PZ Cussons,Walk In,Completed,Nigerian,3,Credit Card,Tunde Adeyemi,April,2024,%Q,Q2
BK03893,2024-11-12,2024-11-30,2024-12-08,8,Standard,55833,10,50250,401998,Corporate,Nestle Nigeria,Travel Agent,Completed,American,1,Bank Transfer,Tunde Adeyemi,November,2024,%Q,Q4
BK03894,2023-08-13,2023-09-22,2023-09-24,2,Standard,48720,0,48720,97440,Leisure,Individual Guest,Direct,Completed,Nigerian,4,Bank Transfer,Emeka Okonkwo,September,2023,%Q,Q3
BK03895,2023-08-17,2023-09-11,2023-09-23,12,Presidential,303451,5,288278,3459341,Corporate,Conoil,Direct,Completed,Nigerian,3,Cash,Direct Booking,September,2023,%Q,Q3
BK03896,2024-09-27,2024-10-24,2024-11-07,14,Executive,111013,0,111013,1554182,Group,Individual Guest,Direct,Completed,Nigerian,4,Cash,Tunde Adeyemi,October,2024,%Q,Q4
BK03897,2023-04-11,2023-05-07,2023-05-21,14,Standard,55245,0,55245,773430,Group,Individual Guest,Corporate Agreement,Completed,Nigerian,4,Credit Card,Direct Booking,May,2023,%Q,Q2
BK03898,2024-05-07,2024-06-30,2024-07-05,5,Suite,140616,0,140616,703080,Corporate,Airtel Nigeria,Direct,Completed,Nigerian,3,POS,Direct Booking,June,2024,%Q,Q2
BK03899,2024-06-13,2024-06-30,2024-07-02,2,Presidential,331512,0,331512,663024,Airline Crew,Total Energies,Direct,Completed,Nigerian,2,POS,Chioma Eze,June,2024,%Q,Q2
BK03900,2024-04-24,2024-06-07,2024-06-08,1,Deluxe,91943,0,91943,91943,Group,Individual Guest,Travel Agent,Completed,Nigerian,3,Bank Transfer,Fatima Bello,June,2024,%Q,Q2
BK03901,2024-05-20,2024-05-22,2024-05-28,6,Executive,128323,5,121907,731441,Corporate,Seplat Energy,Online Travel Agent,Completed,South African,3,Credit Card,Chioma Eze,May,2024,%Q,Q2
BK03902,2023-09-01,2023-10-15,2023-10-27,12,Executive,127266,0,127266,0,Leisure,Individual Guest,Travel Agent,No Show,Nigerian,2,Cash,Emeka Okonkwo,October,2023,%Q,Q4
BK03903,2023-10-23,2023-11-10,2023-11-17,7,Standard,46599,10,41939,293574,Leisure,Individual Guest,Online Travel Agent,Completed,Nigerian,3,Corporate Account,Tunde Adeyemi,November,2023,%Q,Q4
BK03904,2024-02-02,2024-03-20,2024-03-23,3,Executive,118865,5,112922,338765,MICE,Lafarge Africa,Corporate Agreement,Completed,South African,3,Cash,Fatima Bello,March,2024,%Q,Q1
BK03905,2023-01-16,2023-01-22,2023-02-01,10,Deluxe,73974,0,73974,739740,Corporate,Flour Mills Nigeria,Direct,Confirmed,Nigerian,4,Credit Card,Chioma Eze,January,2023,%Q,Q1
BK03906,2023-03-09,2023-04-05,2023-04-18,13,Standard,63792,5,60602,787831,MICE,Guinness Nigeria,Corporate Agreement,Confirmed,Nigerian,2,Corporate Account,Amaka Osei,April,2023,%Q,Q2
BK03907,2023-04-08,2023-05-20,2023-05-26,6,Standard,60627,20,48502,291010,Corporate,Unilever Nigeria,Travel Agent,Completed,Nigerian,2,Bank Transfer,Chioma Eze,May,2023,%Q,Q2
BK03908,2023-09-19,2023-11-01,2023-11-05,4,Presidential,383304,20,306643,1226573,Government,Flour Mills Nigeria,Walk In,Completed,Nigerian,2,Cash,Fatima Bello,November,2023,%Q,Q4
BK03909,2023-09-01,2023-09-06,2023-09-13,7,Executive,112340,5,106723,747061,Leisure,Individual Guest,Online Travel Agent,Completed,Ghanaian,3,Cash,Fatima Bello,September,2023,%Q,Q3
BK03910,2024-05-23,2024-06-03,2024-06-05,2,Executive,107651,0,107651,215302,Group,Individual Guest,Travel Agent,Completed,American,4,Credit Card,Direct Booking,June,2024,%Q,Q2
BK03911,2024-06-17,2024-06-25,2024-06-29,4,Deluxe,92373,15,78517,0,Corporate,Air Peace,Corporate Agreement,Cancelled,Nigerian,4,Credit Card,Direct Booking,June,2024,%Q,Q2
BK03912,2023-03-20,2023-04-15,2023-04-23,8,Suite,166562,0,166562,1332496,Corporate,FBN Holdings,Direct,Completed,Chinese,1,Cash,Chioma Eze,April,2023,%Q,Q2
BK03913,2023-05-24,2023-06-17,2023-06-26,9,Deluxe,86536,0,86536,778824,Corporate,Unilever Nigeria,Online Travel Agent,Completed,Chinese,2,Credit Card,Direct Booking,June,2023,%Q,Q2
BK03914,2024-03-23,2024-05-03,2024-05-16,13,Suite,164510,5,156284,2031698,Group,Individual Guest,Direct,Completed,Chinese,4,Credit Card,Fatima Bello,May,2024,%Q,Q2
BK03915,2024-03-28,2024-05-17,2024-05-25,8,Suite,131964,5,125366,1002926,Corporate,Lafarge Africa,Direct,Completed,French,2,Corporate Account,Tunde Adeyemi,May,2024,%Q,Q2
BK03916,2024-03-14,2024-03-27,2024-04-05,9,Presidential,359636,0,359636,3236724,MICE,Total Energies,Walk In,Confirmed,Nigerian,4,Credit Card,Amaka Osei,March,2024,%Q,Q1
BK03917,2024-03-29,2024-05-16,2024-05-24,8,Deluxe,72218,5,68607,548857,Corporate,Flour Mills Nigeria,Corporate Agreement,Completed,Nigerian,3,Corporate Account,Fatima Bello,May,2024,%Q,Q2
BK03918,2024-04-30,2024-05-23,2024-05-25,2,Suite,151221,5,143660,287320,Corporate,Air Peace,Direct,Completed,British,4,Bank Transfer,Tunde Adeyemi,May,2024,%Q,Q2
BK03919,2023-01-01,2023-02-01,2023-02-12,11,Presidential,344726,20,275781,3033589,Corporate,Lafarge Africa,Online Travel Agent,Completed,Kenyan,2,Bank Transfer,Tunde Adeyemi,February,2023,%Q,Q1
BK03920,2024-03-07,2024-05-02,2024-05-06,4,Suite,125612,10,113051,452203,Group,Individual Guest,Direct,Completed,Indian,3,Corporate Account,Tunde Adeyemi,May,2024,%Q,Q2
BK03921,2024-08-20,2024-10-16,2024-10-30,14,Standard,62219,0,62219,871066,Corporate,Air Peace,Direct,Confirmed,Nigerian,4,POS,Amaka Osei,October,2024,%Q,Q4
BK03922,2023-06-03,2023-06-10,2023-06-23,13,Presidential,323210,5,307050,3991644,Corporate,PZ Cussons,Corporate Agreement,Completed,Nigerian,2,Bank Transfer,Emeka Okonkwo,June,2023,%Q,Q2
BK03923,2023-06-12,2023-08-03,2023-08-05,2,Suite,173129,0,173129,346258,Group,Individual Guest,Corporate Agreement,Completed,American,4,Bank Transfer,Chioma Eze,August,2023,%Q,Q3
BK03924,2024-02-22,2024-04-01,2024-04-14,13,Standard,51478,0,51478,669214,Corporate,MTN Nigeria,Corporate Agreement,Completed,Nigerian,3,Bank Transfer,Emeka Okonkwo,April,2024,%Q,Q2
BK03925,2024-04-21,2024-04-21,2024-04-27,6,Deluxe,94059,10,84653,507919,Corporate,Guinness Nigeria,Direct,Completed,Nigerian,4,Corporate Account,Fatima Bello,April,2024,%Q,Q2
BK03926,2024-04-23,2024-06-12,2024-06-24,12,Executive,116269,0,116269,1395228,Corporate,Glo Mobile,Direct,Completed,Nigerian,3,Cash,Amaka Osei,June,2024,%Q,Q2
BK03927,2023-09-08,2023-10-31,2023-11-10,10,Executive,106532,15,90552,905522,Government,Lagos State Government,Direct,Completed,Nigerian,4,Credit Card,Emeka Okonkwo,October,2023,%Q,Q4
BK03928,2023-02-18,2023-04-17,2023-04-26,9,Standard,54438,0,54438,489942,MICE,Nestle Nigeria,Travel Agent,Confirmed,French,3,POS,Direct Booking,April,2023,%Q,Q2
BK03929,2023-01-04,2023-02-17,2023-02-28,11,Suite,179419,10,161477,1776248,Leisure,Individual Guest,Travel Agent,Confirmed,Nigerian,2,Cash,Tunde Adeyemi,February,2023,%Q,Q1
BK03930,2023-09-24,2023-10-21,2023-10-23,2,Executive,124434,20,99547,199094,Corporate,Conoil,Travel Agent,Completed,British,3,Corporate Account,Direct Booking,October,2023,%Q,Q4
BK03931,2023-11-02,2023-11-19,2023-11-27,8,Presidential,269759,0,269759,2158072,Airline Crew,Access Bank,Corporate Agreement,Confirmed,Chinese,4,Credit Card,Emeka Okonkwo,November,2023,%Q,Q4
BK03932,2023-03-07,2023-04-04,2023-04-13,9,Presidential,311905,0,311905,2807145,Group,Individual Guest,Corporate Agreement,Completed,Nigerian,1,Corporate Account,Emeka Okonkwo,April,2023,%Q,Q2
BK03933,2023-05-08,2023-06-13,2023-06-18,5,Deluxe,73588,5,69909,349543,Leisure,Individual Guest,Corporate Agreement,Completed,British,2,Cash,Tunde Adeyemi,June,2023,%Q,Q2
BK03934,2024-06-26,2024-07-13,2024-07-14,1,Executive,95179,15,80902,80902,Corporate,Transcorp Hotels,Direct,Completed,Nigerian,3,Corporate Account,Fatima Bello,July,2024,%Q,Q3
BK03935,2024-07-20,2024-08-16,2024-08-19,3,Presidential,286585,0,286585,859755,MICE,Guinness Nigeria,Walk In,Completed,Nigerian,4,Cash,Tunde Adeyemi,August,2024,%Q,Q3
BK03936,2023-05-01,2023-05-25,2023-05-31,6,Executive,107097,10,96387,578324,Airline Crew,Shell Nigeria,Direct,Completed,British,3,Corporate Account,Chioma Eze,May,2023,%Q,Q2
BK03937,2023-04-14,2023-04-28,2023-05-04,6,Deluxe,93122,15,79154,474922,Corporate,Glo Mobile,Online Travel Agent,Completed,Nigerian,3,Bank Transfer,Fatima Bello,April,2023,%Q,Q2
BK03938,2024-06-08,2024-07-04,2024-07-08,4,Presidential,262105,0,262105,0,Group,Individual Guest,Direct,Cancelled,French,4,Credit Card,Amaka Osei,July,2024,%Q,Q3
BK03939,2024-10-23,2024-10-31,2024-11-04,4,Presidential,385156,15,327383,1309530,Corporate,FBN Holdings,Corporate Agreement,Completed,German,1,Corporate Account,Emeka Okonkwo,October,2024,%Q,Q4
BK03940,2023-02-12,2023-02-14,2023-02-21,7,Standard,61342,10,55208,386455,Corporate,FAAN,Direct,Confirmed,Nigerian,1,Bank Transfer,Emeka Okonkwo,February,2023,%Q,Q1
BK03941,2024-07-13,2024-08-28,2024-08-30,2,Executive,115242,20,92194,0,Government,UBA Group,Corporate Agreement,Cancelled,Nigerian,2,Corporate Account,Direct Booking,August,2024,%Q,Q3
BK03942,2024-11-23,2024-12-20,2024-12-28,8,Deluxe,72599,15,61709,493673,Government,Transcorp Hotels,Travel Agent,Completed,Ghanaian,3,Cash,Direct Booking,December,2024,%Q,Q4
BK03943,2024-05-01,2024-05-28,2024-06-04,7,Standard,62154,10,55939,391570,Corporate,Honeywell Group,Direct,Completed,Nigerian,1,Credit Card,Chioma Eze,May,2024,%Q,Q2
BK03944,2023-03-07,2023-04-22,2023-05-04,12,Presidential,381888,0,381888,0,Leisure,Individual Guest,Direct,Cancelled,Nigerian,1,Credit Card,Fatima Bello,April,2023,%Q,Q2
BK03945,2023-04-05,2023-05-20,2023-05-24,4,Deluxe,88882,0,88882,355528,MICE,Chevron Nigeria,Corporate Agreement,Confirmed,Nigerian,2,Bank Transfer,Emeka Okonkwo,May,2023,%Q,Q2
BK03946,2024-11-08,2024-11-08,2024-11-20,12,Suite,167079,10,150371,1804453,Corporate,Flour Mills Nigeria,Online Travel Agent,Completed,Nigerian,3,Bank Transfer,Emeka Okonkwo,November,2024,%Q,Q4
BK03947,2023-02-23,2023-04-24,2023-05-06,12,Executive,119895,0,119895,1438740,Leisure,Individual Guest,Online Travel Agent,Completed,British,1,POS,Tunde Adeyemi,April,2023,%Q,Q2
BK03948,2023-12-26,2024-02-16,2024-02-27,11,Suite,144286,5,137072,1507789,Leisure,Individual Guest,Walk In,Completed,Ghanaian,3,Corporate Account,Emeka Okonkwo,February,2024,%Q,Q1
BK03949,2024-02-23,2024-03-19,2024-03-26,7,Suite,151500,10,136350,954450,Airline Crew,Conoil,Direct,Completed,Nigerian,2,Cash,Direct Booking,March,2024,%Q,Q1
BK03950,2024-03-01,2024-03-22,2024-03-27,5,Suite,132127,20,105702,528508,Corporate,Nigerian Ports Authority,Corporate Agreement,Confirmed,Nigerian,2,POS,Emeka Okonkwo,March,2024,%Q,Q1
BK03951,2024-06-24,2024-07-25,2024-08-03,9,Deluxe,85336,0,85336,768024,Leisure,Individual Guest,Direct,Completed,Nigerian,3,POS,Amaka Osei,July,2024,%Q,Q3
BK03952,2024-02-19,2024-02-29,2024-03-10,10,Presidential,390564,0,390564,3905640,Leisure,Individual Guest,Corporate Agreement,Completed,Nigerian,1,Cash,Direct Booking,February,2024,%Q,Q1
BK03953,2023-12-26,2024-01-25,2024-02-07,13,Deluxe,80003,0,80003,1040039,Leisure,Individual Guest,Direct,Completed,Nigerian,3,Bank Transfer,Tunde Adeyemi,January,2024,%Q,Q1
BK03954,2023-02-21,2023-02-26,2023-03-02,4,Presidential,299785,0,299785,0,Airline Crew,PZ Cussons,Direct,No Show,Nigerian,3,POS,Amaka Osei,February,2023,%Q,Q1
BK03955,2024-01-30,2024-02-15,2024-02-21,6,Presidential,389402,0,389402,2336412,Corporate,Honeywell Group,Direct,Completed,Nigerian,4,POS,Tunde Adeyemi,February,2024,%Q,Q1
BK03956,2023-12-01,2023-12-18,2023-12-20,2,Deluxe,83502,0,83502,167004,Group,Individual Guest,Online Travel Agent,Completed,American,3,Credit Card,Fatima Bello,December,2023,%Q,Q4
BK03957,2024-02-12,2024-04-08,2024-04-18,10,Presidential,302355,5,287237,2872372,Group,Individual Guest,Walk In,Completed,American,4,Cash,Chioma Eze,April,2024,%Q,Q2
BK03958,2024-07-30,2024-09-24,2024-10-01,7,Deluxe,91530,10,82377,576639,Airline Crew,9mobile,Corporate Agreement,Completed,Nigerian,4,Bank Transfer,Chioma Eze,September,2024,%Q,Q3
BK03959,2023-03-26,2023-05-25,2023-05-31,6,Executive,98008,0,98008,588048,Group,Individual Guest,Corporate Agreement,Completed,German,2,Corporate Account,Direct Booking,May,2023,%Q,Q2
BK03960,2024-02-20,2024-03-10,2024-03-20,10,Executive,122584,0,122584,0,Group,Individual Guest,Direct,Cancelled,Ghanaian,3,POS,Direct Booking,March,2024,%Q,Q1
BK03961,2024-01-22,2024-03-17,2024-03-26,9,Suite,174821,0,174821,0,Corporate,Oando PLC,Online Travel Agent,Cancelled,American,1,Bank Transfer,Fatima Bello,March,2024,%Q,Q1
BK03962,2023-03-17,2023-05-15,2023-05-26,11,Executive,100051,0,100051,1100561,Group,Individual Guest,Travel Agent,Confirmed,British,1,Credit Card,Direct Booking,May,2023,%Q,Q2
BK03963,2024-06-07,2024-07-06,2024-07-17,11,Deluxe,73304,15,62308,685392,Government,Unilever Nigeria,Travel Agent,Completed,British,3,Bank Transfer,Fatima Bello,July,2024,%Q,Q3
BK03964,2023-12-06,2024-01-27,2024-01-30,3,Suite,173445,5,164773,494318,Airline Crew,FBN Holdings,Direct,Completed,Nigerian,4,Cash,Emeka Okonkwo,January,2024,%Q,Q1
BK03965,2023-06-22,2023-08-11,2023-08-22,11,Deluxe,89714,10,80743,888169,Corporate,9mobile,Direct,Confirmed,Nigerian,2,Corporate Account,Tunde Adeyemi,August,2023,%Q,Q3
BK03966,2023-08-01,2023-09-04,2023-09-15,11,Standard,54060,0,54060,594660,Corporate,Dangote Group,Online Travel Agent,Completed,Chinese,3,POS,Fatima Bello,September,2023,%Q,Q3
BK03967,2024-09-23,2024-11-19,2024-11-24,5,Deluxe,72008,10,64807,324036,Corporate,UBA Group,Direct,Completed,Chinese,3,Corporate Account,Amaka Osei,November,2024,%Q,Q4
BK03968,2023-01-01,2023-01-15,2023-01-28,13,Presidential,305668,0,305668,0,Group,Individual Guest,Direct,No Show,Nigerian,4,POS,Fatima Bello,January,2023,%Q,Q1
BK03969,2023-05-07,2023-05-24,2023-05-29,5,Standard,54905,10,49414,247072,Government,Julius Berger,Walk In,Confirmed,Nigerian,2,Bank Transfer,Emeka Okonkwo,May,2023,%Q,Q2
BK03970,2024-10-11,2024-11-24,2024-11-30,6,Deluxe,74234,5,70522,423134,MICE,Honeywell Group,Corporate Agreement,Completed,Nigerian,3,Cash,Chioma Eze,November,2024,%Q,Q4
BK03971,2024-01-15,2024-02-12,2024-02-14,2,Deluxe,84542,0,84542,169084,Leisure,Individual Guest,Online Travel Agent,Completed,Nigerian,4,Cash,Amaka Osei,February,2024,%Q,Q1
BK03972,2023-06-08,2023-07-04,2023-07-11,7,Executive,101930,5,96834,677834,Corporate,PZ Cussons,Travel Agent,Completed,British,3,POS,Tunde Adeyemi,July,2023,%Q,Q3
BK03973,2024-04-15,2024-04-18,2024-04-30,12,Deluxe,72260,15,61421,0,Corporate,Nigerian Breweries,Direct,Cancelled,Kenyan,1,Credit Card,Direct Booking,April,2024,%Q,Q2
BK03974,2023-05-03,2023-06-11,2023-06-19,8,Presidential,336654,0,336654,2693232,Leisure,Individual Guest,Travel Agent,Completed,Nigerian,1,POS,Tunde Adeyemi,June,2023,%Q,Q2
BK03975,2024-08-02,2024-09-09,2024-09-23,14,Standard,52243,10,47019,658262,Leisure,Individual Guest,Corporate Agreement,Confirmed,Nigerian,2,Cash,Emeka Okonkwo,September,2024,%Q,Q3
BK03976,2024-11-21,2024-12-14,2024-12-27,13,Suite,150274,0,150274,1953562,Group,Individual Guest,Direct,Confirmed,Nigerian,4,Bank Transfer,Direct Booking,December,2024,%Q,Q4
BK03977,2023-05-09,2023-07-01,2023-07-02,1,Executive,116312,0,116312,116312,Leisure,Individual Guest,Corporate Agreement,Confirmed,Ghanaian,3,Corporate Account,Tunde Adeyemi,July,2023,%Q,Q3
BK03978,2024-01-19,2024-02-06,2024-02-11,5,Suite,133779,5,127090,635450,MICE,Federal Ministry of Works,Direct,Completed,Nigerian,1,Bank Transfer,Direct Booking,February,2024,%Q,Q1
BK03979,2024-09-26,2024-10-06,2024-10-09,3,Executive,121081,10,108973,0,Group,Individual Guest,Direct,No Show,Nigerian,4,POS,Direct Booking,October,2024,%Q,Q4
BK03980,2023-10-25,2023-11-24,2023-12-05,11,Standard,46847,10,42162,0,Group,Individual Guest,Online Travel Agent,Cancelled,Nigerian,1,Bank Transfer,Amaka Osei,November,2023,%Q,Q4
BK03981,2023-01-03,2023-02-14,2023-02-15,1,Executive,108874,0,108874,108874,Group,Individual Guest,Online Travel Agent,Confirmed,Kenyan,4,Corporate Account,Direct Booking,February,2023,%Q,Q1
BK03982,2023-09-25,2023-10-18,2023-10-25,7,Presidential,358314,10,322483,2257378,Corporate,Chevron Nigeria,Online Travel Agent,Completed,Nigerian,3,Credit Card,Amaka Osei,October,2023,%Q,Q4
BK03983,2024-02-23,2024-03-07,2024-03-18,11,Deluxe,76023,0,76023,836253,Group,Individual Guest,Online Travel Agent,Completed,South African,3,Corporate Account,Direct Booking,March,2024,%Q,Q1
BK03984,2023-10-23,2023-12-09,2023-12-14,5,Executive,108152,0,108152,540760,Corporate,Oando PLC,Direct,Completed,Indian,3,POS,Amaka Osei,December,2023,%Q,Q4
BK03985,2024-04-20,2024-05-26,2024-06-02,7,Executive,118525,0,118525,829675,Group,Individual Guest,Walk In,Completed,Nigerian,1,Bank Transfer,Emeka Okonkwo,May,2024,%Q,Q2
BK03986,2024-11-25,2024-12-23,2024-12-27,4,Suite,130056,5,123553,494213,Corporate,Lagos State Government,Online Travel Agent,Completed,British,2,Bank Transfer,Amaka Osei,December,2024,%Q,Q4
BK03987,2023-05-06,2023-05-11,2023-05-17,6,Suite,142184,0,142184,853104,Leisure,Individual Guest,Corporate Agreement,Completed,Ghanaian,2,Corporate Account,Tunde Adeyemi,May,2023,%Q,Q2
BK03988,2024-04-15,2024-05-11,2024-05-18,7,Standard,53946,20,43157,302098,Corporate,Shell Nigeria,Online Travel Agent,Completed,Nigerian,1,Corporate Account,Fatima Bello,May,2024,%Q,Q2
BK03989,2023-01-30,2023-03-21,2023-03-25,4,Executive,105174,5,99915,399661,Corporate,Shell Nigeria,Corporate Agreement,Confirmed,Nigerian,3,Credit Card,Direct Booking,March,2023,%Q,Q1
BK03990,2024-09-02,2024-09-12,2024-09-15,3,Presidential,346804,20,277443,832330,Corporate,GTCO,Travel Agent,Completed,British,4,Corporate Account,Amaka Osei,September,2024,%Q,Q3
BK03991,2023-10-26,2023-12-03,2023-12-07,4,Standard,62883,10,56595,226379,Leisure,Individual Guest,Corporate Agreement,Completed,American,4,Corporate Account,Emeka Okonkwo,December,2023,%Q,Q4
BK03992,2023-01-01,2023-01-25,2023-01-26,1,Executive,128146,15,108924,108924,Corporate,GTCO,Walk In,Completed,Nigerian,2,POS,Chioma Eze,January,2023,%Q,Q1
BK03993,2024-12-01,2024-12-01,2024-12-15,14,Presidential,331080,10,297972,4171608,Corporate,Federal Ministry of Works,Travel Agent,Completed,South African,3,Bank Transfer,Direct Booking,December,2024,%Q,Q4
BK03994,2024-07-26,2024-08-16,2024-08-19,3,Executive,105824,0,105824,317472,Leisure,Individual Guest,Online Travel Agent,Completed,British,2,Credit Card,Tunde Adeyemi,August,2024,%Q,Q3
BK03995,2024-02-11,2024-04-03,2024-04-15,12,Deluxe,85985,15,73087,877047,Corporate,GTCO,Travel Agent,Completed,Chinese,2,POS,Direct Booking,April,2024,%Q,Q2
BK03996,2023-01-14,2023-02-26,2023-03-10,12,Suite,150639,0,150639,0,Corporate,PZ Cussons,Direct,No Show,Kenyan,4,Corporate Account,Emeka Okonkwo,February,2023,%Q,Q1
BK03997,2023-02-11,2023-02-17,2023-02-23,6,Suite,159288,10,143359,860155,Group,Individual Guest,Online Travel Agent,Completed,German,2,Corporate Account,Fatima Bello,February,2023,%Q,Q1
BK03998,2024-05-29,2024-07-16,2024-07-23,7,Presidential,386780,10,348102,2436714,Airline Crew,Chevron Nigeria,Direct,Completed,French,2,Bank Transfer,Chioma Eze,July,2024,%Q,Q3
BK03999,2023-12-02,2024-01-04,2024-01-06,2,Executive,116234,0,116234,232468,Leisure,Individual Guest,Corporate Agreement,Confirmed,Nigerian,2,POS,Fatima Bello,January,2024,%Q,Q1
BK04000,2023-03-30,2023-04-14,2023-04-23,9,Presidential,257250,15,218662,1967962,Corporate,Julius Berger,Online Travel Agent,Completed,Nigerian,4,Credit Card,Tunde Adeyemi,April,2023,%Q,Q2
BK04001,2024-08-24,2024-09-08,2024-09-21,13,Presidential,394450,0,394450,5127850,MICE,Access Bank,Travel Agent,Completed,Nigerian,4,Bank Transfer,Amaka Osei,September,2024,%Q,Q3
BK04002,2023-02-20,2023-04-09,2023-04-18,9,Suite,131821,15,112048,0,Corporate,Shell Nigeria,Direct,No Show,Nigerian,2,Credit Card,Amaka Osei,April,2023,%Q,Q2
BK04003,2024-09-01,2024-10-14,2024-10-27,13,Deluxe,92245,0,92245,1199185,Corporate,MTN Nigeria,Direct,Completed,Nigerian,2,Credit Card,Amaka Osei,October,2024,%Q,Q4
BK04004,2024-05-19,2024-07-16,2024-07-26,10,Executive,126713,15,107706,0,Corporate,Unilever Nigeria,Online Travel Agent,Cancelled,Nigerian,4,Bank Transfer,Tunde Adeyemi,July,2024,%Q,Q3
BK04005,2024-09-17,2024-10-12,2024-10-18,6,Presidential,253602,15,215562,1293370,Corporate,MTN Nigeria,Corporate Agreement,Completed,British,4,Bank Transfer,Direct Booking,October,2024,%Q,Q4
BK04006,2023-10-22,2023-12-17,2023-12-31,14,Deluxe,94830,0,94830,1327620,Corporate,UBA Group,Online Travel Agent,Completed,Nigerian,4,POS,Tunde Adeyemi,December,2023,%Q,Q4
BK04007,2023-12-28,2024-01-17,2024-01-19,2,Suite,167106,0,167106,334212,Leisure,Individual Guest,Direct,Completed,Nigerian,4,Bank Transfer,Direct Booking,January,2024,%Q,Q1
BK04008,2023-05-08,2023-05-17,2023-05-25,8,Presidential,298857,20,239086,1912685,Government,Flour Mills Nigeria,Corporate Agreement,Confirmed,American,1,POS,Direct Booking,May,2023,%Q,Q2
BK04009,2023-06-16,2023-07-26,2023-07-31,5,Presidential,279892,5,265897,0,Corporate,Lafarge Africa,Online Travel Agent,Cancelled,American,2,Cash,Amaka Osei,July,2023,%Q,Q3
BK04010,2023-09-25,2023-09-29,2023-10-11,12,Presidential,311193,0,311193,0,Corporate,9mobile,Online Travel Agent,Cancelled,Nigerian,2,Bank Transfer,Tunde Adeyemi,September,2023,%Q,Q3
BK04011,2023-08-08,2023-08-14,2023-08-16,2,Executive,125626,5,119345,238689,Leisure,Individual Guest,Direct,Completed,Indian,2,Credit Card,Direct Booking,August,2023,%Q,Q3
BK04012,2024-05-19,2024-05-20,2024-05-31,11,Standard,47734,0,47734,525074,Leisure,Individual Guest,Direct,Completed,Nigerian,4,POS,Emeka Okonkwo,May,2024,%Q,Q2
BK04013,2024-08-24,2024-09-04,2024-09-05,1,Suite,126281,5,119967,119967,Corporate,Lagos State Government,Travel Agent,Completed,Nigerian,2,Bank Transfer,Tunde Adeyemi,September,2024,%Q,Q3
BK04014,2023-01-06,2023-02-11,2023-02-21,10,Suite,125483,0,125483,1254830,Leisure,Individual Guest,Walk In,Completed,Nigerian,1,Cash,Amaka Osei,February,2023,%Q,Q1
BK04015,2023-06-14,2023-07-22,2023-07-24,2,Presidential,323665,10,291298,582597,MICE,Dangote Group,Direct,Completed,Nigerian,3,Bank Transfer,Chioma Eze,July,2023,%Q,Q3
BK04016,2023-10-20,2023-11-24,2023-11-27,3,Suite,147057,10,132351,397054,Government,Seplat Energy,Travel Agent,Confirmed,Nigerian,4,Corporate Account,Emeka Okonkwo,November,2023,%Q,Q4
BK04017,2023-01-01,2023-01-08,2023-01-17,9,Deluxe,70776,0,70776,636984,Group,Individual Guest,Corporate Agreement,Completed,Ghanaian,2,POS,Chioma Eze,January,2023,%Q,Q1
BK04018,2023-10-06,2023-12-02,2023-12-14,12,Standard,47759,10,42983,0,Leisure,Individual Guest,Direct,Cancelled,British,2,Credit Card,Emeka Okonkwo,December,2023,%Q,Q4
BK04019,2023-07-10,2023-07-11,2023-07-21,10,Standard,62928,10,56635,566352,Government,Nestle Nigeria,Direct,Confirmed,South African,3,Credit Card,Amaka Osei,July,2023,%Q,Q3
BK04020,2024-01-19,2024-03-13,2024-03-17,4,Executive,97033,15,82478,329912,Corporate,Conoil,Direct,Completed,Nigerian,1,Bank Transfer,Chioma Eze,March,2024,%Q,Q1
BK04021,2024-08-23,2024-10-15,2024-10-27,12,Suite,176089,5,167285,2007415,Airline Crew,Zenith Bank,Online Travel Agent,Completed,American,3,POS,Chioma Eze,October,2024,%Q,Q4
BK04022,2024-06-06,2024-08-03,2024-08-10,7,Presidential,395791,10,356212,0,Leisure,Individual Guest,Corporate Agreement,Cancelled,Nigerian,4,Bank Transfer,Chioma Eze,August,2024,%Q,Q3
BK04023,2023-01-01,2023-01-26,2023-01-31,5,Suite,155587,0,155587,777935,Group,Individual Guest,Online Travel Agent,Completed,American,1,POS,Amaka Osei,January,2023,%Q,Q1
BK04024,2023-02-12,2023-04-13,2023-04-26,13,Suite,173801,10,156421,2033472,Government,Federal Ministry of Works,Corporate Agreement,Completed,Nigerian,3,Bank Transfer,Emeka Okonkwo,April,2023,%Q,Q2
BK04025,2023-09-07,2023-10-02,2023-10-12,10,Standard,48159,5,45751,457510,Leisure,Individual Guest,Travel Agent,Completed,Nigerian,1,Cash,Chioma Eze,October,2023,%Q,Q4
BK04026,2024-03-02,2024-04-22,2024-05-05,13,Standard,49224,20,39379,511930,Government,Lafarge Africa,Direct,Completed,German,4,Cash,Tunde Adeyemi,April,2024,%Q,Q2
BK04027,2023-05-18,2023-06-16,2023-06-24,8,Deluxe,80570,10,72513,580104,MICE,Shell Nigeria,Walk In,Confirmed,British,3,Credit Card,Direct Booking,June,2023,%Q,Q2
BK04028,2024-07-01,2024-07-31,2024-08-09,9,Deluxe,81821,0,81821,736389,Group,Individual Guest,Walk In,Completed,Indian,2,POS,Fatima Bello,July,2024,%Q,Q3
BK04029,2024-09-14,2024-10-05,2024-10-17,12,Executive,96041,5,91239,1094867,Corporate,Flour Mills Nigeria,Travel Agent,Confirmed,Nigerian,4,Corporate Account,Fatima Bello,October,2024,%Q,Q4
BK04030,2024-08-10,2024-09-12,2024-09-25,13,Suite,170186,0,170186,2212418,Leisure,Individual Guest,Direct,Completed,American,2,POS,Tunde Adeyemi,September,2024,%Q,Q3
BK04031,2023-12-26,2024-02-07,2024-02-20,13,Suite,128576,0,128576,1671488,Group,Individual Guest,Corporate Agreement,Completed,British,4,Corporate Account,Direct Booking,February,2024,%Q,Q1
BK04032,2023-05-25,2023-06-09,2023-06-17,8,Suite,176788,0,176788,1414304,Corporate,PZ Cussons,Travel Agent,Completed,Chinese,1,Credit Card,Direct Booking,June,2023,%Q,Q2
BK04033,2024-02-13,2024-02-25,2024-03-03,7,Deluxe,78852,0,78852,551964,MICE,Unilever Nigeria,Travel Agent,Completed,Nigerian,3,Credit Card,Emeka Okonkwo,February,2024,%Q,Q1
BK04034,2023-06-05,2023-07-01,2023-07-15,14,Deluxe,83144,10,74830,0,Corporate,Federal Ministry of Works,Direct,Cancelled,Nigerian,3,Cash,Amaka Osei,July,2023,%Q,Q3
BK04035,2023-11-18,2024-01-08,2024-01-14,6,Standard,55042,10,49538,297227,Corporate,UBA Group,Direct,Completed,Nigerian,3,Cash,Chioma Eze,January,2024,%Q,Q1
BK04036,2024-07-05,2024-08-04,2024-08-10,6,Suite,130924,0,130924,785544,MICE,Access Bank,Online Travel Agent,Completed,Nigerian,4,Cash,Direct Booking,August,2024,%Q,Q3
BK04037,2024-04-05,2024-06-01,2024-06-03,2,Suite,124888,10,112399,224798,Corporate,Unilever Nigeria,Walk In,Confirmed,Nigerian,2,POS,Emeka Okonkwo,June,2024,%Q,Q2
BK04038,2024-10-20,2024-11-07,2024-11-14,7,Deluxe,89222,0,89222,624554,Leisure,Individual Guest,Online Travel Agent,Completed,Nigerian,3,Credit Card,Direct Booking,November,2024,%Q,Q4
BK04039,2024-09-20,2024-10-29,2024-11-08,10,Presidential,379982,0,379982,3799820,Leisure,Individual Guest,Travel Agent,Completed,Nigerian,4,Bank Transfer,Amaka Osei,October,2024,%Q,Q4
BK04040,2023-04-10,2023-05-03,2023-05-08,5,Standard,62335,15,52985,264924,Corporate,FBN Holdings,Corporate Agreement,Completed,French,3,Bank Transfer,Tunde Adeyemi,May,2023,%Q,Q2
BK04041,2024-07-09,2024-07-25,2024-07-28,3,Suite,168506,15,143230,429690,Corporate,Zenith Bank,Online Travel Agent,Confirmed,Nigerian,2,Cash,Emeka Okonkwo,July,2024,%Q,Q3
BK04042,2024-05-19,2024-07-01,2024-07-12,11,Executive,106009,15,90108,991184,Corporate,Dangote Group,Corporate Agreement,Completed,Chinese,1,Corporate Account,Direct Booking,July,2024,%Q,Q3
BK04043,2024-01-19,2024-03-06,2024-03-18,12,Presidential,352041,20,281633,3379594,Corporate,Air Peace,Travel Agent,Completed,British,3,Corporate Account,Tunde Adeyemi,March,2024,%Q,Q1
BK04044,2023-04-06,2023-04-15,2023-04-28,13,Standard,62002,15,52702,685122,Government,Conoil,Direct,Completed,Nigerian,1,Corporate Account,Chioma Eze,April,2023,%Q,Q2
BK04045,2024-08-12,2024-08-18,2024-08-19,1,Standard,50396,5,47876,47876,Corporate,Nestle Nigeria,Direct,Completed,Nigerian,1,Cash,Amaka Osei,August,2024,%Q,Q3
BK04046,2024-04-02,2024-05-07,2024-05-10,3,Presidential,391854,0,391854,1175562,Leisure,Individual Guest,Travel Agent,Completed,Indian,1,Credit Card,Direct Booking,May,2024,%Q,Q2
BK04047,2023-02-06,2023-03-03,2023-03-12,9,Standard,53659,5,50976,458784,Group,Individual Guest,Direct,Completed,Nigerian,4,POS,Emeka Okonkwo,March,2023,%Q,Q1
BK04048,2024-08-03,2024-09-24,2024-10-04,10,Executive,128112,10,115301,1153008,Government,Chevron Nigeria,Direct,Confirmed,Nigerian,3,Cash,Amaka Osei,September,2024,%Q,Q3
BK04049,2023-09-21,2023-09-21,2023-09-28,7,Executive,109603,0,109603,0,MICE,Chevron Nigeria,Travel Agent,No Show,French,3,Cash,Amaka Osei,September,2023,%Q,Q3
BK04050,2024-04-17,2024-06-15,2024-06-27,12,Suite,168487,0,168487,2021844,Leisure,Individual Guest,Direct,Completed,Indian,4,Corporate Account,Direct Booking,June,2024,%Q,Q2
BK04051,2024-03-29,2024-05-16,2024-05-28,12,Presidential,382079,15,324767,3897206,Corporate,Guinness Nigeria,Online Travel Agent,Confirmed,Nigerian,2,POS,Emeka Okonkwo,May,2024,%Q,Q2
BK04052,2024-03-29,2024-03-30,2024-04-06,7,Executive,115439,0,115439,808073,Group,Individual Guest,Online Travel Agent,Confirmed,Nigerian,1,POS,Chioma Eze,March,2024,%Q,Q1
BK04053,2023-01-01,2023-01-05,2023-01-18,13,Deluxe,88671,20,70937,922178,Corporate,PZ Cussons,Travel Agent,Completed,South African,3,POS,Tunde Adeyemi,January,2023,%Q,Q1
BK04054,2024-08-31,2024-10-09,2024-10-16,7,Executive,122887,0,122887,860209,Group,Individual Guest,Online Travel Agent,Completed,Nigerian,4,Corporate Account,Direct Booking,October,2024,%Q,Q4
BK04055,2024-03-19,2024-05-12,2024-05-18,6,Standard,50616,10,45554,273326,Corporate,Access Bank,Direct,Completed,Nigerian,3,Corporate Account,Tunde Adeyemi,May,2024,%Q,Q2
BK04056,2023-04-16,2023-04-17,2023-04-26,9,Deluxe,79090,15,67226,605038,Corporate,UBA Group,Online Travel Agent,Confirmed,South African,3,Credit Card,Direct Booking,April,2023,%Q,Q2
BK04057,2023-12-28,2024-01-18,2024-01-22,4,Deluxe,79057,5,75104,300417,Group,Individual Guest,Online Travel Agent,Completed,American,1,Cash,Fatima Bello,January,2024,%Q,Q1
BK04058,2024-01-04,2024-03-03,2024-03-14,11,Suite,170688,0,170688,1877568,MICE,Oando PLC,Online Travel Agent,Completed,Kenyan,2,Cash,Fatima Bello,March,2024,%Q,Q1
BK04059,2023-03-09,2023-03-19,2023-03-22,3,Suite,173593,5,164913,494740,Group,Individual Guest,Online Travel Agent,Completed,Ghanaian,1,Bank Transfer,Direct Booking,March,2023,%Q,Q1
BK04060,2023-11-19,2023-11-29,2023-12-12,13,Deluxe,85738,0,85738,1114594,Leisure,Individual Guest,Direct,Completed,Nigerian,3,Corporate Account,Direct Booking,November,2023,%Q,Q4
BK04061,2023-06-25,2023-08-03,2023-08-16,13,Executive,127528,15,108399,1409184,Corporate,Dangote Group,Travel Agent,Confirmed,American,1,Cash,Chioma Eze,August,2023,%Q,Q3
BK04062,2023-01-01,2023-01-01,2023-01-02,1,Suite,169781,10,152803,152803,Corporate,Access Bank,Direct,Completed,Nigerian,4,Cash,Direct Booking,January,2023,%Q,Q1
BK04063,2023-07-02,2023-08-15,2023-08-29,14,Presidential,339314,5,322348,4512876,Corporate,Julius Berger,Corporate Agreement,Completed,Nigerian,3,Credit Card,Direct Booking,August,2023,%Q,Q3
BK04064,2024-08-26,2024-09-21,2024-09-26,5,Standard,55233,15,46948,234740,Corporate,NNPC,Direct,Completed,Nigerian,1,Credit Card,Chioma Eze,September,2024,%Q,Q3
BK04065,2023-08-24,2023-09-09,2023-09-13,4,Executive,99995,20,79996,319984,Corporate,Honeywell Group,Direct,Completed,Nigerian,3,Corporate Account,Tunde Adeyemi,September,2023,%Q,Q3
BK04066,2023-06-30,2023-07-13,2023-07-24,11,Presidential,260765,5,247727,2724994,Corporate,Zenith Bank,Travel Agent,Completed,Ghanaian,2,Credit Card,Amaka Osei,July,2023,%Q,Q3
BK04067,2023-01-11,2023-03-04,2023-03-13,9,Suite,139128,20,111302,0,Corporate,GTCO,Corporate Agreement,No Show,Kenyan,1,Credit Card,Amaka Osei,March,2023,%Q,Q1
BK04068,2023-07-09,2023-07-23,2023-07-25,2,Executive,98164,5,93256,186512,Group,Individual Guest,Direct,Completed,British,4,Corporate Account,Emeka Okonkwo,July,2023,%Q,Q3
BK04069,2024-03-15,2024-04-13,2024-04-26,13,Executive,110739,10,99665,1295646,MICE,Glo Mobile,Online Travel Agent,Completed,Nigerian,3,Cash,Chioma Eze,April,2024,%Q,Q2
BK04070,2023-02-13,2023-03-01,2023-03-05,4,Presidential,279052,0,279052,1116208,Group,Individual Guest,Corporate Agreement,Completed,Nigerian,1,Bank Transfer,Direct Booking,March,2023,%Q,Q1
BK04071,2023-04-15,2023-05-24,2023-05-31,7,Deluxe,88815,5,84374,0,Corporate,Lafarge Africa,Direct,No Show,British,2,Credit Card,Tunde Adeyemi,May,2023,%Q,Q2
BK04072,2024-10-17,2024-10-30,2024-11-01,2,Suite,164480,0,164480,328960,Group,Individual Guest,Walk In,Confirmed,Nigerian,4,Bank Transfer,Chioma Eze,October,2024,%Q,Q4
BK04073,2023-05-11,2023-05-27,2023-06-03,7,Standard,59161,10,53245,372714,Corporate,NNPC,Online Travel Agent,Confirmed,American,3,Bank Transfer,Chioma Eze,May,2023,%Q,Q2
BK04074,2024-05-07,2024-06-03,2024-06-11,8,Deluxe,73518,20,58814,470515,Government,Federal Ministry of Works,Corporate Agreement,Completed,Nigerian,4,Credit Card,Chioma Eze,June,2024,%Q,Q2
BK04075,2024-07-31,2024-08-15,2024-08-23,8,Standard,50710,0,50710,405680,Leisure,Individual Guest,Corporate Agreement,Confirmed,Ghanaian,2,Cash,Tunde Adeyemi,August,2024,%Q,Q3
BK04076,2023-04-25,2023-06-11,2023-06-15,4,Suite,153242,10,137918,551671,Group,Individual Guest,Travel Agent,Completed,Nigerian,3,Credit Card,Fatima Bello,June,2023,%Q,Q2
BK04077,2024-05-30,2024-07-26,2024-08-05,10,Standard,64390,5,61170,611705,Group,Individual Guest,Corporate Agreement,Completed,Indian,1,Cash,Fatima Bello,July,2024,%Q,Q3
BK04078,2024-11-04,2024-11-25,2024-12-07,12,Presidential,267621,5,254240,3050879,Group,Individual Guest,Direct,Completed,Ghanaian,3,Cash,Emeka Okonkwo,November,2024,%Q,Q4
BK04079,2023-08-26,2023-09-15,2023-09-28,13,Deluxe,77807,5,73917,960916,MICE,MTN Nigeria,Direct,Confirmed,Nigerian,4,Credit Card,Chioma Eze,September,2023,%Q,Q3
BK04080,2024-06-14,2024-07-05,2024-07-11,6,Suite,152355,10,137120,822717,Government,Zenith Bank,Online Travel Agent,Completed,Nigerian,1,Cash,Direct Booking,July,2024,%Q,Q3
BK04081,2024-11-08,2024-12-02,2024-12-07,5,Executive,97850,0,97850,489250,Group,Individual Guest,Travel Agent,Completed,Nigerian,1,Cash,Tunde Adeyemi,December,2024,%Q,Q4
BK04082,2024-05-29,2024-05-30,2024-06-11,12,Standard,55144,0,55144,661728,Group,Individual Guest,Walk In,Completed,Nigerian,2,Corporate Account,Direct Booking,May,2024,%Q,Q2
BK04083,2024-11-21,2024-12-18,2025-01-01,14,Standard,53132,0,53132,0,Corporate,Nigerian Breweries,Direct,Cancelled,South African,2,POS,Fatima Bello,December,2024,%Q,Q4
BK04084,2024-01-08,2024-01-30,2024-02-04,5,Executive,116208,10,104587,522936,MICE,Honeywell Group,Corporate Agreement,Completed,American,2,Credit Card,Direct Booking,January,2024,%Q,Q1
BK04085,2024-01-02,2024-02-14,2024-02-22,8,Presidential,338722,15,287914,2303310,Government,9mobile,Online Travel Agent,Completed,French,1,POS,Fatima Bello,February,2024,%Q,Q1
BK04086,2023-12-05,2024-01-03,2024-01-15,12,Standard,55652,0,55652,667824,Leisure,Individual Guest,Online Travel Agent,Completed,Kenyan,3,POS,Emeka Okonkwo,January,2024,%Q,Q1
BK04087,2024-07-07,2024-08-02,2024-08-06,4,Deluxe,82714,0,82714,330856,Corporate,MTN Nigeria,Travel Agent,Completed,Nigerian,1,Corporate Account,Direct Booking,August,2024,%Q,Q3
BK04088,2023-07-07,2023-08-13,2023-08-17,4,Suite,147218,5,139857,559428,Airline Crew,Total Energies,Walk In,Confirmed,Chinese,3,Credit Card,Fatima Bello,August,2023,%Q,Q3
BK04089,2024-09-09,2024-09-13,2024-09-20,7,Presidential,283727,20,226982,1588871,Corporate,Shell Nigeria,Online Travel Agent,Completed,British,4,Cash,Direct Booking,September,2024,%Q,Q3
BK04090,2024-04-23,2024-05-12,2024-05-21,9,Presidential,376283,10,338655,3047892,Leisure,Individual Guest,Corporate Agreement,Completed,German,1,Credit Card,Direct Booking,May,2024,%Q,Q2
BK04091,2024-03-08,2024-03-11,2024-03-15,4,Suite,130619,10,117557,470228,Leisure,Individual Guest,Corporate Agreement,Confirmed,Nigerian,3,Credit Card,Tunde Adeyemi,March,2024,%Q,Q1
BK04092,2023-03-06,2023-03-22,2023-03-29,7,Deluxe,77702,15,66047,462327,Corporate,Unilever Nigeria,Direct,Confirmed,British,1,Bank Transfer,Direct Booking,March,2023,%Q,Q1
BK04093,2024-01-29,2024-02-04,2024-02-08,4,Presidential,273717,0,273717,1094868,Leisure,Individual Guest,Online Travel Agent,Completed,Nigerian,3,Bank Transfer,Direct Booking,February,2024,%Q,Q1
BK04094,2023-07-27,2023-08-20,2023-09-02,13,Standard,58764,5,55826,0,MICE,Total Energies,Online Travel Agent,Cancelled,Nigerian,3,Credit Card,Emeka Okonkwo,August,2023,%Q,Q3
BK04095,2024-03-16,2024-04-10,2024-04-16,6,Presidential,325846,5,309554,1857322,Corporate,GTCO,Direct,Completed,Nigerian,2,Bank Transfer,Amaka Osei,April,2024,%Q,Q2
BK04096,2024-04-24,2024-04-25,2024-04-29,4,Deluxe,94654,5,89921,359685,Corporate,Total Energies,Online Travel Agent,Completed,American,3,Credit Card,Emeka Okonkwo,April,2024,%Q,Q2
BK04097,2024-11-16,2024-11-30,2024-12-12,12,Suite,174988,5,166239,1994863,Leisure,Individual Guest,Online Travel Agent,Confirmed,South African,1,Credit Card,Amaka Osei,November,2024,%Q,Q4
BK04098,2024-10-04,2024-11-19,2024-12-01,12,Presidential,336380,0,336380,4036560,Leisure,Individual Guest,Walk In,Completed,American,2,Cash,Fatima Bello,November,2024,%Q,Q4
BK04099,2024-12-22,2024-12-28,2024-12-30,2,Deluxe,86466,5,82143,164285,MICE,Oando PLC,Corporate Agreement,Completed,Ghanaian,4,Corporate Account,Tunde Adeyemi,December,2024,%Q,Q4
BK04100,2024-01-13,2024-02-07,2024-02-11,4,Presidential,329617,0,329617,1318468,Leisure,Individual Guest,Corporate Agreement,Completed,Nigerian,3,POS,Chioma Eze,February,2024,%Q,Q1
BK04101,2023-01-01,2023-01-11,2023-01-15,4,Executive,98227,0,98227,392908,Group,Individual Guest,Corporate Agreement,Completed,German,4,Credit Card,Amaka Osei,January,2023,%Q,Q1
BK04102,2023-07-03,2023-08-12,2023-08-18,6,Deluxe,91833,0,91833,550998,Group,Individual Guest,Direct,Completed,Nigerian,4,Credit Card,Chioma Eze,August,2023,%Q,Q3
BK04103,2024-01-07,2024-02-29,2024-03-08,8,Standard,64072,5,60868,486947,Group,Individual Guest,Travel Agent,Confirmed,South African,3,Bank Transfer,Tunde Adeyemi,February,2024,%Q,Q1
BK04104,2024-04-23,2024-05-28,2024-06-05,8,Standard,59944,10,53950,431597,MICE,Nestle Nigeria,Travel Agent,Completed,Nigerian,3,POS,Chioma Eze,May,2024,%Q,Q2
BK04105,2024-08-09,2024-09-10,2024-09-12,2,Suite,130484,0,130484,260968,MICE,PZ Cussons,Travel Agent,Completed,French,3,Bank Transfer,Direct Booking,September,2024,%Q,Q3
BK04106,2023-09-12,2023-10-11,2023-10-21,10,Executive,127548,5,121171,1211706,Leisure,Individual Guest,Direct,Completed,American,4,Cash,Emeka Okonkwo,October,2023,%Q,Q4
BK04107,2023-11-19,2023-12-21,2023-12-24,3,Deluxe,74386,10,66947,200842,Group,Individual Guest,Online Travel Agent,Completed,Ghanaian,3,Cash,Direct Booking,December,2023,%Q,Q4
BK04108,2024-11-12,2024-11-13,2024-11-27,14,Deluxe,88439,15,75173,1052424,Corporate,Flour Mills Nigeria,Direct,Completed,American,3,Cash,Direct Booking,November,2024,%Q,Q4
BK04109,2024-03-16,2024-05-06,2024-05-20,14,Executive,120892,0,120892,1692488,Corporate,PZ Cussons,Online Travel Agent,Completed,Nigerian,1,Cash,Direct Booking,May,2024,%Q,Q2
BK04110,2024-11-01,2024-12-25,2025-01-04,10,Standard,57042,10,51338,513378,Leisure,Individual Guest,Corporate Agreement,Completed,Nigerian,3,Credit Card,Tunde Adeyemi,December,2024,%Q,Q4
BK04111,2023-05-22,2023-07-12,2023-07-19,7,Standard,48834,10,43951,307654,Leisure,Individual Guest,Direct,Completed,Nigerian,1,Corporate Account,Emeka Okonkwo,July,2023,%Q,Q3
BK04112,2023-11-18,2023-12-02,2023-12-13,11,Executive,97250,0,97250,1069750,Group,Individual Guest,Direct,Completed,Chinese,2,Bank Transfer,Tunde Adeyemi,December,2023,%Q,Q4
BK04113,2023-07-03,2023-08-17,2023-08-28,11,Deluxe,88041,15,74835,823183,Government,Nigerian Breweries,Direct,Completed,South African,4,POS,Fatima Bello,August,2023,%Q,Q3
BK04114,2024-04-19,2024-05-03,2024-05-10,7,Executive,105740,15,89879,629153,Government,Julius Berger,Direct,Completed,South African,4,Credit Card,Fatima Bello,May,2024,%Q,Q2
BK04115,2024-03-06,2024-03-06,2024-03-14,8,Executive,101595,0,101595,812760,Leisure,Individual Guest,Online Travel Agent,Completed,American,3,Corporate Account,Chioma Eze,March,2024,%Q,Q1
BK04116,2024-07-26,2024-08-26,2024-09-02,7,Executive,97226,20,77781,544466,Corporate,Lagos State Government,Direct,Completed,Nigerian,1,Cash,Emeka Okonkwo,August,2024,%Q,Q3
BK04117,2023-11-19,2023-12-16,2023-12-21,5,Presidential,389638,10,350674,1753371,Leisure,Individual Guest,Corporate Agreement,Completed,Nigerian,4,POS,Chioma Eze,December,2023,%Q,Q4
BK04118,2023-03-15,2023-05-08,2023-05-09,1,Deluxe,80830,10,72747,72747,Corporate,Nigerian Breweries,Corporate Agreement,Confirmed,Nigerian,3,Credit Card,Emeka Okonkwo,May,2023,%Q,Q2
BK04119,2024-04-20,2024-05-22,2024-06-04,13,Standard,46070,0,46070,598910,Leisure,Individual Guest,Online Travel Agent,Completed,Kenyan,1,Corporate Account,Chioma Eze,May,2024,%Q,Q2
BK04120,2024-08-16,2024-09-14,2024-09-27,13,Standard,46339,10,41705,542166,Corporate,Dangote Group,Walk In,Completed,Nigerian,3,POS,Fatima Bello,September,2024,%Q,Q3
BK04121,2023-12-10,2024-02-06,2024-02-14,8,Deluxe,90670,20,72536,580288,Corporate,Honeywell Group,Travel Agent,Completed,South African,1,POS,Tunde Adeyemi,February,2024,%Q,Q1
BK04122,2024-09-04,2024-09-10,2024-09-15,5,Deluxe,73516,0,73516,367580,Leisure,Individual Guest,Corporate Agreement,Completed,Nigerian,2,Credit Card,Fatima Bello,September,2024,%Q,Q3
BK04123,2023-07-03,2023-07-25,2023-07-26,1,Suite,128247,20,102598,102598,Government,Flour Mills Nigeria,Corporate Agreement,Completed,Nigerian,1,Bank Transfer,Amaka Osei,July,2023,%Q,Q3
BK04124,2024-10-21,2024-11-02,2024-11-03,1,Suite,159397,20,127518,127518,Corporate,MTN Nigeria,Direct,Completed,British,3,Credit Card,Amaka Osei,November,2024,%Q,Q4
BK04125,2024-02-25,2024-04-04,2024-04-14,10,Presidential,259529,5,246553,0,Group,Individual Guest,Travel Agent,Cancelled,Nigerian,4,Corporate Account,Fatima Bello,April,2024,%Q,Q2
BK04126,2024-01-07,2024-02-03,2024-02-17,14,Standard,57689,10,51920,726881,MICE,Airtel Nigeria,Travel Agent,Completed,French,2,Bank Transfer,Chioma Eze,February,2024,%Q,Q1
BK04127,2024-08-19,2024-09-18,2024-10-02,14,Presidential,307112,10,276401,3869611,Leisure,Individual Guest,Corporate Agreement,Completed,American,1,POS,Amaka Osei,September,2024,%Q,Q3
BK04128,2023-07-06,2023-07-21,2023-07-28,7,Deluxe,92628,5,87997,615976,MICE,Lafarge Africa,Travel Agent,Completed,Ghanaian,2,Bank Transfer,Direct Booking,July,2023,%Q,Q3
BK04129,2023-12-26,2024-01-27,2024-01-31,4,Deluxe,70144,0,70144,280576,Leisure,Individual Guest,Online Travel Agent,Completed,Nigerian,2,Bank Transfer,Chioma Eze,January,2024,%Q,Q1
BK04130,2023-02-25,2023-04-18,2023-04-20,2,Executive,128381,10,115543,231086,Leisure,Individual Guest,Travel Agent,Completed,Nigerian,1,Corporate Account,Emeka Okonkwo,April,2023,%Q,Q2
BK04131,2023-03-31,2023-05-20,2023-06-01,12,Presidential,394879,0,394879,4738548,Group,Individual Guest,Travel Agent,Completed,Nigerian,4,POS,Tunde Adeyemi,May,2023,%Q,Q2
BK04132,2024-03-22,2024-03-24,2024-03-29,5,Suite,152996,5,145346,726731,Group,Individual Guest,Direct,Completed,Ghanaian,1,Corporate Account,Tunde Adeyemi,March,2024,%Q,Q1
BK04133,2024-02-20,2024-03-24,2024-04-01,8,Executive,102259,0,102259,818072,Leisure,Individual Guest,Direct,Completed,British,4,Credit Card,Direct Booking,March,2024,%Q,Q1
BK04134,2023-10-21,2023-12-16,2023-12-29,13,Executive,99203,10,89283,1160675,Corporate,Lagos State Government,Travel Agent,Completed,Nigerian,1,Cash,Chioma Eze,December,2023,%Q,Q4
BK04135,2023-10-23,2023-11-20,2023-11-24,4,Suite,170168,10,153151,612605,Corporate,Seplat Energy,Walk In,Completed,Nigerian,2,POS,Fatima Bello,November,2023,%Q,Q4
BK04136,2023-04-27,2023-05-23,2023-06-04,12,Presidential,262722,5,249586,2995031,Group,Individual Guest,Online Travel Agent,Completed,Nigerian,3,Bank Transfer,Amaka Osei,May,2023,%Q,Q2
BK04137,2024-03-13,2024-05-02,2024-05-06,4,Deluxe,87807,0,87807,351228,MICE,Zenith Bank,Online Travel Agent,Completed,South African,3,Bank Transfer,Emeka Okonkwo,May,2024,%Q,Q2
BK04138,2024-09-20,2024-11-07,2024-11-14,7,Presidential,252423,5,239802,1678613,Airline Crew,Julius Berger,Direct,Completed,Nigerian,3,Credit Card,Fatima Bello,November,2024,%Q,Q4
BK04139,2023-11-25,2023-11-28,2023-12-10,12,Deluxe,94884,5,90140,1081678,Leisure,Individual Guest,Online Travel Agent,Completed,Nigerian,3,Cash,Direct Booking,November,2023,%Q,Q4
BK04140,2023-07-12,2023-07-27,2023-08-08,12,Deluxe,87710,5,83324,0,Leisure,Individual Guest,Corporate Agreement,No Show,French,3,Cash,Tunde Adeyemi,July,2023,%Q,Q3
BK04141,2023-02-20,2023-02-24,2023-03-02,6,Suite,176595,10,158936,953613,Government,Glo Mobile,Travel Agent,Completed,Chinese,4,Credit Card,Direct Booking,February,2023,%Q,Q1
BK04142,2024-07-02,2024-07-02,2024-07-11,9,Deluxe,75445,10,67900,611104,Airline Crew,Shell Nigeria,Online Travel Agent,Completed,American,2,Corporate Account,Direct Booking,July,2024,%Q,Q3
BK04143,2024-09-02,2024-10-09,2024-10-16,7,Executive,111445,0,111445,780115,Leisure,Individual Guest,Direct,Completed,French,1,Corporate Account,Tunde Adeyemi,October,2024,%Q,Q4
BK04144,2024-11-09,2024-12-01,2024-12-10,9,Suite,150774,0,150774,1356966,Leisure,Individual Guest,Travel Agent,Completed,Nigerian,2,Bank Transfer,Fatima Bello,December,2024,%Q,Q4
BK04145,2024-09-06,2024-09-17,2024-09-20,3,Presidential,323536,5,307359,922078,Corporate,Total Energies,Corporate Agreement,Completed,Nigerian,4,Bank Transfer,Direct Booking,September,2024,%Q,Q3
BK04146,2023-11-10,2023-12-23,2023-12-27,4,Presidential,315721,0,315721,1262884,MICE,Nigerian Breweries,Online Travel Agent,Completed,Nigerian,2,Bank Transfer,Chioma Eze,December,2023,%Q,Q4
BK04147,2024-05-10,2024-07-05,2024-07-14,9,Deluxe,72802,20,58242,524174,Corporate,MTN Nigeria,Direct,Confirmed,Nigerian,2,Credit Card,Amaka Osei,July,2024,%Q,Q3
BK04148,2023-05-05,2023-06-04,2023-06-11,7,Deluxe,80694,0,80694,564858,Group,Individual Guest,Direct,Completed,German,4,POS,Fatima Bello,June,2023,%Q,Q2
BK04149,2024-03-02,2024-03-29,2024-03-31,2,Presidential,364474,0,364474,728948,Group,Individual Guest,Direct,Confirmed,South African,4,Bank Transfer,Chioma Eze,March,2024,%Q,Q1
BK04150,2024-05-09,2024-07-06,2024-07-13,7,Presidential,332242,0,332242,2325694,Leisure,Individual Guest,Direct,Completed,Nigerian,2,POS,Amaka Osei,July,2024,%Q,Q3
BK04151,2023-01-11,2023-01-21,2023-01-31,10,Suite,155676,5,147892,1478922,Leisure,Individual Guest,Travel Agent,Completed,British,2,Corporate Account,Emeka Okonkwo,January,2023,%Q,Q1
BK04152,2023-07-09,2023-08-03,2023-08-05,2,Deluxe,77998,5,74098,148196,Corporate,UBA Group,Direct,Completed,Nigerian,1,Credit Card,Emeka Okonkwo,August,2023,%Q,Q3
BK04153,2023-06-06,2023-08-01,2023-08-13,12,Executive,115420,10,103878,1246536,Group,Individual Guest,Travel Agent,Completed,South African,3,Corporate Account,Direct Booking,August,2023,%Q,Q3
BK04154,2023-03-19,2023-03-24,2023-04-04,11,Executive,110698,15,94093,1035026,Corporate,Guinness Nigeria,Corporate Agreement,Completed,Nigerian,1,Bank Transfer,Amaka Osei,March,2023,%Q,Q1
BK04155,2024-01-08,2024-02-26,2024-03-01,4,Executive,123280,20,98624,394496,Corporate,Shell Nigeria,Online Travel Agent,Completed,Nigerian,1,Cash,Amaka Osei,February,2024,%Q,Q1
BK04156,2024-09-13,2024-10-12,2024-10-18,6,Presidential,349185,0,349185,2095110,Corporate,9mobile,Travel Agent,Confirmed,British,4,Cash,Fatima Bello,October,2024,%Q,Q4
BK04157,2023-01-01,2023-02-07,2023-02-14,7,Executive,97867,10,88080,616562,Group,Individual Guest,Direct,Completed,Nigerian,4,Cash,Amaka Osei,February,2023,%Q,Q1
BK04158,2023-01-13,2023-01-19,2023-01-30,11,Executive,112160,0,112160,1233760,Group,Individual Guest,Online Travel Agent,Completed,British,2,Corporate Account,Amaka Osei,January,2023,%Q,Q1
BK04159,2023-10-11,2023-10-12,2023-10-14,2,Executive,120484,5,114460,228920,Group,Individual Guest,Direct,Completed,German,1,Credit Card,Tunde Adeyemi,October,2023,%Q,Q4
BK04160,2023-10-30,2023-12-24,2023-12-25,1,Deluxe,92390,15,78532,78532,Corporate,Lafarge Africa,Corporate Agreement,Completed,Nigerian,1,Cash,Direct Booking,December,2023,%Q,Q4
BK04161,2023-03-16,2023-03-20,2023-04-02,13,Standard,60206,5,57196,743544,MICE,Nigerian Ports Authority,Direct,Confirmed,American,4,Bank Transfer,Chioma Eze,March,2023,%Q,Q1
BK04162,2024-03-15,2024-03-31,2024-04-02,2,Presidential,339081,20,271265,542530,Corporate,Guinness Nigeria,Travel Agent,Completed,Nigerian,4,Cash,Amaka Osei,March,2024,%Q,Q1
BK04163,2023-11-05,2023-11-21,2023-11-27,6,Standard,50593,0,50593,303558,Leisure,Individual Guest,Corporate Agreement,Completed,Nigerian,2,Credit Card,Fatima Bello,November,2023,%Q,Q4
BK04164,2023-05-23,2023-07-04,2023-07-13,9,Presidential,268933,0,268933,2420397,Leisure,Individual Guest,Direct,Completed,British,2,Cash,Direct Booking,July,2023,%Q,Q3
BK04165,2024-03-02,2024-03-27,2024-04-10,14,Presidential,250939,15,213298,2986174,Corporate,Chevron Nigeria,Online Travel Agent,Completed,Nigerian,1,Cash,Amaka Osei,March,2024,%Q,Q1
BK04166,2023-08-14,2023-08-22,2023-09-03,12,Suite,169141,10,152227,0,Government,Zenith Bank,Corporate Agreement,No Show,Nigerian,3,Credit Card,Tunde Adeyemi,August,2023,%Q,Q3
BK04167,2023-06-06,2023-06-22,2023-06-30,8,Presidential,354184,5,336475,2691798,MICE,PZ Cussons,Online Travel Agent,Completed,Nigerian,4,Credit Card,Amaka Osei,June,2023,%Q,Q2
BK04168,2023-12-17,2023-12-30,2024-01-04,5,Presidential,319734,10,287761,1438803,Corporate,9mobile,Direct,Completed,Nigerian,4,POS,Amaka Osei,December,2023,%Q,Q4
BK04169,2023-03-05,2023-04-09,2023-04-14,5,Executive,111108,0,111108,555540,MICE,Conoil,Travel Agent,Completed,Nigerian,4,Cash,Amaka Osei,April,2023,%Q,Q2
BK04170,2023-12-08,2023-12-09,2023-12-19,10,Suite,127727,5,121341,1213406,Leisure,Individual Guest,Online Travel Agent,Completed,Nigerian,1,POS,Amaka Osei,December,2023,%Q,Q4
BK04171,2023-09-01,2023-09-17,2023-09-22,5,Executive,110171,0,110171,550855,Leisure,Individual Guest,Online Travel Agent,Completed,Nigerian,1,Bank Transfer,Chioma Eze,September,2023,%Q,Q3
BK04172,2024-12-06,2024-12-28,2025-01-02,5,Executive,129594,0,129594,647970,Group,Individual Guest,Direct,Completed,Chinese,4,Cash,Emeka Okonkwo,December,2024,%Q,Q4
BK04173,2024-03-17,2024-05-05,2024-05-10,5,Suite,159247,0,159247,796235,Leisure,Individual Guest,Direct,Completed,Nigerian,1,Corporate Account,Emeka Okonkwo,May,2024,%Q,Q2
BK04174,2024-04-20,2024-04-26,2024-05-01,5,Deluxe,70218,0,70218,351090,Leisure,Individual Guest,Direct,Completed,Nigerian,2,POS,Tunde Adeyemi,April,2024,%Q,Q2
BK04175,2023-04-12,2023-05-16,2023-05-29,13,Presidential,323934,20,259147,3368914,Corporate,Lafarge Africa,Travel Agent,Completed,Nigerian,4,Credit Card,Amaka Osei,May,2023,%Q,Q2
BK04176,2024-11-26,2024-12-26,2025-01-01,6,Executive,119475,15,101554,609322,Corporate,NNPC,Direct,Completed,British,1,Credit Card,Amaka Osei,December,2024,%Q,Q4
BK04177,2023-06-21,2023-07-21,2023-07-28,7,Presidential,268218,5,254807,1783650,Leisure,Individual Guest,Travel Agent,Confirmed,British,2,Cash,Tunde Adeyemi,July,2023,%Q,Q3
BK04178,2024-01-20,2024-01-30,2024-02-04,5,Presidential,385041,5,365789,1828945,Corporate,Guinness Nigeria,Walk In,Confirmed,South African,3,Credit Card,Chioma Eze,January,2024,%Q,Q1
BK04179,2024-11-20,2024-12-15,2024-12-29,14,Standard,62102,0,62102,869428,Group,Individual Guest,Direct,Completed,British,2,Corporate Account,Fatima Bello,December,2024,%Q,Q4
BK04180,2024-12-21,2024-12-22,2025-01-05,14,Standard,47755,15,40592,568284,Corporate,Honeywell Group,Online Travel Agent,Completed,Indian,2,Corporate Account,Chioma Eze,December,2024,%Q,Q4
BK04181,2024-04-02,2024-04-19,2024-04-20,1,Presidential,260446,10,234401,234401,Leisure,Individual Guest,Online Travel Agent,Completed,British,3,Corporate Account,Chioma Eze,April,2024,%Q,Q2
BK04182,2024-04-21,2024-05-05,2024-05-13,8,Presidential,350911,15,298274,2386195,Corporate,Conoil,Travel Agent,Completed,Nigerian,2,Corporate Account,Chioma Eze,May,2024,%Q,Q2
BK04183,2024-05-23,2024-07-08,2024-07-22,14,Presidential,275315,10,247784,3468969,Government,Air Peace,Direct,Completed,American,3,Corporate Account,Chioma Eze,July,2024,%Q,Q3
BK04184,2023-01-01,2023-02-02,2023-02-10,8,Deluxe,73410,15,62398,499188,Government,Oando PLC,Travel Agent,Completed,American,1,POS,Emeka Okonkwo,February,2023,%Q,Q1
BK04185,2023-10-26,2023-11-24,2023-12-03,9,Deluxe,77589,10,69830,628471,Leisure,Individual Guest,Direct,Completed,Nigerian,4,Cash,Fatima Bello,November,2023,%Q,Q4
BK04186,2024-01-06,2024-03-05,2024-03-13,8,Standard,49764,10,44788,358301,Leisure,Individual Guest,Corporate Agreement,Completed,Nigerian,2,POS,Amaka Osei,March,2024,%Q,Q1
BK04187,2023-03-08,2023-05-01,2023-05-04,3,Executive,129998,10,116998,350995,Leisure,Individual Guest,Direct,Completed,British,1,POS,Direct Booking,May,2023,%Q,Q2
BK04188,2024-01-10,2024-02-19,2024-02-20,1,Presidential,326599,5,310269,310269,Corporate,9mobile,Corporate Agreement,Completed,Nigerian,4,Credit Card,Chioma Eze,February,2024,%Q,Q1
BK04189,2023-01-14,2023-03-05,2023-03-17,12,Suite,134057,0,134057,1608684,Leisure,Individual Guest,Direct,Completed,Nigerian,4,Corporate Account,Fatima Bello,March,2023,%Q,Q1
BK04190,2024-05-12,2024-05-19,2024-06-02,14,Executive,111741,15,94980,1329718,Corporate,Nigerian Breweries,Online Travel Agent,Completed,Nigerian,1,Cash,Direct Booking,May,2024,%Q,Q2
BK04191,2024-01-12,2024-01-14,2024-01-21,7,Deluxe,77813,0,77813,544691,MICE,Unilever Nigeria,Online Travel Agent,Confirmed,Indian,4,Corporate Account,Amaka Osei,January,2024,%Q,Q1
BK04192,2024-07-19,2024-08-21,2024-08-28,7,Deluxe,75782,0,75782,530474,Group,Individual Guest,Travel Agent,Completed,South African,4,Credit Card,Chioma Eze,August,2024,%Q,Q3
BK04193,2023-08-25,2023-10-01,2023-10-06,5,Executive,104778,15,89061,445306,Government,Nigerian Ports Authority,Travel Agent,Confirmed,French,4,Credit Card,Emeka Okonkwo,October,2023,%Q,Q4
BK04194,2024-08-13,2024-10-08,2024-10-22,14,Suite,138078,0,138078,1933092,Leisure,Individual Guest,Online Travel Agent,Completed,Ghanaian,4,Credit Card,Fatima Bello,October,2024,%Q,Q4
BK04195,2023-01-18,2023-03-03,2023-03-17,14,Suite,132288,0,132288,1852032,Airline Crew,Shell Nigeria,Corporate Agreement,Completed,Nigerian,4,Corporate Account,Emeka Okonkwo,March,2023,%Q,Q1
BK04196,2024-07-13,2024-07-25,2024-07-31,6,Executive,95132,0,95132,570792,MICE,Nigerian Breweries,Walk In,Completed,American,2,Bank Transfer,Chioma Eze,July,2024,%Q,Q3
BK04197,2024-01-19,2024-01-22,2024-02-04,13,Standard,54617,0,54617,710021,Corporate,Nigerian Breweries,Online Travel Agent,Completed,Nigerian,4,Credit Card,Chioma Eze,January,2024,%Q,Q1
BK04198,2024-03-15,2024-03-24,2024-03-26,2,Executive,125717,5,119431,0,Corporate,NNPC,Walk In,Cancelled,Nigerian,4,Credit Card,Chioma Eze,March,2024,%Q,Q1
BK04199,2024-06-29,2024-08-06,2024-08-18,12,Standard,54637,0,54637,655644,Corporate,Nigerian Breweries,Corporate Agreement,Completed,Nigerian,4,Credit Card,Tunde Adeyemi,August,2024,%Q,Q3
BK04200,2023-05-06,2023-05-28,2023-06-09,12,Suite,136159,5,129351,1552213,Airline Crew,Lagos State Government,Walk In,Completed,British,3,POS,Chioma Eze,May,2023,%Q,Q2
BK04201,2023-09-29,2023-10-07,2023-10-15,8,Suite,147429,15,125315,1002517,Corporate,UBA Group,Online Travel Agent,Completed,French,2,Bank Transfer,Tunde Adeyemi,October,2023,%Q,Q4
BK04202,2024-09-02,2024-09-27,2024-09-28,1,Standard,55494,0,55494,55494,Group,Individual Guest,Direct,Completed,Ghanaian,2,Bank Transfer,Emeka Okonkwo,September,2024,%Q,Q3
BK04203,2023-01-01,2023-01-31,2023-02-12,12,Executive,109839,15,93363,0,Corporate,Nestle Nigeria,Travel Agent,Cancelled,Nigerian,4,Corporate Account,Direct Booking,January,2023,%Q,Q1
BK04204,2024-03-01,2024-03-21,2024-03-28,7,Suite,162990,20,130392,912744,Corporate,Guinness Nigeria,Direct,Completed,Nigerian,4,Bank Transfer,Direct Booking,March,2024,%Q,Q1
BK04205,2023-09-21,2023-10-12,2023-10-16,4,Deluxe,92979,5,88330,353320,Corporate,NNPC,Online Travel Agent,Completed,American,1,POS,Chioma Eze,October,2023,%Q,Q4
BK04206,2024-05-25,2024-06-15,2024-06-16,1,Executive,109703,10,98733,98733,Corporate,Guinness Nigeria,Travel Agent,Completed,Kenyan,4,POS,Direct Booking,June,2024,%Q,Q2
BK04207,2023-11-09,2024-01-01,2024-01-07,6,Suite,128741,5,122304,733824,Leisure,Individual Guest,Direct,Completed,Nigerian,3,Cash,Direct Booking,January,2024,%Q,Q1
BK04208,2023-01-01,2023-01-09,2023-01-15,6,Presidential,347905,10,313114,1878687,Corporate,Lagos State Government,Travel Agent,Completed,Nigerian,2,Credit Card,Amaka Osei,January,2023,%Q,Q1
BK04209,2024-10-14,2024-11-20,2024-11-30,10,Presidential,363775,0,363775,3637750,Group,Individual Guest,Online Travel Agent,Completed,Nigerian,2,Corporate Account,Tunde Adeyemi,November,2024,%Q,Q4
BK04210,2024-03-15,2024-03-17,2024-03-18,1,Executive,107260,0,107260,107260,Corporate,9mobile,Direct,Confirmed,Ghanaian,3,Corporate Account,Fatima Bello,March,2024,%Q,Q1
BK04211,2024-07-23,2024-08-22,2024-08-26,4,Presidential,315657,0,315657,0,Leisure,Individual Guest,Travel Agent,Cancelled,Nigerian,3,Cash,Tunde Adeyemi,August,2024,%Q,Q3
BK04212,2024-06-25,2024-06-26,2024-07-07,11,Standard,61138,5,58081,0,Leisure,Individual Guest,Direct,Cancelled,Nigerian,3,Corporate Account,Amaka Osei,June,2024,%Q,Q2
BK04213,2023-03-11,2023-03-20,2023-03-26,6,Executive,116979,0,116979,701874,Corporate,Shell Nigeria,Corporate Agreement,Confirmed,Nigerian,1,Bank Transfer,Emeka Okonkwo,March,2023,%Q,Q1
BK04214,2023-03-18,2023-04-20,2023-04-25,5,Standard,50499,0,50499,252495,Leisure,Individual Guest,Corporate Agreement,Completed,Nigerian,3,POS,Amaka Osei,April,2023,%Q,Q2
BK04215,2024-02-13,2024-04-03,2024-04-16,13,Suite,156294,10,140665,1828640,Group,Individual Guest,Corporate Agreement,Completed,Ghanaian,4,Credit Card,Amaka Osei,April,2024,%Q,Q2
BK04216,2023-03-06,2023-04-23,2023-05-01,8,Presidential,315467,10,283920,2271362,Corporate,MTN Nigeria,Direct,Completed,Nigerian,1,POS,Fatima Bello,April,2023,%Q,Q2
BK04217,2024-10-30,2024-11-01,2024-11-10,9,Presidential,281650,0,281650,0,Corporate,Julius Berger,Corporate Agreement,Cancelled,Nigerian,1,POS,Amaka Osei,November,2024,%Q,Q4
BK04218,2023-10-15,2023-12-14,2023-12-21,7,Deluxe,81182,0,81182,568274,Airline Crew,NNPC,Corporate Agreement,Completed,Nigerian,2,Bank Transfer,Tunde Adeyemi,December,2023,%Q,Q4
BK04219,2023-02-25,2023-04-10,2023-04-17,7,Executive,114887,5,109143,763999,Leisure,Individual Guest,Walk In,Completed,Nigerian,4,Corporate Account,Chioma Eze,April,2023,%Q,Q2
BK04220,2023-08-21,2023-09-22,2023-09-25,3,Standard,49883,0,49883,149649,Group,Individual Guest,Online Travel Agent,Completed,Nigerian,2,Corporate Account,Tunde Adeyemi,September,2023,%Q,Q3
BK04221,2024-02-22,2024-04-13,2024-04-27,14,Suite,160756,0,160756,2250584,Leisure,Individual Guest,Travel Agent,Completed,British,1,Cash,Direct Booking,April,2024,%Q,Q2
BK04222,2023-12-10,2024-02-03,2024-02-04,1,Presidential,288963,15,245619,245619,Corporate,Guinness Nigeria,Travel Agent,Confirmed,South African,3,Corporate Account,Chioma Eze,February,2024,%Q,Q1
BK04223,2023-04-07,2023-05-03,2023-05-16,13,Executive,118227,0,118227,1536951,Leisure,Individual Guest,Online Travel Agent,Completed,Nigerian,3,Cash,Amaka Osei,May,2023,%Q,Q2
BK04224,2023-09-09,2023-11-07,2023-11-11,4,Presidential,399372,0,399372,1597488,Group,Individual Guest,Corporate Agreement,Completed,Nigerian,4,Bank Transfer,Chioma Eze,November,2023,%Q,Q4
BK04225,2024-10-29,2024-12-24,2025-01-03,10,Suite,132453,5,125830,1258304,MICE,Nestle Nigeria,Travel Agent,Completed,Nigerian,4,Cash,Tunde Adeyemi,December,2024,%Q,Q4
BK04226,2023-07-22,2023-09-18,2023-09-20,2,Deluxe,83540,10,75186,150372,Corporate,Lafarge Africa,Corporate Agreement,Completed,Ghanaian,3,Corporate Account,Chioma Eze,September,2023,%Q,Q3
BK04227,2024-07-04,2024-07-11,2024-07-18,7,Presidential,253492,0,253492,1774444,Group,Individual Guest,Direct,Completed,Nigerian,2,POS,Amaka Osei,July,2024,%Q,Q3
BK04228,2023-08-14,2023-10-05,2023-10-16,11,Suite,175076,0,175076,1925836,Corporate,Transcorp Hotels,Online Travel Agent,Completed,Nigerian,2,Bank Transfer,Fatima Bello,October,2023,%Q,Q4
BK04229,2024-02-24,2024-03-19,2024-03-29,10,Suite,144962,0,144962,0,Group,Individual Guest,Corporate Agreement,Cancelled,British,4,Corporate Account,Tunde Adeyemi,March,2024,%Q,Q1
BK04230,2023-04-27,2023-05-23,2023-05-27,4,Presidential,311854,10,280669,1122674,Corporate,Total Energies,Direct,Completed,Nigerian,3,Credit Card,Fatima Bello,May,2023,%Q,Q2
BK04231,2024-08-20,2024-10-12,2024-10-20,8,Presidential,258576,15,219790,1758317,Corporate,Nestle Nigeria,Direct,Completed,Kenyan,1,Bank Transfer,Emeka Okonkwo,October,2024,%Q,Q4
BK04232,2023-04-26,2023-05-14,2023-05-24,10,Suite,176855,15,150327,1503268,Government,Nestle Nigeria,Corporate Agreement,Completed,British,2,Corporate Account,Chioma Eze,May,2023,%Q,Q2
BK04233,2024-10-27,2024-11-13,2024-11-17,4,Standard,54236,5,51524,206097,Group,Individual Guest,Direct,Completed,Nigerian,4,Bank Transfer,Tunde Adeyemi,November,2024,%Q,Q4
BK04234,2024-03-19,2024-04-24,2024-05-08,14,Standard,58911,0,58911,824754,Leisure,Individual Guest,Corporate Agreement,Completed,Nigerian,1,Credit Card,Direct Booking,April,2024,%Q,Q2
BK04235,2023-01-27,2023-03-23,2023-04-03,11,Standard,54675,0,54675,601425,Corporate,Guinness Nigeria,Direct,Completed,Nigerian,4,Credit Card,Fatima Bello,March,2023,%Q,Q1
BK04236,2023-02-22,2023-03-28,2023-04-08,11,Executive,125721,0,125721,1382931,Group,Individual Guest,Travel Agent,Completed,British,2,Cash,Tunde Adeyemi,March,2023,%Q,Q1
BK04237,2023-10-23,2023-11-29,2023-12-03,4,Deluxe,90183,15,76656,306622,Corporate,Flour Mills Nigeria,Travel Agent,Confirmed,Nigerian,4,Credit Card,Emeka Okonkwo,November,2023,%Q,Q4
BK04238,2023-08-19,2023-09-16,2023-09-22,6,Suite,123139,10,110825,664951,Corporate,Nigerian Breweries,Online Travel Agent,Completed,Kenyan,1,Bank Transfer,Tunde Adeyemi,September,2023,%Q,Q3
BK04239,2024-05-26,2024-06-22,2024-06-27,5,Standard,52447,10,47202,0,Group,Individual Guest,Direct,Cancelled,Ghanaian,4,POS,Direct Booking,June,2024,%Q,Q2
BK04240,2024-05-13,2024-06-01,2024-06-15,14,Deluxe,70518,0,70518,987252,MICE,UBA Group,Walk In,Completed,British,2,POS,Fatima Bello,June,2024,%Q,Q2
BK04241,2024-09-21,2024-11-10,2024-11-19,9,Presidential,331546,10,298391,2685523,Leisure,Individual Guest,Travel Agent,Completed,British,2,Credit Card,Direct Booking,November,2024,%Q,Q4
BK04242,2023-12-07,2023-12-15,2023-12-19,4,Standard,49922,5,47426,189704,Airline Crew,Airtel Nigeria,Direct,Completed,Nigerian,3,Corporate Account,Direct Booking,December,2023,%Q,Q4
BK04243,2024-03-03,2024-03-31,2024-04-11,11,Presidential,267890,0,267890,2946790,Leisure,Individual Guest,Online Travel Agent,Completed,Nigerian,1,Corporate Account,Direct Booking,March,2024,%Q,Q1
BK04244,2024-07-02,2024-08-10,2024-08-16,6,Suite,171135,5,162578,975470,Group,Individual Guest,Corporate Agreement,Completed,American,3,Bank Transfer,Amaka Osei,August,2024,%Q,Q3
BK04245,2023-04-28,2023-06-27,2023-07-01,4,Suite,161311,20,129049,516195,Corporate,FBN Holdings,Online Travel Agent,Completed,British,2,Corporate Account,Tunde Adeyemi,June,2023,%Q,Q2
BK04246,2024-06-25,2024-08-20,2024-08-27,7,Suite,139140,0,139140,973980,MICE,Honeywell Group,Corporate Agreement,Completed,American,2,Credit Card,Fatima Bello,August,2024,%Q,Q3
BK04247,2023-01-01,2023-02-15,2023-02-24,9,Standard,45761,5,43473,391257,MICE,Nigerian Breweries,Direct,Completed,Ghanaian,1,Corporate Account,Direct Booking,February,2023,%Q,Q1
BK04248,2023-07-01,2023-07-06,2023-07-12,6,Suite,152010,15,129208,775251,Corporate,Glo Mobile,Travel Agent,Confirmed,South African,4,POS,Amaka Osei,July,2023,%Q,Q3
BK04249,2023-02-26,2023-04-11,2023-04-22,11,Standard,61752,5,58664,645308,Corporate,Flour Mills Nigeria,Online Travel Agent,Completed,American,2,Cash,Tunde Adeyemi,April,2023,%Q,Q2
BK04250,2024-03-28,2024-05-10,2024-05-24,14,Suite,177446,0,177446,2484244,Airline Crew,Lagos State Government,Corporate Agreement,Completed,Nigerian,2,POS,Chioma Eze,May,2024,%Q,Q2
BK04251,2023-11-21,2023-12-20,2023-12-22,2,Standard,64212,0,64212,128424,Leisure,Individual Guest,Direct,Completed,American,2,Credit Card,Chioma Eze,December,2023,%Q,Q4
BK04252,2023-07-28,2023-08-26,2023-09-02,7,Suite,164270,0,164270,1149890,Leisure,Individual Guest,Online Travel Agent,Completed,Nigerian,4,Credit Card,Direct Booking,August,2023,%Q,Q3
BK04253,2024-05-29,2024-06-28,2024-07-12,14,Suite,123151,0,123151,1724114,Corporate,Zenith Bank,Corporate Agreement,Confirmed,British,3,Bank Transfer,Fatima Bello,June,2024,%Q,Q2
BK04254,2024-04-22,2024-04-26,2024-05-04,8,Deluxe,86711,15,73704,589635,Corporate,Federal Ministry of Works,Corporate Agreement,Confirmed,British,3,Corporate Account,Amaka Osei,April,2024,%Q,Q2
BK04255,2024-01-12,2024-02-07,2024-02-19,12,Presidential,380426,0,380426,4565112,MICE,FBN Holdings,Travel Agent,Completed,French,4,Bank Transfer,Direct Booking,February,2024,%Q,Q1
BK04256,2023-05-06,2023-06-24,2023-06-29,5,Deluxe,82066,0,82066,410330,Leisure,Individual Guest,Travel Agent,Completed,South African,2,Bank Transfer,Direct Booking,June,2023,%Q,Q2
BK04257,2023-12-11,2023-12-23,2024-01-05,13,Executive,119360,0,119360,1551680,Group,Individual Guest,Online Travel Agent,Completed,Nigerian,4,Corporate Account,Direct Booking,December,2023,%Q,Q4
BK04258,2023-11-24,2023-11-24,2023-12-06,12,Executive,101135,5,96078,1152939,Group,Individual Guest,Direct,Completed,American,3,POS,Direct Booking,November,2023,%Q,Q4
BK04259,2023-12-02,2024-01-31,2024-02-05,5,Executive,99717,5,94731,473656,Corporate,FAAN,Corporate Agreement,Confirmed,British,4,Credit Card,Fatima Bello,January,2024,%Q,Q1
BK04260,2023-03-15,2023-04-20,2023-05-03,13,Executive,106537,0,106537,1384981,MICE,Seplat Energy,Corporate Agreement,Completed,Nigerian,3,Bank Transfer,Fatima Bello,April,2023,%Q,Q2
BK04261,2024-08-14,2024-10-06,2024-10-16,10,Suite,145771,20,116617,0,Government,Lagos State Government,Direct,Cancelled,American,2,Corporate Account,Tunde Adeyemi,October,2024,%Q,Q4
BK04262,2023-04-28,2023-05-01,2023-05-14,13,Suite,164487,20,131590,1710665,Corporate,Flour Mills Nigeria,Online Travel Agent,Confirmed,Kenyan,3,Bank Transfer,Direct Booking,May,2023,%Q,Q2
BK04263,2023-04-08,2023-04-21,2023-04-23,2,Suite,170144,0,170144,340288,MICE,Julius Berger,Corporate Agreement,Completed,Nigerian,4,Credit Card,Direct Booking,April,2023,%Q,Q2
BK04264,2023-04-15,2023-06-13,2023-06-21,8,Deluxe,89519,15,76091,608729,Corporate,Lagos State Government,Online Travel Agent,Completed,Nigerian,1,Cash,Chioma Eze,June,2023,%Q,Q2
BK04265,2023-02-17,2023-04-02,2023-04-05,3,Presidential,350710,0,350710,1052130,Group,Individual Guest,Direct,Completed,Nigerian,4,Credit Card,Fatima Bello,April,2023,%Q,Q2
BK04266,2023-02-12,2023-02-20,2023-03-03,11,Presidential,314824,15,267600,0,Corporate,Nigerian Breweries,Direct,Cancelled,Nigerian,3,Corporate Account,Tunde Adeyemi,February,2023,%Q,Q1
BK04267,2023-01-17,2023-01-21,2023-01-24,3,Deluxe,84239,10,75815,227445,MICE,UBA Group,Online Travel Agent,Confirmed,Nigerian,1,POS,Tunde Adeyemi,January,2023,%Q,Q1
BK04268,2023-08-17,2023-09-30,2023-10-03,3,Suite,124136,10,111722,335167,Group,Individual Guest,Online Travel Agent,Completed,Nigerian,3,Cash,Emeka Okonkwo,September,2023,%Q,Q3
BK04269,2024-08-28,2024-09-06,2024-09-09,3,Deluxe,92699,0,92699,278097,Leisure,Individual Guest,Corporate Agreement,Completed,Nigerian,4,Bank Transfer,Emeka Okonkwo,September,2024,%Q,Q3
BK04270,2023-01-01,2023-01-06,2023-01-19,13,Deluxe,74844,10,67360,875675,Leisure,Individual Guest,Direct,Completed,Chinese,2,Cash,Tunde Adeyemi,January,2023,%Q,Q1
BK04271,2024-02-15,2024-03-25,2024-04-03,9,Executive,101807,5,96717,870450,Leisure,Individual Guest,Online Travel Agent,Completed,French,3,Corporate Account,Direct Booking,March,2024,%Q,Q1
BK04272,2023-05-08,2023-06-10,2023-06-17,7,Suite,175737,10,158163,1107143,Group,Individual Guest,Direct,Completed,Nigerian,2,Corporate Account,Amaka Osei,June,2023,%Q,Q2
BK04273,2023-07-23,2023-09-09,2023-09-11,2,Standard,49027,5,46576,93151,Airline Crew,9mobile,Direct,Completed,Nigerian,3,Corporate Account,Fatima Bello,September,2023,%Q,Q3
BK04274,2023-09-16,2023-11-14,2023-11-28,14,Suite,169162,20,135330,1894614,Corporate,Glo Mobile,Corporate Agreement,Completed,Nigerian,1,Bank Transfer,Amaka Osei,November,2023,%Q,Q4
BK04275,2024-08-24,2024-10-19,2024-10-28,9,Executive,126882,5,120538,1084841,Leisure,Individual Guest,Direct,Completed,Nigerian,2,POS,Amaka Osei,October,2024,%Q,Q4
BK04276,2024-05-10,2024-06-28,2024-07-11,13,Presidential,361874,0,361874,4704362,Leisure,Individual Guest,Travel Agent,Completed,Nigerian,2,Credit Card,Chioma Eze,June,2024,%Q,Q2
BK04277,2023-10-07,2023-11-04,2023-11-18,14,Executive,113120,5,107464,1504496,Group,Individual Guest,Direct,Completed,Indian,2,Credit Card,Fatima Bello,November,2023,%Q,Q4
BK04278,2023-06-17,2023-06-24,2023-07-03,9,Presidential,269468,10,242521,0,Corporate,Total Energies,Direct,Cancelled,Nigerian,2,Corporate Account,Direct Booking,June,2023,%Q,Q2
BK04279,2023-10-28,2023-11-17,2023-11-18,1,Deluxe,73778,0,73778,73778,Group,Individual Guest,Walk In,Confirmed,Nigerian,4,Credit Card,Emeka Okonkwo,November,2023,%Q,Q4
BK04280,2024-08-07,2024-10-01,2024-10-09,8,Presidential,361953,0,361953,2895624,Corporate,Zenith Bank,Walk In,Completed,Nigerian,4,Corporate Account,Tunde Adeyemi,October,2024,%Q,Q4
BK04281,2024-06-21,2024-08-08,2024-08-17,9,Suite,158050,10,142245,1280205,Corporate,Access Bank,Direct,Completed,Indian,4,Corporate Account,Tunde Adeyemi,August,2024,%Q,Q3
BK04282,2023-07-01,2023-07-29,2023-08-08,10,Presidential,388190,5,368780,3687805,Leisure,Individual Guest,Direct,Completed,South African,3,Cash,Direct Booking,July,2023,%Q,Q3
BK04283,2023-04-23,2023-04-30,2023-05-04,4,Presidential,390304,5,370789,1483155,Corporate,Flour Mills Nigeria,Travel Agent,Completed,British,4,Bank Transfer,Emeka Okonkwo,April,2023,%Q,Q2
BK04284,2024-07-21,2024-08-01,2024-08-07,6,Suite,151384,20,121107,726643,Corporate,Transcorp Hotels,Direct,Completed,British,2,Credit Card,Amaka Osei,August,2024,%Q,Q3
BK04285,2023-09-09,2023-10-08,2023-10-17,9,Executive,119195,0,119195,1072755,Leisure,Individual Guest,Travel Agent,Completed,French,4,POS,Amaka Osei,October,2023,%Q,Q4
BK04286,2023-12-12,2024-01-18,2024-01-26,8,Presidential,307918,10,277126,2217010,Corporate,Total Energies,Direct,Completed,South African,1,Cash,Amaka Osei,January,2024,%Q,Q1
BK04287,2023-09-04,2023-10-21,2023-10-27,6,Standard,59357,10,53421,320528,Corporate,Airtel Nigeria,Direct,Completed,Nigerian,2,Bank Transfer,Fatima Bello,October,2023,%Q,Q4
BK04288,2023-10-20,2023-11-07,2023-11-10,3,Executive,103236,0,103236,309708,MICE,Transcorp Hotels,Direct,Confirmed,British,4,Bank Transfer,Tunde Adeyemi,November,2023,%Q,Q4
BK04289,2023-08-08,2023-08-31,2023-09-04,4,Deluxe,93385,10,84046,336186,Leisure,Individual Guest,Online Travel Agent,Completed,French,1,POS,Fatima Bello,August,2023,%Q,Q3
BK04290,2024-01-31,2024-02-10,2024-02-23,13,Presidential,298733,0,298733,3883529,Group,Individual Guest,Online Travel Agent,Confirmed,Nigerian,4,POS,Emeka Okonkwo,February,2024,%Q,Q1
BK04291,2024-09-08,2024-10-10,2024-10-18,8,Presidential,288351,5,273933,2191468,MICE,Transcorp Hotels,Online Travel Agent,Completed,Chinese,4,Bank Transfer,Tunde Adeyemi,October,2024,%Q,Q4
BK04292,2023-07-03,2023-08-13,2023-08-23,10,Presidential,314817,0,314817,3148170,MICE,FAAN,Corporate Agreement,Completed,American,3,POS,Emeka Okonkwo,August,2023,%Q,Q3
BK04293,2023-01-01,2023-01-12,2023-01-25,13,Standard,54579,0,54579,709527,Corporate,Nigerian Ports Authority,Online Travel Agent,Completed,Nigerian,1,Credit Card,Emeka Okonkwo,January,2023,%Q,Q1
BK04294,2023-01-01,2023-01-18,2023-01-26,8,Deluxe,93287,5,88623,708981,Corporate,Shell Nigeria,Direct,Completed,Nigerian,4,Cash,Chioma Eze,January,2023,%Q,Q1
BK04295,2023-01-01,2023-01-17,2023-01-23,6,Suite,163955,5,155757,934544,Corporate,9mobile,Direct,Completed,Nigerian,4,Credit Card,Chioma Eze,January,2023,%Q,Q1
BK04296,2023-09-02,2023-10-12,2023-10-25,13,Suite,156281,10,140653,1828488,Corporate,Oando PLC,Walk In,Completed,American,4,Bank Transfer,Chioma Eze,October,2023,%Q,Q4
BK04297,2024-11-11,2024-12-29,2025-01-04,6,Deluxe,92632,5,88000,528002,Leisure,Individual Guest,Direct,Confirmed,Nigerian,2,Corporate Account,Fatima Bello,December,2024,%Q,Q4
BK04298,2024-04-24,2024-06-18,2024-06-22,4,Presidential,347244,20,277795,1111181,Corporate,Oando PLC,Walk In,Completed,Nigerian,4,Bank Transfer,Tunde Adeyemi,June,2024,%Q,Q2
BK04299,2024-02-19,2024-03-01,2024-03-09,8,Standard,49210,10,44289,354312,Leisure,Individual Guest,Online Travel Agent,Completed,British,4,Credit Card,Amaka Osei,March,2024,%Q,Q1
BK04300,2023-11-10,2023-12-08,2023-12-12,4,Presidential,395947,5,376150,1504599,MICE,Unilever Nigeria,Walk In,Completed,British,2,Bank Transfer,Chioma Eze,December,2023,%Q,Q4
BK04301,2023-04-01,2023-04-16,2023-04-24,8,Standard,58962,5,56014,448111,Group,Individual Guest,Travel Agent,Completed,Nigerian,1,Credit Card,Fatima Bello,April,2023,%Q,Q2
BK04302,2024-06-13,2024-07-26,2024-07-31,5,Presidential,303526,0,303526,1517630,Airline Crew,NNPC,Travel Agent,Completed,Chinese,2,Corporate Account,Emeka Okonkwo,July,2024,%Q,Q3
BK04303,2024-06-05,2024-07-02,2024-07-09,7,Suite,163693,5,155508,1088558,Leisure,Individual Guest,Online Travel Agent,Completed,Nigerian,3,POS,Chioma Eze,July,2024,%Q,Q3
BK04304,2023-07-11,2023-09-07,2023-09-19,12,Suite,139045,10,125140,1501686,Corporate,MTN Nigeria,Corporate Agreement,Completed,British,2,Corporate Account,Emeka Okonkwo,September,2023,%Q,Q3
BK04305,2023-01-11,2023-01-13,2023-01-18,5,Deluxe,80754,0,80754,403770,Group,Individual Guest,Online Travel Agent,Completed,British,1,POS,Fatima Bello,January,2023,%Q,Q1
BK04306,2024-08-08,2024-10-05,2024-10-14,9,Suite,172817,0,172817,0,Corporate,Seplat Energy,Online Travel Agent,Cancelled,Nigerian,2,Corporate Account,Chioma Eze,October,2024,%Q,Q4
BK04307,2024-06-14,2024-06-23,2024-06-24,1,Suite,127480,0,127480,127480,Corporate,UBA Group,Direct,Confirmed,Nigerian,2,POS,Chioma Eze,June,2024,%Q,Q2
BK04308,2024-02-20,2024-02-20,2024-02-27,7,Presidential,281164,0,281164,1968148,Leisure,Individual Guest,Direct,Completed,Nigerian,4,Corporate Account,Chioma Eze,February,2024,%Q,Q1
BK04309,2023-08-07,2023-08-25,2023-09-05,11,Standard,54027,0,54027,594297,Leisure,Individual Guest,Direct,Completed,Nigerian,3,Cash,Chioma Eze,August,2023,%Q,Q3
BK04310,2024-09-11,2024-10-18,2024-10-27,9,Deluxe,74263,0,74263,668367,Group,Individual Guest,Travel Agent,Confirmed,British,4,Bank Transfer,Direct Booking,October,2024,%Q,Q4
BK04311,2024-08-25,2024-09-13,2024-09-26,13,Presidential,313437,15,266421,3463479,Corporate,9mobile,Travel Agent,Completed,British,2,Bank Transfer,Fatima Bello,September,2024,%Q,Q3
BK04312,2023-07-23,2023-08-05,2023-08-14,9,Executive,114194,0,114194,1027746,Leisure,Individual Guest,Online Travel Agent,Completed,Nigerian,4,Bank Transfer,Fatima Bello,August,2023,%Q,Q3
BK04313,2024-06-06,2024-06-20,2024-07-02,12,Deluxe,81451,15,69233,830800,Corporate,UBA Group,Corporate Agreement,Completed,Nigerian,4,POS,Direct Booking,June,2024,%Q,Q2
BK04314,2024-11-08,2024-12-20,2024-12-24,4,Presidential,259232,0,259232,0,MICE,Conoil,Direct,No Show,French,1,POS,Direct Booking,December,2024,%Q,Q4
BK04315,2024-10-23,2024-12-19,2025-01-02,14,Presidential,392536,0,392536,5495504,MICE,Federal Ministry of Works,Direct,Completed,Nigerian,4,Bank Transfer,Chioma Eze,December,2024,%Q,Q4
BK04316,2024-02-17,2024-03-24,2024-03-25,1,Presidential,381586,15,324348,324348,Government,Lafarge Africa,Travel Agent,Confirmed,Indian,4,Bank Transfer,Fatima Bello,March,2024,%Q,Q1
BK04317,2024-06-24,2024-06-30,2024-07-09,9,Deluxe,70583,0,70583,635247,Corporate,UBA Group,Direct,Completed,Nigerian,1,Cash,Amaka Osei,June,2024,%Q,Q2
BK04318,2024-01-06,2024-01-26,2024-01-31,5,Suite,146794,0,146794,0,Leisure,Individual Guest,Online Travel Agent,Cancelled,Nigerian,4,Credit Card,Chioma Eze,January,2024,%Q,Q1
BK04319,2023-04-16,2023-05-11,2023-05-19,8,Presidential,381223,10,343101,0,Leisure,Individual Guest,Travel Agent,Cancelled,South African,4,Cash,Fatima Bello,May,2023,%Q,Q2
BK04320,2023-10-27,2023-11-13,2023-11-21,8,Suite,122433,0,122433,979464,Leisure,Individual Guest,Corporate Agreement,Completed,British,4,Bank Transfer,Emeka Okonkwo,November,2023,%Q,Q4
BK04321,2024-10-24,2024-10-29,2024-11-02,4,Suite,170725,0,170725,682900,Leisure,Individual Guest,Direct,Completed,Nigerian,3,Bank Transfer,Emeka Okonkwo,October,2024,%Q,Q4
BK04322,2024-02-06,2024-04-03,2024-04-05,2,Executive,116821,20,93457,186914,Corporate,Flour Mills Nigeria,Direct,Completed,Nigerian,3,Cash,Chioma Eze,April,2024,%Q,Q2
BK04323,2024-09-02,2024-10-10,2024-10-13,3,Executive,113730,5,108044,324130,Group,Individual Guest,Direct,Completed,American,2,Bank Transfer,Fatima Bello,October,2024,%Q,Q4
BK04324,2024-07-09,2024-07-25,2024-07-26,1,Presidential,382640,0,382640,382640,Leisure,Individual Guest,Direct,Completed,Nigerian,4,Credit Card,Fatima Bello,July,2024,%Q,Q3
BK04325,2024-07-03,2024-08-31,2024-09-07,7,Suite,168230,10,151407,1059849,Corporate,Total Energies,Corporate Agreement,Completed,Nigerian,1,Cash,Emeka Okonkwo,August,2024,%Q,Q3
BK04326,2024-01-29,2024-03-23,2024-03-28,5,Suite,120222,0,120222,601110,MICE,NNPC,Direct,Completed,Nigerian,3,Cash,Tunde Adeyemi,March,2024,%Q,Q1
BK04327,2023-12-26,2024-01-30,2024-02-01,2,Deluxe,74698,0,74698,149396,MICE,NNPC,Travel Agent,Completed,Nigerian,3,Bank Transfer,Chioma Eze,January,2024,%Q,Q1
BK04328,2023-03-16,2023-03-16,2023-03-30,14,Presidential,342162,10,307946,4311241,Corporate,Nestle Nigeria,Corporate Agreement,Completed,South African,1,Cash,Emeka Okonkwo,March,2023,%Q,Q1
BK04329,2024-01-15,2024-02-16,2024-02-25,9,Standard,61729,10,55556,500005,Government,Total Energies,Online Travel Agent,Completed,Nigerian,2,Corporate Account,Tunde Adeyemi,February,2024,%Q,Q1
BK04330,2023-09-28,2023-11-11,2023-11-12,1,Deluxe,91514,5,86938,86938,Group,Individual Guest,Walk In,Completed,South African,4,Credit Card,Tunde Adeyemi,November,2023,%Q,Q4
BK04331,2023-05-28,2023-06-12,2023-06-20,8,Deluxe,75067,20,60054,480429,Government,Nestle Nigeria,Walk In,Completed,Nigerian,3,Corporate Account,Chioma Eze,June,2023,%Q,Q2
BK04332,2024-05-28,2024-06-04,2024-06-18,14,Presidential,326781,0,326781,4574934,MICE,Seplat Energy,Online Travel Agent,Completed,Nigerian,3,Credit Card,Direct Booking,June,2024,%Q,Q2
BK04333,2024-09-01,2024-09-13,2024-09-23,10,Standard,51594,10,46435,464346,Leisure,Individual Guest,Travel Agent,Completed,Nigerian,4,Corporate Account,Direct Booking,September,2024,%Q,Q3
BK04334,2023-08-03,2023-09-24,2023-10-06,12,Presidential,251199,10,226079,0,Government,Glo Mobile,Corporate Agreement,Cancelled,French,2,POS,Direct Booking,September,2023,%Q,Q3
BK04335,2023-01-29,2023-02-02,2023-02-06,4,Executive,103089,10,92780,371120,Government,Lafarge Africa,Online Travel Agent,Completed,British,3,Credit Card,Chioma Eze,February,2023,%Q,Q1
BK04336,2023-06-19,2023-08-01,2023-08-10,9,Presidential,308093,0,308093,2772837,Corporate,Nigerian Breweries,Travel Agent,Completed,American,1,Bank Transfer,Direct Booking,August,2023,%Q,Q3
BK04337,2024-01-26,2024-02-12,2024-02-19,7,Presidential,252970,5,240322,1682250,Corporate,NNPC,Direct,Confirmed,Nigerian,3,Credit Card,Fatima Bello,February,2024,%Q,Q1
BK04338,2023-02-21,2023-03-15,2023-03-17,2,Suite,170783,10,153705,307409,Government,PZ Cussons,Online Travel Agent,Completed,Nigerian,3,Credit Card,Emeka Okonkwo,March,2023,%Q,Q1
BK04339,2023-10-02,2023-11-22,2023-12-02,10,Standard,45704,0,45704,457040,Group,Individual Guest,Direct,Completed,Nigerian,4,Credit Card,Tunde Adeyemi,November,2023,%Q,Q4
BK04340,2023-02-06,2023-03-03,2023-03-08,5,Standard,49625,0,49625,248125,Leisure,Individual Guest,Direct,Completed,Nigerian,2,POS,Emeka Okonkwo,March,2023,%Q,Q1
BK04341,2023-11-01,2023-12-11,2023-12-13,2,Presidential,288382,5,273963,547926,MICE,NNPC,Direct,Completed,Ghanaian,1,Cash,Tunde Adeyemi,December,2023,%Q,Q4
BK04342,2023-05-06,2023-05-09,2023-05-11,2,Presidential,325783,5,309494,618988,Corporate,Airtel Nigeria,Travel Agent,Completed,French,4,Bank Transfer,Emeka Okonkwo,May,2023,%Q,Q2
BK04343,2024-11-01,2024-12-27,2025-01-06,10,Presidential,266854,10,240169,2401686,Corporate,Transcorp Hotels,Direct,Completed,Indian,4,Corporate Account,Fatima Bello,December,2024,%Q,Q4
BK04344,2023-02-07,2023-02-20,2023-03-01,9,Executive,101091,10,90982,818837,MICE,Chevron Nigeria,Direct,Confirmed,Indian,1,Credit Card,Emeka Okonkwo,February,2023,%Q,Q1
BK04345,2024-11-28,2024-12-03,2024-12-11,8,Suite,169442,10,152498,0,Corporate,Air Peace,Direct,Cancelled,French,1,Bank Transfer,Tunde Adeyemi,December,2024,%Q,Q4
BK04346,2024-10-31,2024-11-11,2024-11-18,7,Executive,97592,5,92712,648987,Leisure,Individual Guest,Walk In,Completed,Chinese,3,Cash,Emeka Okonkwo,November,2024,%Q,Q4
BK04347,2024-08-16,2024-09-30,2024-10-09,9,Presidential,388844,0,388844,3499596,Group,Individual Guest,Direct,Confirmed,Nigerian,2,Cash,Amaka Osei,September,2024,%Q,Q3
BK04348,2024-07-12,2024-09-02,2024-09-15,13,Deluxe,75666,10,68099,885292,Corporate,Oando PLC,Direct,Completed,South African,1,Bank Transfer,Chioma Eze,September,2024,%Q,Q3
BK04349,2024-07-06,2024-08-29,2024-09-09,11,Deluxe,88044,0,88044,968484,Group,Individual Guest,Direct,Completed,South African,2,Cash,Chioma Eze,August,2024,%Q,Q3
BK04350,2024-05-08,2024-06-02,2024-06-11,9,Suite,143658,0,143658,1292922,Group,Individual Guest,Direct,Completed,Nigerian,2,POS,Direct Booking,June,2024,%Q,Q2
BK04351,2024-02-18,2024-03-14,2024-03-18,4,Executive,129291,20,103433,413731,Corporate,9mobile,Corporate Agreement,Completed,Nigerian,3,Cash,Amaka Osei,March,2024,%Q,Q1
BK04352,2023-08-07,2023-09-07,2023-09-16,9,Suite,122535,15,104155,937393,Corporate,Honeywell Group,Walk In,Completed,British,1,Credit Card,Amaka Osei,September,2023,%Q,Q3
BK04353,2023-04-19,2023-05-29,2023-05-31,2,Standard,52439,0,52439,104878,MICE,MTN Nigeria,Direct,Completed,Nigerian,4,Corporate Account,Chioma Eze,May,2023,%Q,Q2
BK04354,2023-01-16,2023-01-19,2023-01-21,2,Standard,55236,0,55236,110472,Leisure,Individual Guest,Corporate Agreement,Confirmed,Nigerian,2,Cash,Tunde Adeyemi,January,2023,%Q,Q1
BK04355,2024-03-10,2024-03-21,2024-03-24,3,Executive,98575,0,98575,0,Group,Individual Guest,Walk In,Cancelled,South African,4,Corporate Account,Tunde Adeyemi,March,2024,%Q,Q1
BK04356,2023-08-01,2023-08-25,2023-08-27,2,Standard,54595,20,43676,0,Corporate,Shell Nigeria,Direct,Cancelled,Nigerian,1,Corporate Account,Direct Booking,August,2023,%Q,Q3
BK04357,2024-07-30,2024-08-19,2024-08-24,5,Executive,111387,0,111387,556935,Corporate,Unilever Nigeria,Corporate Agreement,Completed,Nigerian,1,Bank Transfer,Fatima Bello,August,2024,%Q,Q3
BK04358,2023-10-19,2023-12-07,2023-12-14,7,Executive,110253,5,104740,0,Group,Individual Guest,Online Travel Agent,Cancelled,Nigerian,1,Cash,Fatima Bello,December,2023,%Q,Q4
BK04359,2024-02-24,2024-03-18,2024-03-22,4,Deluxe,78642,0,78642,0,Corporate,Air Peace,Direct,Cancelled,Chinese,4,Corporate Account,Fatima Bello,March,2024,%Q,Q1
BK04360,2023-01-30,2023-02-25,2023-03-04,7,Suite,168659,5,160226,0,Leisure,Individual Guest,Corporate Agreement,Cancelled,Indian,4,Corporate Account,Chioma Eze,February,2023,%Q,Q1
BK04361,2023-09-10,2023-10-22,2023-10-24,2,Suite,158009,10,142208,284416,Corporate,Transcorp Hotels,Online Travel Agent,Confirmed,Nigerian,4,Corporate Account,Direct Booking,October,2023,%Q,Q4
BK04362,2023-06-10,2023-06-17,2023-06-24,7,Suite,154532,5,146805,1027638,Leisure,Individual Guest,Corporate Agreement,Completed,French,1,POS,Fatima Bello,June,2023,%Q,Q2
BK04363,2024-07-06,2024-07-21,2024-08-04,14,Standard,60641,0,60641,848974,Airline Crew,Airtel Nigeria,Direct,Completed,Nigerian,1,Cash,Tunde Adeyemi,July,2024,%Q,Q3
BK04364,2023-09-06,2023-10-27,2023-11-08,12,Presidential,331724,0,331724,3980688,Airline Crew,GTCO,Online Travel Agent,Completed,Nigerian,4,Credit Card,Direct Booking,October,2023,%Q,Q4
BK04365,2024-03-01,2024-04-26,2024-05-10,14,Suite,126056,0,126056,1764784,Leisure,Individual Guest,Corporate Agreement,Completed,Nigerian,3,Cash,Chioma Eze,April,2024,%Q,Q2
BK04366,2024-06-09,2024-07-09,2024-07-15,6,Standard,51293,0,51293,307758,Corporate,Unilever Nigeria,Travel Agent,Completed,Chinese,4,Bank Transfer,Emeka Okonkwo,July,2024,%Q,Q3
BK04367,2024-01-19,2024-02-01,2024-02-03,2,Standard,48714,15,41407,82814,Corporate,Nestle Nigeria,Online Travel Agent,Completed,Kenyan,1,POS,Direct Booking,February,2024,%Q,Q1
BK04368,2023-04-17,2023-06-16,2023-06-17,1,Deluxe,80416,10,72374,72374,Leisure,Individual Guest,Walk In,Completed,Nigerian,1,Bank Transfer,Amaka Osei,June,2023,%Q,Q2
BK04369,2023-01-17,2023-03-07,2023-03-18,11,Suite,139055,0,139055,1529605,MICE,Lagos State Government,Corporate Agreement,Completed,Kenyan,3,Credit Card,Fatima Bello,March,2023,%Q,Q1
BK04370,2023-03-12,2023-05-06,2023-05-13,7,Suite,133485,15,113462,794236,Corporate,Total Energies,Corporate Agreement,Completed,German,3,Bank Transfer,Amaka Osei,May,2023,%Q,Q2
BK04371,2023-10-10,2023-11-21,2023-11-26,5,Executive,123606,0,123606,618030,Corporate,Shell Nigeria,Walk In,Confirmed,Nigerian,2,Cash,Emeka Okonkwo,November,2023,%Q,Q4
BK04372,2023-01-24,2023-03-23,2023-03-30,7,Presidential,318606,10,286745,0,Leisure,Individual Guest,Travel Agent,Cancelled,Chinese,3,Bank Transfer,Chioma Eze,March,2023,%Q,Q1
BK04373,2023-05-16,2023-06-02,2023-06-06,4,Executive,120618,0,120618,482472,Corporate,Zenith Bank,Online Travel Agent,Completed,Nigerian,2,Credit Card,Chioma Eze,June,2023,%Q,Q2
BK04374,2024-01-24,2024-03-19,2024-04-01,13,Suite,158042,0,158042,2054546,MICE,MTN Nigeria,Travel Agent,Completed,British,1,Bank Transfer,Chioma Eze,March,2024,%Q,Q1
BK04375,2024-04-26,2024-05-02,2024-05-13,11,Deluxe,91032,5,86480,951284,Group,Individual Guest,Corporate Agreement,Completed,South African,1,Bank Transfer,Direct Booking,May,2024,%Q,Q2
BK04376,2024-05-17,2024-07-10,2024-07-20,10,Standard,60844,0,60844,608440,Leisure,Individual Guest,Corporate Agreement,Completed,Nigerian,1,Corporate Account,Direct Booking,July,2024,%Q,Q3
BK04377,2024-06-05,2024-07-24,2024-08-06,13,Presidential,309617,0,309617,4025021,Airline Crew,FBN Holdings,Corporate Agreement,Confirmed,British,4,Cash,Chioma Eze,July,2024,%Q,Q3
BK04378,2024-05-10,2024-05-25,2024-05-29,4,Suite,166015,5,157714,0,Corporate,Transcorp Hotels,Travel Agent,No Show,Nigerian,3,Corporate Account,Amaka Osei,May,2024,%Q,Q2
BK04379,2023-12-23,2024-01-07,2024-01-21,14,Standard,60849,0,60849,851886,MICE,Airtel Nigeria,Walk In,Confirmed,Ghanaian,1,Corporate Account,Tunde Adeyemi,January,2024,%Q,Q1
BK04380,2023-04-09,2023-04-29,2023-05-08,9,Presidential,354288,10,318859,2869733,Leisure,Individual Guest,Direct,Completed,Nigerian,2,Cash,Fatima Bello,April,2023,%Q,Q2
BK04381,2023-01-01,2023-01-22,2023-01-28,6,Suite,122130,0,122130,732780,Leisure,Individual Guest,Corporate Agreement,Completed,Nigerian,4,Cash,Fatima Bello,January,2023,%Q,Q1
BK04382,2024-01-03,2024-02-04,2024-02-11,7,Standard,57999,15,49299,345094,Government,Total Energies,Online Travel Agent,Completed,British,3,POS,Amaka Osei,February,2024,%Q,Q1
BK04383,2023-01-01,2023-02-06,2023-02-19,13,Executive,106632,5,101300,1316905,Group,Individual Guest,Travel Agent,Completed,British,1,POS,Fatima Bello,February,2023,%Q,Q1
BK04384,2024-05-17,2024-05-29,2024-06-11,13,Standard,49021,5,46570,605409,Corporate,Unilever Nigeria,Corporate Agreement,Completed,British,2,Credit Card,Fatima Bello,May,2024,%Q,Q2
BK04385,2023-08-25,2023-09-05,2023-09-07,2,Suite,145570,5,138292,276583,Leisure,Individual Guest,Direct,Confirmed,American,3,POS,Tunde Adeyemi,September,2023,%Q,Q3
BK04386,2023-04-26,2023-05-07,2023-05-14,7,Executive,102610,0,102610,718270,Airline Crew,Flour Mills Nigeria,Direct,Confirmed,Nigerian,2,Corporate Account,Direct Booking,May,2023,%Q,Q2
BK04387,2023-06-15,2023-07-26,2023-08-01,6,Executive,110238,0,110238,661428,Group,Individual Guest,Direct,Completed,South African,2,Cash,Direct Booking,July,2023,%Q,Q3
BK04388,2024-09-04,2024-09-15,2024-09-20,5,Standard,59394,10,53455,267273,Leisure,Individual Guest,Direct,Completed,Nigerian,1,Corporate Account,Fatima Bello,September,2024,%Q,Q3
BK04389,2024-12-08,2024-12-26,2025-01-05,10,Deluxe,81219,20,64975,649752,Corporate,Glo Mobile,Direct,Completed,Indian,1,Credit Card,Chioma Eze,December,2024,%Q,Q4
BK04390,2023-11-25,2024-01-08,2024-01-14,6,Presidential,378895,0,378895,2273370,Leisure,Individual Guest,Corporate Agreement,Completed,Nigerian,4,Credit Card,Chioma Eze,January,2024,%Q,Q1
BK04391,2024-03-25,2024-04-16,2024-04-26,10,Executive,104762,0,104762,1047620,Corporate,Nigerian Breweries,Corporate Agreement,Completed,French,2,POS,Tunde Adeyemi,April,2024,%Q,Q2
BK04392,2023-08-28,2023-09-03,2023-09-09,6,Standard,47413,10,42672,256030,Corporate,Lafarge Africa,Direct,Confirmed,Nigerian,2,Bank Transfer,Chioma Eze,September,2023,%Q,Q3
BK04393,2024-02-02,2024-02-19,2024-02-29,10,Presidential,325588,0,325588,3255880,Group,Individual Guest,Direct,Completed,Nigerian,2,Credit Card,Direct Booking,February,2024,%Q,Q1
BK04394,2023-05-20,2023-06-24,2023-06-25,1,Executive,111336,0,111336,111336,Leisure,Individual Guest,Corporate Agreement,Completed,Ghanaian,3,POS,Amaka Osei,June,2023,%Q,Q2
BK04395,2024-06-29,2024-08-21,2024-09-04,14,Standard,53144,5,50487,706815,Leisure,Individual Guest,Walk In,Completed,British,2,POS,Emeka Okonkwo,August,2024,%Q,Q3
BK04396,2024-09-17,2024-09-24,2024-09-27,3,Deluxe,73657,10,66291,198874,Leisure,Individual Guest,Corporate Agreement,Completed,Nigerian,1,Bank Transfer,Direct Booking,September,2024,%Q,Q3
BK04397,2024-08-05,2024-09-02,2024-09-06,4,Standard,57202,20,45762,183046,Corporate,Guinness Nigeria,Online Travel Agent,Confirmed,Nigerian,2,POS,Chioma Eze,September,2024,%Q,Q3
BK04398,2023-01-01,2023-01-04,2023-01-08,4,Suite,162599,0,162599,650396,Leisure,Individual Guest,Direct,Completed,Nigerian,4,Credit Card,Tunde Adeyemi,January,2023,%Q,Q1
BK04399,2024-10-13,2024-11-18,2024-11-23,5,Suite,145931,5,138634,693172,Corporate,Nigerian Ports Authority,Direct,Completed,Kenyan,3,Bank Transfer,Amaka Osei,November,2024,%Q,Q4
BK04400,2023-11-20,2023-12-31,2024-01-06,6,Presidential,385996,20,308797,1852781,Corporate,Lafarge Africa,Corporate Agreement,Completed,Nigerian,1,POS,Amaka Osei,December,2023,%Q,Q4
BK04401,2023-05-23,2023-07-03,2023-07-13,10,Deluxe,86956,10,78260,782604,Airline Crew,Dangote Group,Direct,Completed,French,4,Corporate Account,Chioma Eze,July,2023,%Q,Q3
BK04402,2024-07-10,2024-07-20,2024-08-02,13,Suite,153780,0,153780,1999140,Leisure,Individual Guest,Online Travel Agent,Completed,German,1,Cash,Emeka Okonkwo,July,2024,%Q,Q3
BK04403,2023-07-13,2023-08-29,2023-09-02,4,Standard,59622,0,59622,238488,MICE,FAAN,Corporate Agreement,Completed,Nigerian,2,Corporate Account,Direct Booking,August,2023,%Q,Q3
BK04404,2023-02-26,2023-04-03,2023-04-05,2,Standard,59114,10,53203,106405,Group,Individual Guest,Walk In,Completed,British,1,Credit Card,Chioma Eze,April,2023,%Q,Q2
BK04405,2023-08-26,2023-09-08,2023-09-16,8,Standard,51236,15,43551,0,Corporate,Dangote Group,Online Travel Agent,No Show,Nigerian,2,Bank Transfer,Emeka Okonkwo,September,2023,%Q,Q3
BK04406,2024-06-28,2024-08-08,2024-08-19,11,Deluxe,70900,10,63810,701910,Leisure,Individual Guest,Corporate Agreement,Completed,Kenyan,3,Cash,Amaka Osei,August,2024,%Q,Q3
BK04407,2023-04-13,2023-05-13,2023-05-14,1,Deluxe,73162,10,65846,65846,Leisure,Individual Guest,Online Travel Agent,Completed,American,4,Cash,Tunde Adeyemi,May,2023,%Q,Q2
BK04408,2023-09-19,2023-10-04,2023-10-12,8,Deluxe,81802,15,69532,556254,Government,Airtel Nigeria,Online Travel Agent,Confirmed,Nigerian,1,POS,Tunde Adeyemi,October,2023,%Q,Q4
BK04409,2023-06-23,2023-08-13,2023-08-20,7,Executive,102841,15,87415,611904,Corporate,Seplat Energy,Walk In,Completed,South African,3,POS,Amaka Osei,August,2023,%Q,Q3
BK04410,2024-06-03,2024-07-15,2024-07-29,14,Presidential,255949,10,230354,3224957,MICE,Airtel Nigeria,Corporate Agreement,Completed,Nigerian,4,Bank Transfer,Fatima Bello,July,2024,%Q,Q3
BK04411,2023-09-07,2023-09-27,2023-10-02,5,Executive,116406,0,116406,582030,Airline Crew,Seplat Energy,Corporate Agreement,Completed,American,3,Corporate Account,Amaka Osei,September,2023,%Q,Q3
BK04412,2023-06-19,2023-07-09,2023-07-10,1,Suite,123639,15,105093,105093,Government,Nigerian Ports Authority,Walk In,Completed,Chinese,4,Cash,Direct Booking,July,2023,%Q,Q3
BK04413,2023-09-09,2023-10-15,2023-10-16,1,Deluxe,71589,0,71589,71589,Corporate,Lagos State Government,Travel Agent,Completed,British,1,Credit Card,Fatima Bello,October,2023,%Q,Q4
BK04414,2023-01-18,2023-03-15,2023-03-19,4,Suite,176629,5,167798,671190,Group,Individual Guest,Direct,Completed,South African,4,Bank Transfer,Fatima Bello,March,2023,%Q,Q1
BK04415,2023-01-16,2023-01-20,2023-01-30,10,Suite,171342,0,171342,1713420,MICE,NNPC,Online Travel Agent,Completed,Nigerian,1,Bank Transfer,Amaka Osei,January,2023,%Q,Q1
BK04416,2023-01-21,2023-02-08,2023-02-09,1,Executive,111703,0,111703,111703,MICE,Flour Mills Nigeria,Online Travel Agent,Completed,Ghanaian,4,POS,Chioma Eze,February,2023,%Q,Q1
BK04417,2023-05-29,2023-06-24,2023-06-30,6,Standard,54242,0,54242,325452,Airline Crew,Shell Nigeria,Online Travel Agent,Completed,Nigerian,1,Corporate Account,Emeka Okonkwo,June,2023,%Q,Q2
BK04418,2023-07-15,2023-07-17,2023-07-26,9,Executive,116718,0,116718,1050462,Group,Individual Guest,Online Travel Agent,Confirmed,Nigerian,3,Corporate Account,Amaka Osei,July,2023,%Q,Q3
BK04419,2024-11-05,2024-11-28,2024-12-09,11,Standard,63247,0,63247,695717,Group,Individual Guest,Online Travel Agent,Completed,Nigerian,3,Bank Transfer,Tunde Adeyemi,November,2024,%Q,Q4
BK04420,2024-02-01,2024-03-25,2024-04-08,14,Standard,61294,0,61294,858116,Corporate,NNPC,Online Travel Agent,Completed,Ghanaian,2,Corporate Account,Direct Booking,March,2024,%Q,Q1
BK04421,2024-08-19,2024-10-02,2024-10-03,1,Deluxe,75121,5,71365,71365,Group,Individual Guest,Online Travel Agent,Confirmed,Nigerian,3,Cash,Tunde Adeyemi,October,2024,%Q,Q4
BK04422,2023-03-12,2023-04-13,2023-04-20,7,Suite,139170,10,125253,876771,Corporate,Federal Ministry of Works,Travel Agent,Completed,British,3,Credit Card,Fatima Bello,April,2023,%Q,Q2
BK04423,2023-02-22,2023-03-28,2023-04-08,11,Deluxe,76069,0,76069,836759,Leisure,Individual Guest,Travel Agent,Completed,Kenyan,2,Corporate Account,Tunde Adeyemi,March,2023,%Q,Q1
BK04424,2024-11-13,2024-11-30,2024-12-11,11,Executive,105296,10,94766,1042430,MICE,Oando PLC,Online Travel Agent,Completed,British,3,Cash,Direct Booking,November,2024,%Q,Q4
BK04425,2024-08-11,2024-08-12,2024-08-17,5,Standard,63823,10,57441,287204,Group,Individual Guest,Travel Agent,Completed,Kenyan,2,Corporate Account,Chioma Eze,August,2024,%Q,Q3
BK04426,2023-04-22,2023-06-08,2023-06-19,11,Suite,156723,5,148887,1637755,Group,Individual Guest,Online Travel Agent,Completed,Nigerian,4,Credit Card,Emeka Okonkwo,June,2023,%Q,Q2
BK04427,2024-10-01,2024-11-13,2024-11-24,11,Executive,122398,0,122398,1346378,MICE,Transcorp Hotels,Online Travel Agent,Completed,Nigerian,2,Cash,Tunde Adeyemi,November,2024,%Q,Q4
BK04428,2023-04-19,2023-04-25,2023-05-05,10,Presidential,369165,15,313790,3137902,Corporate,Nestle Nigeria,Corporate Agreement,Completed,Nigerian,4,Corporate Account,Emeka Okonkwo,April,2023,%Q,Q2
BK04429,2024-10-24,2024-12-11,2024-12-18,7,Standard,47674,10,42907,300346,Leisure,Individual Guest,Travel Agent,Completed,Nigerian,3,Credit Card,Chioma Eze,December,2024,%Q,Q4
BK04430,2024-09-26,2024-11-04,2024-11-15,11,Deluxe,73710,5,70024,770270,Leisure,Individual Guest,Online Travel Agent,Completed,Chinese,3,POS,Amaka Osei,November,2024,%Q,Q4
BK04431,2024-02-27,2024-04-03,2024-04-09,6,Standard,45857,5,43564,261385,Group,Individual Guest,Online Travel Agent,Completed,South African,4,POS,Direct Booking,April,2024,%Q,Q2
BK04432,2023-01-29,2023-02-17,2023-02-28,11,Suite,171452,5,162879,1791673,Leisure,Individual Guest,Walk In,Completed,German,3,Bank Transfer,Chioma Eze,February,2023,%Q,Q1
BK04433,2024-04-16,2024-04-24,2024-04-25,1,Suite,169143,15,143772,143772,Corporate,Access Bank,Walk In,Completed,Nigerian,3,Bank Transfer,Chioma Eze,April,2024,%Q,Q2
BK04434,2023-11-05,2023-11-28,2023-12-01,3,Executive,109186,0,109186,327558,Leisure,Individual Guest,Direct,Completed,South African,3,Cash,Chioma Eze,November,2023,%Q,Q4
BK04435,2024-11-16,2024-12-27,2025-01-07,11,Executive,120583,10,108525,0,Government,Federal Ministry of Works,Travel Agent,Cancelled,American,3,Bank Transfer,Tunde Adeyemi,December,2024,%Q,Q4
BK04436,2024-06-02,2024-08-01,2024-08-07,6,Deluxe,70323,5,66807,0,Group,Individual Guest,Walk In,Cancelled,Nigerian,4,Credit Card,Fatima Bello,August,2024,%Q,Q3
BK04437,2024-06-26,2024-08-08,2024-08-14,6,Presidential,395833,0,395833,2374998,Leisure,Individual Guest,Corporate Agreement,Completed,German,4,Corporate Account,Tunde Adeyemi,August,2024,%Q,Q3
BK04438,2023-07-01,2023-08-29,2023-09-05,7,Executive,97039,10,87335,611346,MICE,Total Energies,Online Travel Agent,Completed,Kenyan,2,POS,Chioma Eze,August,2023,%Q,Q3
BK04439,2023-09-06,2023-10-20,2023-10-24,4,Suite,123026,15,104572,418288,Corporate,Transcorp Hotels,Online Travel Agent,Completed,Nigerian,4,Credit Card,Chioma Eze,October,2023,%Q,Q4
BK04440,2024-03-21,2024-04-23,2024-05-04,11,Suite,129146,5,122689,1349576,Corporate,Nigerian Breweries,Direct,Completed,German,4,Bank Transfer,Fatima Bello,April,2024,%Q,Q2
BK04441,2024-10-21,2024-11-27,2024-12-04,7,Suite,121422,10,109280,764959,MICE,Transcorp Hotels,Online Travel Agent,Completed,Nigerian,4,Bank Transfer,Amaka Osei,November,2024,%Q,Q4
BK04442,2023-02-18,2023-03-17,2023-03-23,6,Presidential,374893,10,337404,2024422,Leisure,Individual Guest,Online Travel Agent,Completed,Nigerian,1,Bank Transfer,Emeka Okonkwo,March,2023,%Q,Q1
BK04443,2023-02-21,2023-03-06,2023-03-10,4,Suite,174055,5,165352,661409,Group,Individual Guest,Direct,Confirmed,South African,2,Credit Card,Chioma Eze,March,2023,%Q,Q1
BK04444,2024-06-26,2024-08-10,2024-08-24,14,Deluxe,94834,10,85351,1194908,MICE,UBA Group,Direct,Confirmed,American,3,POS,Direct Booking,August,2024,%Q,Q3
BK04445,2024-09-12,2024-09-19,2024-09-21,2,Deluxe,88755,10,79880,159759,MICE,Federal Ministry of Works,Direct,Completed,Nigerian,2,POS,Amaka Osei,September,2024,%Q,Q3
BK04446,2024-02-21,2024-04-18,2024-04-28,10,Standard,53623,0,53623,536230,Leisure,Individual Guest,Online Travel Agent,Completed,Indian,1,Credit Card,Direct Booking,April,2024,%Q,Q2
BK04447,2023-07-04,2023-08-25,2023-09-04,10,Standard,57040,0,57040,570400,Group,Individual Guest,Online Travel Agent,Completed,Nigerian,2,Cash,Fatima Bello,August,2023,%Q,Q3
BK04448,2024-06-19,2024-08-10,2024-08-15,5,Deluxe,88272,10,79445,397224,Group,Individual Guest,Online Travel Agent,Completed,Kenyan,2,Cash,Direct Booking,August,2024,%Q,Q3
BK04449,2024-05-03,2024-05-27,2024-06-01,5,Deluxe,85533,0,85533,0,Group,Individual Guest,Corporate Agreement,No Show,British,2,Bank Transfer,Chioma Eze,May,2024,%Q,Q2
BK04450,2023-06-05,2023-07-03,2023-07-17,14,Executive,103954,0,103954,1455356,Group,Individual Guest,Online Travel Agent,Confirmed,Nigerian,2,Corporate Account,Amaka Osei,July,2023,%Q,Q3
BK04451,2023-01-27,2023-02-17,2023-03-03,14,Suite,132967,15,113022,1582307,Corporate,Seplat Energy,Direct,Completed,Kenyan,2,Cash,Direct Booking,February,2023,%Q,Q1
BK04452,2023-04-23,2023-05-28,2023-06-04,7,Executive,126943,0,126943,0,Leisure,Individual Guest,Online Travel Agent,No Show,American,1,Cash,Fatima Bello,May,2023,%Q,Q2
BK04453,2024-05-26,2024-06-23,2024-06-30,7,Deluxe,86594,0,86594,0,Leisure,Individual Guest,Travel Agent,No Show,Nigerian,1,Bank Transfer,Fatima Bello,June,2024,%Q,Q2
BK04454,2023-01-01,2023-01-19,2023-01-27,8,Deluxe,89556,0,89556,716448,Leisure,Individual Guest,Travel Agent,Completed,Nigerian,1,Cash,Direct Booking,January,2023,%Q,Q1
BK04455,2024-05-08,2024-05-12,2024-05-16,4,Presidential,263158,5,250000,1000000,Corporate,UBA Group,Direct,Confirmed,French,1,Bank Transfer,Emeka Okonkwo,May,2024,%Q,Q2
BK04456,2024-07-12,2024-09-01,2024-09-14,13,Suite,136341,0,136341,1772433,MICE,PZ Cussons,Walk In,Completed,Nigerian,1,Corporate Account,Chioma Eze,September,2024,%Q,Q3
BK04457,2024-09-13,2024-09-27,2024-10-04,7,Suite,140830,20,112664,788648,Corporate,Lafarge Africa,Walk In,Completed,American,3,Bank Transfer,Amaka Osei,September,2024,%Q,Q3
BK04458,2023-10-12,2023-11-06,2023-11-12,6,Executive,109761,0,109761,658566,Airline Crew,Access Bank,Online Travel Agent,Completed,American,4,Bank Transfer,Direct Booking,November,2023,%Q,Q4
BK04459,2024-07-29,2024-08-03,2024-08-07,4,Executive,118557,0,118557,474228,Leisure,Individual Guest,Online Travel Agent,Confirmed,Nigerian,4,Bank Transfer,Tunde Adeyemi,August,2024,%Q,Q3
BK04460,2024-03-25,2024-04-09,2024-04-13,4,Presidential,376110,5,357304,1429218,MICE,Conoil,Travel Agent,Confirmed,Nigerian,2,Cash,Direct Booking,April,2024,%Q,Q2
BK04461,2023-04-19,2023-06-10,2023-06-12,2,Presidential,291435,10,262292,524583,Government,Chevron Nigeria,Corporate Agreement,Completed,Nigerian,1,Corporate Account,Amaka Osei,June,2023,%Q,Q2
BK04462,2024-05-30,2024-06-20,2024-06-27,7,Suite,175474,0,175474,1228318,Group,Individual Guest,Online Travel Agent,Completed,Nigerian,1,Cash,Direct Booking,June,2024,%Q,Q2
BK04463,2023-08-10,2023-09-13,2023-09-19,6,Standard,54068,0,54068,324408,MICE,Access Bank,Corporate Agreement,Confirmed,Kenyan,3,Cash,Amaka Osei,September,2023,%Q,Q3
BK04464,2023-02-07,2023-03-26,2023-04-01,6,Deluxe,72295,0,72295,433770,Group,Individual Guest,Online Travel Agent,Completed,Indian,1,Corporate Account,Direct Booking,March,2023,%Q,Q1
BK04465,2024-03-31,2024-05-08,2024-05-15,7,Deluxe,93028,5,88377,618636,MICE,Honeywell Group,Corporate Agreement,Completed,Nigerian,3,Cash,Chioma Eze,May,2024,%Q,Q2
BK04466,2023-05-04,2023-06-03,2023-06-09,6,Suite,120539,10,108485,0,MICE,Chevron Nigeria,Online Travel Agent,Cancelled,Nigerian,3,Corporate Account,Amaka Osei,June,2023,%Q,Q2
BK04467,2024-02-22,2024-02-29,2024-03-13,13,Executive,117119,10,105407,1370292,MICE,Nigerian Breweries,Direct,Completed,South African,3,Bank Transfer,Amaka Osei,February,2024,%Q,Q1
BK04468,2024-06-05,2024-07-25,2024-08-08,14,Standard,57539,0,57539,805546,Corporate,Air Peace,Corporate Agreement,Completed,American,4,Cash,Chioma Eze,July,2024,%Q,Q3
BK04469,2024-06-29,2024-07-24,2024-07-27,3,Executive,119996,0,119996,359988,MICE,Airtel Nigeria,Direct,Completed,South African,3,Cash,Amaka Osei,July,2024,%Q,Q3
BK04470,2024-08-13,2024-10-01,2024-10-06,5,Deluxe,94534,0,94534,472670,Leisure,Individual Guest,Direct,Completed,Nigerian,1,Cash,Direct Booking,October,2024,%Q,Q4
BK04471,2023-11-26,2023-12-03,2023-12-17,14,Deluxe,84360,10,75924,1062936,Group,Individual Guest,Walk In,Completed,French,3,POS,Emeka Okonkwo,December,2023,%Q,Q4
BK04472,2024-03-12,2024-03-30,2024-03-31,1,Deluxe,78348,15,66596,66596,Corporate,Unilever Nigeria,Travel Agent,Completed,Chinese,1,Corporate Account,Emeka Okonkwo,March,2024,%Q,Q1
BK04473,2024-10-29,2024-10-31,2024-11-01,1,Executive,100099,15,85084,85084,Government,Guinness Nigeria,Corporate Agreement,Completed,Nigerian,4,POS,Tunde Adeyemi,October,2024,%Q,Q4
BK04474,2024-02-19,2024-02-25,2024-03-08,12,Standard,55252,0,55252,663024,Corporate,Oando PLC,Online Travel Agent,Completed,Nigerian,1,Corporate Account,Emeka Okonkwo,February,2024,%Q,Q1
BK04475,2024-10-11,2024-12-05,2024-12-19,14,Executive,117797,0,117797,1649158,MICE,Unilever Nigeria,Online Travel Agent,Completed,Nigerian,3,Corporate Account,Emeka Okonkwo,December,2024,%Q,Q4
BK04476,2024-05-11,2024-06-03,2024-06-08,5,Suite,149920,5,142424,712120,Leisure,Individual Guest,Online Travel Agent,Completed,Nigerian,4,Corporate Account,Amaka Osei,June,2024,%Q,Q2
BK04477,2023-05-10,2023-05-15,2023-05-27,12,Presidential,291765,0,291765,3501180,MICE,Total Energies,Direct,Completed,British,2,Cash,Amaka Osei,May,2023,%Q,Q2
BK04478,2024-08-23,2024-10-12,2024-10-22,10,Deluxe,73628,0,73628,736280,Leisure,Individual Guest,Direct,Completed,Nigerian,2,POS,Emeka Okonkwo,October,2024,%Q,Q4
BK04479,2024-02-08,2024-03-08,2024-03-22,14,Suite,171455,10,154310,2160333,Group,Individual Guest,Corporate Agreement,Completed,Nigerian,3,Bank Transfer,Direct Booking,March,2024,%Q,Q1
BK04480,2024-08-04,2024-08-21,2024-09-03,13,Suite,165093,0,165093,2146209,Leisure,Individual Guest,Online Travel Agent,Completed,South African,1,POS,Fatima Bello,August,2024,%Q,Q3
BK04481,2023-05-12,2023-06-30,2023-07-11,11,Deluxe,81214,0,81214,893354,MICE,Nestle Nigeria,Direct,Confirmed,Nigerian,1,POS,Amaka Osei,June,2023,%Q,Q2
BK04482,2023-11-11,2024-01-02,2024-01-10,8,Standard,47289,0,47289,378312,MICE,Chevron Nigeria,Corporate Agreement,Completed,Nigerian,1,Corporate Account,Tunde Adeyemi,January,2024,%Q,Q1
BK04483,2023-12-08,2024-01-16,2024-01-22,6,Suite,177999,10,160199,961195,Government,Nigerian Breweries,Online Travel Agent,Completed,French,4,Corporate Account,Amaka Osei,January,2024,%Q,Q1
BK04484,2024-06-14,2024-08-09,2024-08-16,7,Suite,155500,10,139950,979650,MICE,Julius Berger,Walk In,Completed,Nigerian,4,Credit Card,Chioma Eze,August,2024,%Q,Q3
BK04485,2024-03-16,2024-05-14,2024-05-18,4,Deluxe,71986,10,64787,0,Group,Individual Guest,Travel Agent,Cancelled,Nigerian,4,Bank Transfer,Fatima Bello,May,2024,%Q,Q2
BK04486,2023-08-24,2023-10-02,2023-10-03,1,Executive,125348,0,125348,125348,MICE,Honeywell Group,Travel Agent,Completed,Nigerian,1,Cash,Tunde Adeyemi,October,2023,%Q,Q4
BK04487,2023-02-22,2023-02-22,2023-03-05,11,Executive,120526,0,120526,1325786,Corporate,UBA Group,Walk In,Completed,Indian,2,POS,Tunde Adeyemi,February,2023,%Q,Q1
BK04488,2023-01-01,2023-01-06,2023-01-11,5,Standard,52377,0,52377,261885,Group,Individual Guest,Corporate Agreement,Completed,Nigerian,4,POS,Direct Booking,January,2023,%Q,Q1
BK04489,2023-12-24,2024-01-29,2024-02-03,5,Deluxe,85411,10,76870,384350,Leisure,Individual Guest,Direct,Completed,Nigerian,3,Bank Transfer,Fatima Bello,January,2024,%Q,Q1
BK04490,2023-08-21,2023-09-06,2023-09-07,1,Executive,95967,0,95967,0,Corporate,Air Peace,Online Travel Agent,Cancelled,Nigerian,1,Credit Card,Amaka Osei,September,2023,%Q,Q3
BK04491,2023-10-06,2023-11-25,2023-12-06,11,Standard,48875,20,39100,430100,Government,Airtel Nigeria,Online Travel Agent,Completed,Nigerian,1,POS,Fatima Bello,November,2023,%Q,Q4
BK04492,2023-09-16,2023-10-17,2023-10-20,3,Suite,121596,0,121596,364788,Leisure,Individual Guest,Online Travel Agent,Completed,South African,3,Credit Card,Emeka Okonkwo,October,2023,%Q,Q4
BK04493,2023-08-18,2023-08-18,2023-08-21,3,Suite,165447,5,157175,471524,Corporate,Nigerian Ports Authority,Travel Agent,Confirmed,French,3,Credit Card,Amaka Osei,August,2023,%Q,Q3
BK04494,2023-09-11,2023-09-16,2023-09-24,8,Standard,59343,0,59343,474744,Leisure,Individual Guest,Travel Agent,Completed,South African,1,Cash,Amaka Osei,September,2023,%Q,Q3
BK04495,2024-08-16,2024-09-29,2024-10-11,12,Standard,62386,0,62386,748632,Group,Individual Guest,Direct,Confirmed,South African,2,Bank Transfer,Chioma Eze,September,2024,%Q,Q3
BK04496,2024-12-31,2024-12-31,2025-01-14,14,Executive,111927,10,100734,1410280,Group,Individual Guest,Direct,Confirmed,Indian,4,Cash,Amaka Osei,December,2024,%Q,Q4
BK04497,2024-08-28,2024-09-10,2024-09-24,14,Deluxe,75047,5,71295,998125,Leisure,Individual Guest,Direct,Completed,South African,3,POS,Fatima Bello,September,2024,%Q,Q3
BK04498,2023-07-22,2023-08-20,2023-08-29,9,Presidential,303232,10,272909,2456179,Corporate,Shell Nigeria,Direct,Completed,Nigerian,1,Corporate Account,Amaka Osei,August,2023,%Q,Q3
BK04499,2024-02-01,2024-02-27,2024-03-02,4,Standard,59383,20,47506,190026,Corporate,GTCO,Travel Agent,Completed,Nigerian,3,POS,Tunde Adeyemi,February,2024,%Q,Q1
BK04500,2023-02-17,2023-03-30,2023-04-02,3,Suite,155075,0,155075,465225,Airline Crew,Zenith Bank,Travel Agent,Completed,Nigerian,4,Credit Card,Chioma Eze,March,2023,%Q,Q1
BK04501,2023-07-10,2023-08-01,2023-08-08,7,Deluxe,72753,5,69115,483807,Group,Individual Guest,Walk In,Completed,American,3,Cash,Fatima Bello,August,2023,%Q,Q3
BK04502,2024-07-12,2024-07-19,2024-08-01,13,Suite,122079,10,109871,1428324,MICE,Airtel Nigeria,Walk In,Completed,Nigerian,4,Bank Transfer,Tunde Adeyemi,July,2024,%Q,Q3
BK04503,2024-06-17,2024-07-17,2024-07-27,10,Executive,109959,20,87967,879672,Corporate,Conoil,Direct,Confirmed,Nigerian,2,Credit Card,Tunde Adeyemi,July,2024,%Q,Q3
BK04504,2024-05-04,2024-06-21,2024-07-02,11,Deluxe,73396,0,73396,807356,Group,Individual Guest,Travel Agent,Completed,Nigerian,4,Credit Card,Fatima Bello,June,2024,%Q,Q2
BK04505,2023-09-21,2023-09-22,2023-09-23,1,Suite,136066,5,129263,129263,MICE,NNPC,Online Travel Agent,Completed,Nigerian,2,Corporate Account,Amaka Osei,September,2023,%Q,Q3
BK04506,2023-02-03,2023-02-13,2023-02-25,12,Executive,115609,0,115609,1387308,Leisure,Individual Guest,Online Travel Agent,Completed,Nigerian,1,POS,Emeka Okonkwo,February,2023,%Q,Q1
BK04507,2023-07-18,2023-07-30,2023-08-07,8,Presidential,265173,10,238656,0,MICE,Shell Nigeria,Travel Agent,Cancelled,Nigerian,1,Bank Transfer,Emeka Okonkwo,July,2023,%Q,Q3
BK04508,2024-08-07,2024-08-17,2024-08-26,9,Suite,150417,0,150417,1353753,Leisure,Individual Guest,Online Travel Agent,Completed,Nigerian,2,Corporate Account,Direct Booking,August,2024,%Q,Q3
BK04509,2023-01-01,2023-01-04,2023-01-14,10,Executive,107328,10,96595,965952,Leisure,Individual Guest,Walk In,Completed,Nigerian,4,Bank Transfer,Direct Booking,January,2023,%Q,Q1
BK04510,2024-08-10,2024-08-10,2024-08-17,7,Standard,57399,10,51659,361614,MICE,Lagos State Government,Online Travel Agent,Completed,French,4,Credit Card,Amaka Osei,August,2024,%Q,Q3
BK04511,2023-01-03,2023-02-18,2023-02-23,5,Deluxe,82107,20,65686,328428,Corporate,FBN Holdings,Online Travel Agent,Completed,Nigerian,4,Bank Transfer,Fatima Bello,February,2023,%Q,Q1
BK04512,2023-04-08,2023-05-18,2023-05-21,3,Suite,126610,0,126610,379830,Group,Individual Guest,Online Travel Agent,Completed,British,1,Credit Card,Amaka Osei,May,2023,%Q,Q2
BK04513,2024-06-21,2024-07-24,2024-07-25,1,Deluxe,78663,10,70797,70797,Leisure,Individual Guest,Online Travel Agent,Confirmed,Kenyan,3,Cash,Direct Booking,July,2024,%Q,Q3
BK04514,2024-03-06,2024-04-11,2024-04-20,9,Standard,53903,20,43122,0,Government,PZ Cussons,Online Travel Agent,Cancelled,Ghanaian,4,Corporate Account,Fatima Bello,April,2024,%Q,Q2
BK04515,2024-09-17,2024-10-11,2024-10-14,3,Standard,50989,10,45890,137670,Corporate,Zenith Bank,Online Travel Agent,Completed,Nigerian,4,Corporate Account,Direct Booking,October,2024,%Q,Q4
BK04516,2023-01-01,2023-02-27,2023-03-05,6,Presidential,374920,0,374920,2249520,Group,Individual Guest,Corporate Agreement,Completed,Nigerian,1,POS,Direct Booking,February,2023,%Q,Q1
BK04517,2024-03-20,2024-03-31,2024-04-09,9,Suite,166270,10,149643,1346787,Government,PZ Cussons,Direct,Completed,South African,4,POS,Fatima Bello,March,2024,%Q,Q1
BK04518,2023-10-01,2023-10-22,2023-10-24,2,Suite,151890,0,151890,303780,Leisure,Individual Guest,Direct,Completed,South African,3,Bank Transfer,Tunde Adeyemi,October,2023,%Q,Q4
BK04519,2023-04-03,2023-05-03,2023-05-17,14,Suite,145408,0,145408,2035712,Airline Crew,FBN Holdings,Corporate Agreement,Completed,Indian,2,Credit Card,Chioma Eze,May,2023,%Q,Q2
BK04520,2024-05-13,2024-05-23,2024-06-01,9,Executive,109813,0,109813,988317,Group,Individual Guest,Corporate Agreement,Confirmed,British,2,Corporate Account,Emeka Okonkwo,May,2024,%Q,Q2
BK04521,2024-05-03,2024-06-24,2024-06-29,5,Standard,59435,5,56463,282316,Leisure,Individual Guest,Online Travel Agent,Completed,French,4,Cash,Amaka Osei,June,2024,%Q,Q2
BK04522,2023-10-05,2023-10-29,2023-11-05,7,Deluxe,73828,0,73828,516796,Leisure,Individual Guest,Online Travel Agent,Completed,Nigerian,2,Cash,Emeka Okonkwo,October,2023,%Q,Q4
BK04523,2023-10-25,2023-12-18,2023-12-29,11,Suite,129810,5,123320,1356514,Corporate,NNPC,Direct,Completed,Nigerian,4,Bank Transfer,Fatima Bello,December,2023,%Q,Q4
BK04524,2023-04-23,2023-05-19,2023-05-31,12,Executive,112780,15,95863,1150356,Corporate,Air Peace,Walk In,Confirmed,Nigerian,2,POS,Tunde Adeyemi,May,2023,%Q,Q2
BK04525,2023-08-01,2023-08-27,2023-09-05,9,Presidential,387786,5,368397,3315570,Corporate,PZ Cussons,Travel Agent,Completed,Ghanaian,4,POS,Direct Booking,August,2023,%Q,Q3
BK04526,2023-04-28,2023-06-08,2023-06-14,6,Suite,147735,0,147735,886410,Group,Individual Guest,Direct,Completed,Nigerian,1,Bank Transfer,Emeka Okonkwo,June,2023,%Q,Q2
BK04527,2023-12-13,2024-01-05,2024-01-12,7,Executive,112608,10,101347,709430,Group,Individual Guest,Walk In,Confirmed,Nigerian,3,Bank Transfer,Direct Booking,January,2024,%Q,Q1
BK04528,2023-06-05,2023-06-14,2023-06-21,7,Executive,110192,5,104682,732777,Group,Individual Guest,Online Travel Agent,Confirmed,Nigerian,4,Credit Card,Amaka Osei,June,2023,%Q,Q2
BK04529,2023-09-26,2023-10-20,2023-11-03,14,Standard,64184,10,57766,808718,MICE,Zenith Bank,Travel Agent,Completed,British,1,Bank Transfer,Amaka Osei,October,2023,%Q,Q4
BK04530,2023-03-25,2023-04-19,2023-04-26,7,Suite,174691,0,174691,1222837,Group,Individual Guest,Online Travel Agent,Completed,Chinese,1,Credit Card,Direct Booking,April,2023,%Q,Q2
BK04531,2023-02-12,2023-04-09,2023-04-17,8,Presidential,320455,0,320455,2563640,MICE,Nestle Nigeria,Travel Agent,Completed,American,1,Credit Card,Direct Booking,April,2023,%Q,Q2
BK04532,2023-05-21,2023-07-05,2023-07-19,14,Deluxe,81137,5,77080,1079122,Group,Individual Guest,Online Travel Agent,Completed,French,1,Credit Card,Direct Booking,July,2023,%Q,Q3
BK04533,2023-07-17,2023-07-23,2023-07-26,3,Executive,121007,10,108906,326719,Leisure,Individual Guest,Online Travel Agent,Completed,French,1,Corporate Account,Amaka Osei,July,2023,%Q,Q3
BK04534,2024-11-01,2024-11-26,2024-12-07,11,Standard,48864,0,48864,0,MICE,Access Bank,Walk In,Cancelled,Nigerian,1,Cash,Tunde Adeyemi,November,2024,%Q,Q4
BK04535,2024-02-10,2024-02-21,2024-02-26,5,Deluxe,85020,0,85020,0,Airline Crew,Flour Mills Nigeria,Travel Agent,No Show,British,3,Corporate Account,Direct Booking,February,2024,%Q,Q1
BK04536,2024-02-03,2024-03-17,2024-03-28,11,Suite,123989,5,117790,1295685,MICE,Julius Berger,Travel Agent,Completed,American,1,Bank Transfer,Chioma Eze,March,2024,%Q,Q1
BK04537,2023-01-01,2023-01-16,2023-01-19,3,Suite,165948,0,165948,497844,Leisure,Individual Guest,Corporate Agreement,Completed,German,4,POS,Fatima Bello,January,2023,%Q,Q1
BK04538,2023-11-24,2024-01-03,2024-01-13,10,Presidential,379379,10,341441,3414411,Government,Total Energies,Corporate Agreement,Confirmed,American,2,Credit Card,Chioma Eze,January,2024,%Q,Q1
BK04539,2023-01-01,2023-02-20,2023-03-05,13,Standard,58086,15,49373,641850,Government,FBN Holdings,Direct,Completed,American,4,Credit Card,Direct Booking,February,2023,%Q,Q1
BK04540,2024-12-04,2024-12-22,2024-12-27,5,Suite,134893,10,121404,607018,Corporate,Shell Nigeria,Online Travel Agent,Completed,American,4,Corporate Account,Fatima Bello,December,2024,%Q,Q4
BK04541,2024-12-07,2024-12-25,2024-12-26,1,Executive,124780,10,112302,112302,Corporate,Lagos State Government,Walk In,Completed,Nigerian,2,POS,Direct Booking,December,2024,%Q,Q4
BK04542,2023-02-25,2023-04-16,2023-04-26,10,Standard,58437,10,52593,525933,Leisure,Individual Guest,Corporate Agreement,Completed,Nigerian,4,POS,Amaka Osei,April,2023,%Q,Q2
BK04543,2023-10-15,2023-10-26,2023-10-31,5,Presidential,383132,15,325662,1628311,Corporate,PZ Cussons,Corporate Agreement,Confirmed,Nigerian,2,POS,Tunde Adeyemi,October,2023,%Q,Q4
BK04544,2023-12-09,2023-12-31,2024-01-09,9,Presidential,373164,0,373164,3358476,Airline Crew,Dangote Group,Travel Agent,Completed,Nigerian,1,POS,Fatima Bello,December,2023,%Q,Q4
BK04545,2023-11-24,2023-12-17,2023-12-28,11,Executive,100806,0,100806,1108866,Leisure,Individual Guest,Online Travel Agent,Completed,Nigerian,4,Cash,Chioma Eze,December,2023,%Q,Q4
BK04546,2023-04-21,2023-04-30,2023-05-11,11,Deluxe,79398,15,67488,742371,Corporate,Flour Mills Nigeria,Corporate Agreement,Completed,Nigerian,1,POS,Amaka Osei,April,2023,%Q,Q2
BK04547,2024-10-25,2024-10-29,2024-11-02,4,Deluxe,89363,20,71490,0,Corporate,UBA Group,Walk In,No Show,Nigerian,3,Cash,Direct Booking,October,2024,%Q,Q4
BK04548,2023-01-01,2023-01-22,2023-02-03,12,Deluxe,92641,5,88009,1056107,Group,Individual Guest,Online Travel Agent,Confirmed,Nigerian,2,Bank Transfer,Amaka Osei,January,2023,%Q,Q1
BK04549,2023-11-03,2023-11-12,2023-11-23,11,Standard,61740,15,52479,577269,Corporate,Flour Mills Nigeria,Online Travel Agent,Completed,British,4,Credit Card,Fatima Bello,November,2023,%Q,Q4
BK04550,2023-02-20,2023-02-23,2023-03-03,8,Suite,176081,15,149669,1197351,Corporate,Air Peace,Walk In,Completed,American,2,Corporate Account,Direct Booking,February,2023,%Q,Q1
BK04551,2024-11-04,2024-11-15,2024-11-19,4,Executive,121520,10,109368,437472,Corporate,Flour Mills Nigeria,Travel Agent,Completed,Kenyan,4,Credit Card,Tunde Adeyemi,November,2024,%Q,Q4
BK04552,2024-04-08,2024-04-08,2024-04-11,3,Executive,129424,20,103539,310618,Corporate,Honeywell Group,Online Travel Agent,Confirmed,German,4,Credit Card,Direct Booking,April,2024,%Q,Q2
BK04553,2024-05-13,2024-06-13,2024-06-21,8,Suite,130687,10,117618,940946,Group,Individual Guest,Corporate Agreement,Completed,British,1,Corporate Account,Tunde Adeyemi,June,2024,%Q,Q2
BK04554,2023-10-18,2023-11-04,2023-11-10,6,Suite,127053,10,114348,686086,MICE,Guinness Nigeria,Walk In,Completed,Nigerian,2,POS,Direct Booking,November,2023,%Q,Q4
BK04555,2023-04-29,2023-06-19,2023-06-26,7,Deluxe,94325,0,94325,660275,Group,Individual Guest,Travel Agent,Confirmed,Nigerian,3,POS,Chioma Eze,June,2023,%Q,Q2
BK04556,2024-04-10,2024-05-08,2024-05-13,5,Presidential,379533,10,341580,1707898,Airline Crew,Nigerian Ports Authority,Corporate Agreement,Completed,Nigerian,4,Bank Transfer,Tunde Adeyemi,May,2024,%Q,Q2
BK04557,2023-07-03,2023-08-22,2023-08-24,2,Deluxe,91009,15,77358,154715,Corporate,Honeywell Group,Online Travel Agent,Completed,Nigerian,4,Bank Transfer,Emeka Okonkwo,August,2023,%Q,Q3
BK04558,2024-01-02,2024-01-05,2024-01-16,11,Deluxe,73688,10,66319,729511,MICE,Air Peace,Direct,Completed,Nigerian,3,POS,Chioma Eze,January,2024,%Q,Q1
BK04559,2024-09-23,2024-11-17,2024-11-30,13,Executive,98696,0,98696,1283048,MICE,9mobile,Direct,Confirmed,Nigerian,4,Bank Transfer,Fatima Bello,November,2024,%Q,Q4
BK04560,2023-02-23,2023-04-08,2023-04-18,10,Standard,55843,20,44674,446744,Government,Honeywell Group,Online Travel Agent,Completed,British,4,POS,Tunde Adeyemi,April,2023,%Q,Q2
BK04561,2024-06-30,2024-08-12,2024-08-26,14,Deluxe,93229,20,74583,1044165,Government,Honeywell Group,Travel Agent,Completed,Nigerian,4,Credit Card,Tunde Adeyemi,August,2024,%Q,Q3
BK04562,2024-10-24,2024-11-23,2024-12-03,10,Suite,132742,0,132742,0,Corporate,9mobile,Direct,Cancelled,Ghanaian,2,Corporate Account,Fatima Bello,November,2024,%Q,Q4
BK04563,2024-03-03,2024-03-31,2024-04-06,6,Presidential,300545,10,270490,1622943,Group,Individual Guest,Corporate Agreement,Completed,Nigerian,1,Cash,Fatima Bello,March,2024,%Q,Q1
BK04564,2024-11-30,2024-12-24,2025-01-03,10,Suite,140681,5,133647,0,Airline Crew,FAAN,Direct,Cancelled,Nigerian,2,Bank Transfer,Chioma Eze,December,2024,%Q,Q4
BK04565,2024-03-29,2024-04-02,2024-04-13,11,Suite,149521,0,149521,1644731,MICE,Guinness Nigeria,Online Travel Agent,Completed,Nigerian,1,Corporate Account,Direct Booking,April,2024,%Q,Q2
BK04566,2024-09-25,2024-11-21,2024-11-23,2,Presidential,290908,5,276363,552725,Corporate,Unilever Nigeria,Walk In,Completed,Nigerian,4,Corporate Account,Fatima Bello,November,2024,%Q,Q4
BK04567,2023-01-01,2023-01-20,2023-01-28,8,Presidential,277633,15,235988,1887904,Corporate,Nigerian Ports Authority,Walk In,Completed,Nigerian,4,Corporate Account,Emeka Okonkwo,January,2023,%Q,Q1
BK04568,2023-01-01,2023-01-10,2023-01-12,2,Suite,123577,0,123577,0,Group,Individual Guest,Walk In,No Show,South African,4,Credit Card,Amaka Osei,January,2023,%Q,Q1
BK04569,2023-11-23,2023-12-17,2023-12-25,8,Suite,150240,0,150240,1201920,Leisure,Individual Guest,Travel Agent,Completed,Ghanaian,4,Cash,Emeka Okonkwo,December,2023,%Q,Q4
BK04570,2023-04-12,2023-05-23,2023-06-02,10,Executive,126437,0,126437,1264370,Airline Crew,Access Bank,Online Travel Agent,Completed,Nigerian,1,POS,Chioma Eze,May,2023,%Q,Q2
BK04571,2023-09-02,2023-09-05,2023-09-09,4,Presidential,327847,10,295062,1180249,Government,NNPC,Direct,Completed,Nigerian,4,Bank Transfer,Emeka Okonkwo,September,2023,%Q,Q3
BK04572,2023-12-30,2024-01-20,2024-02-03,14,Deluxe,85166,15,72391,1013475,Corporate,MTN Nigeria,Travel Agent,Completed,Kenyan,1,POS,Tunde Adeyemi,January,2024,%Q,Q1
BK04573,2024-12-23,2024-12-27,2025-01-05,9,Executive,104760,5,99522,895698,Leisure,Individual Guest,Corporate Agreement,Confirmed,British,1,Cash,Amaka Osei,December,2024,%Q,Q4
BK04574,2023-03-03,2023-04-25,2023-05-09,14,Standard,59150,10,53235,745290,Leisure,Individual Guest,Direct,Completed,Nigerian,3,Bank Transfer,Emeka Okonkwo,April,2023,%Q,Q2
BK04575,2023-02-23,2023-03-02,2023-03-07,5,Standard,60077,0,60077,300385,Group,Individual Guest,Travel Agent,Completed,Nigerian,2,Corporate Account,Fatima Bello,March,2023,%Q,Q1
BK04576,2024-08-13,2024-08-31,2024-09-10,10,Executive,124043,5,117841,1178408,Corporate,FAAN,Online Travel Agent,Completed,Nigerian,2,Bank Transfer,Emeka Okonkwo,August,2024,%Q,Q3
BK04577,2024-07-14,2024-09-11,2024-09-25,14,Presidential,307406,10,276665,3873316,Corporate,Honeywell Group,Online Travel Agent,Completed,Nigerian,2,POS,Fatima Bello,September,2024,%Q,Q3
BK04578,2023-07-19,2023-08-10,2023-08-18,8,Presidential,355714,0,355714,2845712,Airline Crew,Lagos State Government,Online Travel Agent,Completed,Nigerian,2,POS,Chioma Eze,August,2023,%Q,Q3
BK04579,2023-01-01,2023-01-13,2023-01-27,14,Standard,63673,0,63673,891422,Group,Individual Guest,Online Travel Agent,Confirmed,Nigerian,3,POS,Chioma Eze,January,2023,%Q,Q1
BK04580,2023-04-17,2023-04-29,2023-05-12,13,Deluxe,82604,10,74344,0,Leisure,Individual Guest,Corporate Agreement,Cancelled,Nigerian,4,Corporate Account,Chioma Eze,April,2023,%Q,Q2
BK04581,2023-03-08,2023-03-09,2023-03-14,5,Presidential,291780,15,248013,1240065,Government,Total Energies,Travel Agent,Completed,Nigerian,2,Bank Transfer,Fatima Bello,March,2023,%Q,Q1
BK04582,2023-02-01,2023-03-23,2023-03-30,7,Suite,123665,10,111298,779090,Leisure,Individual Guest,Direct,Completed,Ghanaian,3,Bank Transfer,Tunde Adeyemi,March,2023,%Q,Q1
BK04583,2024-02-08,2024-02-23,2024-03-05,11,Executive,100622,0,100622,1106842,MICE,Unilever Nigeria,Travel Agent,Completed,Nigerian,1,POS,Amaka Osei,February,2024,%Q,Q1
BK04584,2023-12-20,2024-01-26,2024-02-08,13,Standard,45862,0,45862,596206,Corporate,Seplat Energy,Online Travel Agent,Completed,South African,3,POS,Chioma Eze,January,2024,%Q,Q1
BK04585,2023-11-01,2023-12-22,2024-01-02,11,Presidential,267015,20,213612,2349732,Corporate,Guinness Nigeria,Walk In,Completed,Nigerian,1,Bank Transfer,Fatima Bello,December,2023,%Q,Q4
BK04586,2024-11-06,2024-12-03,2024-12-06,3,Presidential,264246,10,237821,713464,Corporate,NNPC,Direct,Completed,Nigerian,3,Bank Transfer,Fatima Bello,December,2024,%Q,Q4
BK04587,2023-01-26,2023-03-24,2023-03-31,7,Executive,120476,15,102405,716832,Corporate,Transcorp Hotels,Corporate Agreement,Completed,Ghanaian,1,Credit Card,Chioma Eze,March,2023,%Q,Q1
BK04588,2024-03-21,2024-04-25,2024-04-26,1,Standard,56216,10,50594,50594,Group,Individual Guest,Online Travel Agent,Completed,Nigerian,3,Bank Transfer,Direct Booking,April,2024,%Q,Q2
BK04589,2024-09-24,2024-10-25,2024-11-02,8,Presidential,334488,0,334488,0,Group,Individual Guest,Walk In,Cancelled,Nigerian,1,Credit Card,Amaka Osei,October,2024,%Q,Q4
BK04590,2023-01-17,2023-03-08,2023-03-20,12,Presidential,358429,15,304665,3655976,Corporate,9mobile,Corporate Agreement,Completed,Nigerian,3,Cash,Tunde Adeyemi,March,2023,%Q,Q1
BK04591,2024-01-24,2024-03-05,2024-03-10,5,Standard,64989,0,64989,324945,Corporate,9mobile,Walk In,Completed,Nigerian,1,Bank Transfer,Chioma Eze,March,2024,%Q,Q1
BK04592,2023-01-01,2023-01-11,2023-01-14,3,Executive,110230,20,88184,264552,Corporate,Nestle Nigeria,Online Travel Agent,Completed,South African,1,Corporate Account,Direct Booking,January,2023,%Q,Q1
BK04593,2023-11-13,2023-12-02,2023-12-12,10,Deluxe,83849,0,83849,0,Leisure,Individual Guest,Corporate Agreement,No Show,Nigerian,2,Cash,Chioma Eze,December,2023,%Q,Q4
BK04594,2023-08-01,2023-09-20,2023-09-29,9,Deluxe,72995,0,72995,656955,Corporate,MTN Nigeria,Online Travel Agent,Confirmed,Kenyan,3,Corporate Account,Emeka Okonkwo,September,2023,%Q,Q3
BK04595,2024-09-25,2024-11-19,2024-11-25,6,Standard,51904,5,49309,295853,Group,Individual Guest,Online Travel Agent,Completed,Nigerian,2,Credit Card,Tunde Adeyemi,November,2024,%Q,Q4
BK04596,2023-12-05,2024-01-06,2024-01-07,1,Deluxe,89981,0,89981,89981,Leisure,Individual Guest,Online Travel Agent,Confirmed,Nigerian,2,Credit Card,Chioma Eze,January,2024,%Q,Q1
BK04597,2023-09-27,2023-10-13,2023-10-17,4,Deluxe,73145,5,69488,277951,Group,Individual Guest,Travel Agent,Completed,Nigerian,3,Corporate Account,Fatima Bello,October,2023,%Q,Q4
BK04598,2023-06-19,2023-06-19,2023-06-28,9,Executive,107928,20,86342,777082,Government,Nigerian Ports Authority,Online Travel Agent,Confirmed,Nigerian,3,Cash,Direct Booking,June,2023,%Q,Q2
BK04599,2024-04-23,2024-06-19,2024-06-20,1,Suite,171244,10,154120,154120,Leisure,Individual Guest,Direct,Completed,Nigerian,2,POS,Direct Booking,June,2024,%Q,Q2
BK04600,2024-01-01,2024-01-24,2024-01-27,3,Suite,154181,0,154181,0,Leisure,Individual Guest,Direct,Cancelled,South African,4,Bank Transfer,Emeka Okonkwo,January,2024,%Q,Q1
BK04601,2024-09-14,2024-10-07,2024-10-18,11,Presidential,371381,5,352812,3880931,Group,Individual Guest,Online Travel Agent,Completed,Nigerian,2,Credit Card,Fatima Bello,October,2024,%Q,Q4
BK04602,2023-05-16,2023-05-28,2023-06-10,13,Standard,58394,0,58394,759122,Airline Crew,Nigerian Ports Authority,Direct,Completed,Nigerian,1,Corporate Account,Tunde Adeyemi,May,2023,%Q,Q2
BK04603,2023-10-29,2023-11-04,2023-11-17,13,Suite,149086,5,141632,1841212,Leisure,Individual Guest,Online Travel Agent,Completed,American,2,Corporate Account,Fatima Bello,November,2023,%Q,Q4
BK04604,2023-03-05,2023-04-02,2023-04-06,4,Presidential,390804,10,351724,1406894,Leisure,Individual Guest,Travel Agent,Completed,American,2,Credit Card,Chioma Eze,April,2023,%Q,Q2
BK04605,2024-07-04,2024-08-20,2024-08-29,9,Standard,50761,5,48223,434007,Group,Individual Guest,Travel Agent,Completed,German,3,Corporate Account,Fatima Bello,August,2024,%Q,Q3
BK04606,2024-11-12,2024-12-05,2024-12-17,12,Deluxe,94886,0,94886,1138632,Group,Individual Guest,Online Travel Agent,Completed,Ghanaian,2,Bank Transfer,Chioma Eze,December,2024,%Q,Q4
BK04607,2023-11-29,2024-01-28,2024-01-31,3,Deluxe,75019,20,60015,180046,Corporate,Lafarge Africa,Travel Agent,Completed,Ghanaian,2,Cash,Direct Booking,January,2024,%Q,Q1
BK04608,2024-06-17,2024-08-02,2024-08-13,11,Executive,102996,20,82397,906365,Corporate,Dangote Group,Corporate Agreement,Completed,French,4,Bank Transfer,Emeka Okonkwo,August,2024,%Q,Q3
BK04609,2024-07-19,2024-08-29,2024-09-11,13,Deluxe,89831,10,80848,1051023,Leisure,Individual Guest,Direct,Completed,Nigerian,2,Credit Card,Fatima Bello,August,2024,%Q,Q3
BK04610,2023-05-01,2023-05-25,2023-05-27,2,Deluxe,89078,5,84624,169248,Leisure,Individual Guest,Direct,Completed,American,3,POS,Emeka Okonkwo,May,2023,%Q,Q2
BK04611,2023-04-16,2023-04-19,2023-05-02,13,Deluxe,83812,0,83812,1089556,Group,Individual Guest,Online Travel Agent,Completed,British,2,Corporate Account,Direct Booking,April,2023,%Q,Q2
BK04612,2024-08-21,2024-10-03,2024-10-04,1,Presidential,350484,10,315436,315436,Group,Individual Guest,Direct,Confirmed,Nigerian,1,POS,Fatima Bello,October,2024,%Q,Q4
BK04613,2024-04-23,2024-06-10,2024-06-23,13,Presidential,350558,0,350558,4557254,MICE,Zenith Bank,Travel Agent,Confirmed,Nigerian,2,POS,Chioma Eze,June,2024,%Q,Q2
BK04614,2024-12-20,2024-12-21,2024-12-28,7,Deluxe,83565,0,83565,584955,Leisure,Individual Guest,Online Travel Agent,Completed,British,3,Cash,Fatima Bello,December,2024,%Q,Q4
BK04615,2023-06-11,2023-08-03,2023-08-16,13,Executive,103803,0,103803,0,MICE,Julius Berger,Travel Agent,Cancelled,American,4,Corporate Account,Emeka Okonkwo,August,2023,%Q,Q3
BK04616,2024-05-27,2024-07-26,2024-08-08,13,Deluxe,72380,0,72380,940940,Group,Individual Guest,Walk In,Confirmed,Nigerian,3,Credit Card,Chioma Eze,July,2024,%Q,Q3
BK04617,2023-01-11,2023-02-17,2023-03-02,13,Executive,126995,0,126995,1650935,Corporate,FAAN,Travel Agent,Completed,Nigerian,1,Bank Transfer,Fatima Bello,February,2023,%Q,Q1
BK04618,2024-05-06,2024-06-22,2024-07-06,14,Executive,113302,0,113302,1586228,Leisure,Individual Guest,Corporate Agreement,Completed,American,1,Bank Transfer,Tunde Adeyemi,June,2024,%Q,Q2
BK04619,2023-12-23,2024-01-31,2024-02-06,6,Executive,115261,10,103735,0,Leisure,Individual Guest,Direct,Cancelled,Nigerian,4,Bank Transfer,Tunde Adeyemi,January,2024,%Q,Q1
BK04620,2023-03-08,2023-04-27,2023-05-05,8,Standard,55106,0,55106,440848,Corporate,PZ Cussons,Online Travel Agent,Completed,Nigerian,1,POS,Fatima Bello,April,2023,%Q,Q2
BK04621,2024-05-21,2024-06-29,2024-07-05,6,Deluxe,70792,5,67252,403514,Leisure,Individual Guest,Direct,Confirmed,Nigerian,2,Corporate Account,Tunde Adeyemi,June,2024,%Q,Q2
BK04622,2023-02-05,2023-04-02,2023-04-11,9,Presidential,276980,10,249282,0,Corporate,9mobile,Walk In,Cancelled,Nigerian,2,Corporate Account,Amaka Osei,April,2023,%Q,Q2
BK04623,2023-02-10,2023-03-07,2023-03-11,4,Deluxe,75115,20,60092,240368,Corporate,Air Peace,Corporate Agreement,Confirmed,Indian,1,Bank Transfer,Tunde Adeyemi,March,2023,%Q,Q1
BK04624,2023-11-12,2023-11-16,2023-11-17,1,Suite,145438,0,145438,145438,Group,Individual Guest,Corporate Agreement,Confirmed,Ghanaian,4,Corporate Account,Amaka Osei,November,2023,%Q,Q4
BK04625,2024-05-15,2024-05-17,2024-05-20,3,Suite,143885,5,136691,410072,Corporate,MTN Nigeria,Travel Agent,Completed,Nigerian,2,Cash,Direct Booking,May,2024,%Q,Q2
BK04626,2023-07-30,2023-07-31,2023-08-06,6,Standard,58180,5,55271,331626,Group,Individual Guest,Online Travel Agent,Completed,Nigerian,3,POS,Chioma Eze,July,2023,%Q,Q3
BK04627,2023-04-18,2023-05-03,2023-05-11,8,Standard,56900,10,51210,409680,Group,Individual Guest,Walk In,Completed,Nigerian,1,Credit Card,Tunde Adeyemi,May,2023,%Q,Q2
BK04628,2024-01-29,2024-02-10,2024-02-18,8,Standard,64218,10,57796,462370,MICE,Shell Nigeria,Direct,Completed,Nigerian,3,Credit Card,Direct Booking,February,2024,%Q,Q1
BK04629,2024-09-12,2024-10-08,2024-10-19,11,Executive,117114,10,105403,0,Corporate,Dangote Group,Online Travel Agent,Cancelled,American,4,Cash,Fatima Bello,October,2024,%Q,Q4
BK04630,2023-06-17,2023-07-25,2023-07-29,4,Standard,64269,15,54629,218515,Corporate,Air Peace,Direct,Completed,British,2,Corporate Account,Amaka Osei,July,2023,%Q,Q3
BK04631,2024-05-12,2024-05-14,2024-05-20,6,Standard,55160,10,49644,0,Leisure,Individual Guest,Direct,No Show,Nigerian,2,Bank Transfer,Amaka Osei,May,2024,%Q,Q2
BK04632,2023-08-10,2023-09-19,2023-10-02,13,Suite,176835,10,159152,2068970,MICE,UBA Group,Corporate Agreement,Completed,British,1,Bank Transfer,Amaka Osei,September,2023,%Q,Q3
BK04633,2023-01-09,2023-01-22,2023-01-25,3,Deluxe,70071,20,56057,168170,Corporate,9mobile,Online Travel Agent,Confirmed,Chinese,1,Corporate Account,Amaka Osei,January,2023,%Q,Q1
BK04634,2023-03-25,2023-04-25,2023-05-09,14,Suite,122119,5,116013,1624183,Leisure,Individual Guest,Walk In,Completed,South African,4,Corporate Account,Tunde Adeyemi,April,2023,%Q,Q2
BK04635,2024-08-21,2024-10-11,2024-10-17,6,Standard,54193,0,54193,325158,Leisure,Individual Guest,Corporate Agreement,Completed,American,3,POS,Direct Booking,October,2024,%Q,Q4
BK04636,2024-08-14,2024-09-10,2024-09-21,11,Suite,147851,0,147851,1626361,Leisure,Individual Guest,Corporate Agreement,Completed,Ghanaian,2,Corporate Account,Direct Booking,September,2024,%Q,Q3
BK04637,2023-05-10,2023-05-26,2023-05-27,1,Presidential,377447,15,320830,320830,Corporate,Air Peace,Online Travel Agent,Completed,American,4,Cash,Tunde Adeyemi,May,2023,%Q,Q2
BK04638,2023-10-14,2023-10-30,2023-11-01,2,Suite,171458,0,171458,342916,Corporate,Transcorp Hotels,Walk In,Confirmed,Chinese,2,Cash,Chioma Eze,October,2023,%Q,Q4
BK04639,2023-09-24,2023-10-31,2023-11-06,6,Suite,143273,10,128946,773674,Corporate,Dangote Group,Corporate Agreement,Confirmed,French,3,POS,Emeka Okonkwo,October,2023,%Q,Q4
BK04640,2024-04-06,2024-04-26,2024-04-30,4,Executive,111664,20,89331,357325,Corporate,Seplat Energy,Corporate Agreement,Completed,Nigerian,1,Bank Transfer,Direct Booking,April,2024,%Q,Q2
BK04641,2023-01-01,2023-01-26,2023-02-05,10,Deluxe,78554,15,66771,667709,Corporate,Unilever Nigeria,Online Travel Agent,Completed,Nigerian,2,Credit Card,Amaka Osei,January,2023,%Q,Q1
BK04642,2023-01-01,2023-01-07,2023-01-15,8,Standard,61121,5,58065,464520,Corporate,NNPC,Direct,Confirmed,Nigerian,1,Credit Card,Chioma Eze,January,2023,%Q,Q1
BK04643,2023-09-13,2023-09-18,2023-09-30,12,Executive,122607,10,110346,1324156,Corporate,Total Energies,Walk In,Completed,Nigerian,3,Corporate Account,Amaka Osei,September,2023,%Q,Q3
BK04644,2024-11-20,2024-11-26,2024-11-27,1,Executive,111208,5,105648,105648,Airline Crew,Seplat Energy,Online Travel Agent,Completed,Nigerian,1,Credit Card,Fatima Bello,November,2024,%Q,Q4
BK04645,2023-06-29,2023-07-12,2023-07-22,10,Deluxe,94744,0,94744,947440,MICE,Lagos State Government,Walk In,Completed,Nigerian,4,Credit Card,Fatima Bello,July,2023,%Q,Q3
BK04646,2024-03-12,2024-03-20,2024-03-22,2,Standard,57542,20,46034,92067,Corporate,FBN Holdings,Travel Agent,Completed,German,4,Cash,Emeka Okonkwo,March,2024,%Q,Q1
BK04647,2023-12-21,2023-12-31,2024-01-07,7,Suite,178914,20,143131,1001918,Corporate,Flour Mills Nigeria,Direct,Completed,American,2,Cash,Direct Booking,December,2023,%Q,Q4
BK04648,2024-08-08,2024-08-17,2024-08-27,10,Suite,150704,15,128098,1280984,Government,Chevron Nigeria,Direct,Completed,Nigerian,1,Cash,Chioma Eze,August,2024,%Q,Q3
BK04649,2023-07-21,2023-09-02,2023-09-11,9,Deluxe,80562,0,80562,725058,Group,Individual Guest,Direct,Confirmed,Chinese,4,POS,Direct Booking,September,2023,%Q,Q3
BK04650,2024-06-27,2024-07-31,2024-08-02,2,Standard,63441,0,63441,126882,MICE,Conoil,Direct,Completed,Kenyan,3,Bank Transfer,Fatima Bello,July,2024,%Q,Q3
BK04651,2023-01-01,2023-01-16,2023-01-23,7,Deluxe,70490,0,70490,493430,Group,Individual Guest,Travel Agent,Completed,Nigerian,1,Cash,Fatima Bello,January,2023,%Q,Q1
BK04652,2024-02-16,2024-03-17,2024-03-28,11,Executive,121335,0,121335,1334685,Leisure,Individual Guest,Travel Agent,Completed,British,1,Bank Transfer,Direct Booking,March,2024,%Q,Q1
BK04653,2023-01-01,2023-01-14,2023-01-28,14,Standard,63960,0,63960,895440,Leisure,Individual Guest,Walk In,Completed,Nigerian,3,Cash,Chioma Eze,January,2023,%Q,Q1
BK04654,2024-01-22,2024-03-22,2024-04-01,10,Standard,55138,10,49624,496242,Corporate,Oando PLC,Online Travel Agent,Completed,British,1,Credit Card,Chioma Eze,March,2024,%Q,Q1
BK04655,2023-12-17,2024-01-17,2024-01-24,7,Executive,115608,0,115608,809256,Leisure,Individual Guest,Direct,Completed,Nigerian,2,Corporate Account,Direct Booking,January,2024,%Q,Q1
BK04656,2024-04-22,2024-05-02,2024-05-06,4,Suite,134965,0,134965,539860,Leisure,Individual Guest,Corporate Agreement,Confirmed,British,1,POS,Amaka Osei,May,2024,%Q,Q2
BK04657,2024-01-06,2024-02-23,2024-03-01,7,Suite,164776,5,156537,1095760,MICE,Nigerian Breweries,Direct,Completed,American,1,Credit Card,Chioma Eze,February,2024,%Q,Q1
BK04658,2024-01-01,2024-02-11,2024-02-20,9,Deluxe,74925,15,63686,573176,Government,Seplat Energy,Corporate Agreement,Completed,Nigerian,1,Corporate Account,Direct Booking,February,2024,%Q,Q1
BK04659,2024-08-28,2024-10-04,2024-10-06,2,Standard,60426,0,60426,120852,MICE,Chevron Nigeria,Direct,Completed,Nigerian,4,Credit Card,Direct Booking,October,2024,%Q,Q4
BK04660,2024-10-10,2024-11-08,2024-11-12,4,Deluxe,87501,10,78751,315004,Corporate,Lafarge Africa,Online Travel Agent,Completed,Nigerian,2,Bank Transfer,Chioma Eze,November,2024,%Q,Q4
BK04661,2024-10-07,2024-11-21,2024-11-29,8,Standard,59334,0,59334,474672,Group,Individual Guest,Direct,Confirmed,Nigerian,4,Corporate Account,Chioma Eze,November,2024,%Q,Q4
BK04662,2023-01-13,2023-01-26,2023-02-03,8,Suite,150229,0,150229,1201832,Leisure,Individual Guest,Travel Agent,Completed,South African,3,Bank Transfer,Chioma Eze,January,2023,%Q,Q1
BK04663,2023-10-26,2023-12-24,2024-01-06,13,Executive,115009,10,103508,1345605,Leisure,Individual Guest,Direct,Completed,American,3,POS,Emeka Okonkwo,December,2023,%Q,Q4
BK04664,2023-06-05,2023-06-30,2023-07-07,7,Deluxe,85512,10,76961,538726,Group,Individual Guest,Online Travel Agent,Confirmed,British,2,Cash,Fatima Bello,June,2023,%Q,Q2
BK04665,2023-07-12,2023-07-19,2023-07-20,1,Suite,155848,0,155848,155848,Group,Individual Guest,Corporate Agreement,Completed,French,4,Cash,Emeka Okonkwo,July,2023,%Q,Q3
BK04666,2024-06-12,2024-06-15,2024-06-24,9,Suite,178790,15,151972,1367744,Corporate,Conoil,Corporate Agreement,Completed,Nigerian,2,Credit Card,Emeka Okonkwo,June,2024,%Q,Q2
BK04667,2023-02-24,2023-03-09,2023-03-17,8,Suite,165382,0,165382,1323056,Leisure,Individual Guest,Travel Agent,Completed,Nigerian,1,Credit Card,Emeka Okonkwo,March,2023,%Q,Q1
BK04668,2024-06-17,2024-07-31,2024-08-04,4,Standard,61917,10,55725,222901,Corporate,Seplat Energy,Travel Agent,Completed,British,1,POS,Tunde Adeyemi,July,2024,%Q,Q3
BK04669,2023-11-03,2023-12-14,2023-12-15,1,Deluxe,70107,0,70107,70107,MICE,Guinness Nigeria,Direct,Completed,Nigerian,4,Corporate Account,Chioma Eze,December,2023,%Q,Q4
BK04670,2024-07-02,2024-08-17,2024-08-20,3,Executive,107949,0,107949,323847,Leisure,Individual Guest,Corporate Agreement,Completed,Nigerian,2,Corporate Account,Tunde Adeyemi,August,2024,%Q,Q3
BK04671,2024-08-22,2024-10-12,2024-10-20,8,Presidential,277070,0,277070,2216560,Leisure,Individual Guest,Travel Agent,Completed,American,2,Cash,Tunde Adeyemi,October,2024,%Q,Q4
BK04672,2023-06-17,2023-06-29,2023-07-01,2,Executive,126895,15,107861,215722,Corporate,Dangote Group,Direct,Completed,Nigerian,4,Corporate Account,Direct Booking,June,2023,%Q,Q2
BK04673,2023-01-01,2023-01-14,2023-01-17,3,Executive,115301,0,115301,345903,Leisure,Individual Guest,Direct,Confirmed,French,1,Cash,Direct Booking,January,2023,%Q,Q1
BK04674,2023-12-12,2023-12-13,2023-12-25,12,Deluxe,89256,20,71405,856858,Corporate,Transcorp Hotels,Direct,Completed,Nigerian,2,Corporate Account,Tunde Adeyemi,December,2023,%Q,Q4
BK04675,2024-10-04,2024-10-25,2024-11-03,9,Presidential,308534,15,262254,2360285,Government,Dangote Group,Travel Agent,Completed,Indian,1,Corporate Account,Tunde Adeyemi,October,2024,%Q,Q4
BK04676,2024-02-18,2024-03-11,2024-03-21,10,Deluxe,89449,5,84977,849766,Corporate,Federal Ministry of Works,Corporate Agreement,Completed,Nigerian,4,Bank Transfer,Tunde Adeyemi,March,2024,%Q,Q1
BK04677,2024-08-18,2024-10-09,2024-10-14,5,Presidential,358612,15,304820,1524101,Corporate,Access Bank,Travel Agent,Completed,American,1,Credit Card,Tunde Adeyemi,October,2024,%Q,Q4
BK04678,2024-05-24,2024-05-25,2024-06-03,9,Standard,63874,10,57487,517379,Corporate,Honeywell Group,Direct,Confirmed,American,1,Credit Card,Amaka Osei,May,2024,%Q,Q2
BK04679,2023-10-23,2023-10-29,2023-11-06,8,Deluxe,71217,5,67656,541249,Airline Crew,Julius Berger,Direct,Completed,Nigerian,3,POS,Chioma Eze,October,2023,%Q,Q4
BK04680,2023-05-19,2023-07-10,2023-07-14,4,Executive,122900,0,122900,491600,Group,Individual Guest,Direct,Completed,Ghanaian,4,Corporate Account,Emeka Okonkwo,July,2023,%Q,Q3
BK04681,2024-11-03,2024-12-21,2024-12-28,7,Deluxe,90028,15,76524,535667,Government,Glo Mobile,Corporate Agreement,Completed,Nigerian,1,POS,Fatima Bello,December,2024,%Q,Q4
BK04682,2023-12-05,2024-01-04,2024-01-17,13,Suite,124879,0,124879,1623427,Group,Individual Guest,Direct,Completed,Nigerian,2,Corporate Account,Emeka Okonkwo,January,2024,%Q,Q1
BK04683,2024-03-10,2024-05-02,2024-05-14,12,Suite,147294,10,132565,1590775,MICE,FBN Holdings,Online Travel Agent,Completed,Nigerian,3,Corporate Account,Direct Booking,May,2024,%Q,Q2
BK04684,2023-04-13,2023-05-22,2023-06-03,12,Suite,142229,0,142229,1706748,Leisure,Individual Guest,Online Travel Agent,Completed,American,4,Credit Card,Fatima Bello,May,2023,%Q,Q2
BK04685,2023-09-21,2023-11-16,2023-11-25,9,Presidential,293567,15,249532,2245788,Corporate,FAAN,Direct,Confirmed,Nigerian,3,Credit Card,Amaka Osei,November,2023,%Q,Q4
BK04686,2024-05-20,2024-05-23,2024-06-03,11,Deluxe,73949,0,73949,813439,Airline Crew,Total Energies,Travel Agent,Completed,British,4,Bank Transfer,Fatima Bello,May,2024,%Q,Q2
BK04687,2023-01-01,2023-01-04,2023-01-08,4,Executive,108652,0,108652,434608,MICE,UBA Group,Travel Agent,Confirmed,Nigerian,3,Bank Transfer,Direct Booking,January,2023,%Q,Q1
BK04688,2024-05-12,2024-05-17,2024-05-22,5,Deluxe,84321,0,84321,421605,Group,Individual Guest,Walk In,Completed,Nigerian,3,Cash,Emeka Okonkwo,May,2024,%Q,Q2
BK04689,2023-01-01,2023-01-16,2023-01-25,9,Standard,64450,10,58005,522045,Leisure,Individual Guest,Travel Agent,Completed,Kenyan,2,POS,Direct Booking,January,2023,%Q,Q1
BK04690,2023-07-26,2023-07-31,2023-08-11,11,Deluxe,74191,0,74191,816101,Group,Individual Guest,Corporate Agreement,Confirmed,Ghanaian,2,Cash,Fatima Bello,July,2023,%Q,Q3
BK04691,2023-01-01,2023-02-13,2023-02-15,2,Executive,119476,0,119476,238952,Leisure,Individual Guest,Online Travel Agent,Completed,Nigerian,1,Credit Card,Tunde Adeyemi,February,2023,%Q,Q1
BK04692,2024-11-01,2024-12-02,2024-12-13,11,Standard,56169,0,56169,617859,Leisure,Individual Guest,Online Travel Agent,Completed,Nigerian,3,POS,Tunde Adeyemi,December,2024,%Q,Q4
BK04693,2023-01-28,2023-02-22,2023-03-04,10,Standard,45939,0,45939,459390,Group,Individual Guest,Travel Agent,Completed,Nigerian,3,Bank Transfer,Direct Booking,February,2023,%Q,Q1
BK04694,2023-02-27,2023-03-23,2023-03-31,8,Executive,96366,10,86729,693835,MICE,Chevron Nigeria,Corporate Agreement,Completed,Nigerian,1,POS,Emeka Okonkwo,March,2023,%Q,Q1
BK04695,2023-03-15,2023-03-28,2023-04-02,5,Deluxe,94875,0,94875,474375,Group,Individual Guest,Online Travel Agent,Completed,British,4,Cash,Emeka Okonkwo,March,2023,%Q,Q1
BK04696,2023-12-12,2024-01-06,2024-01-11,5,Standard,57599,10,51839,259196,Leisure,Individual Guest,Walk In,Completed,Nigerian,2,Credit Card,Chioma Eze,January,2024,%Q,Q1
BK04697,2024-05-22,2024-07-13,2024-07-16,3,Suite,159845,10,143860,431582,Group,Individual Guest,Corporate Agreement,Completed,Nigerian,1,POS,Amaka Osei,July,2024,%Q,Q3
BK04698,2024-04-02,2024-04-22,2024-05-05,13,Presidential,395745,10,356170,4630216,Corporate,Nigerian Breweries,Direct,Completed,Nigerian,4,Cash,Tunde Adeyemi,April,2024,%Q,Q2
BK04699,2023-11-30,2023-12-08,2023-12-10,2,Executive,102925,10,92632,185265,Government,PZ Cussons,Corporate Agreement,Completed,Kenyan,2,POS,Tunde Adeyemi,December,2023,%Q,Q4
BK04700,2024-07-25,2024-09-07,2024-09-18,11,Suite,139287,15,118394,1302333,Corporate,Zenith Bank,Direct,Completed,Nigerian,3,Cash,Direct Booking,September,2024,%Q,Q3
BK04701,2024-08-06,2024-09-13,2024-09-23,10,Standard,46340,0,46340,463400,Leisure,Individual Guest,Online Travel Agent,Completed,Kenyan,2,Corporate Account,Fatima Bello,September,2024,%Q,Q3
BK04702,2023-01-18,2023-02-28,2023-03-07,7,Deluxe,83732,0,83732,586124,Corporate,Julius Berger,Direct,Completed,American,3,Bank Transfer,Amaka Osei,February,2023,%Q,Q1
BK04703,2023-07-30,2023-08-30,2023-09-06,7,Executive,126671,0,126671,886697,Airline Crew,Honeywell Group,Travel Agent,Completed,American,2,Credit Card,Direct Booking,August,2023,%Q,Q3
BK04704,2023-08-28,2023-10-05,2023-10-19,14,Executive,126420,5,120099,1681386,Corporate,Access Bank,Online Travel Agent,Completed,Nigerian,1,POS,Emeka Okonkwo,October,2023,%Q,Q4
BK04705,2023-01-01,2023-01-31,2023-02-14,14,Suite,141920,5,134824,1887536,Corporate,Air Peace,Online Travel Agent,Completed,British,3,Cash,Direct Booking,January,2023,%Q,Q1
BK04706,2024-06-24,2024-07-27,2024-08-08,12,Deluxe,82355,5,78237,938847,MICE,Seplat Energy,Direct,Completed,Nigerian,4,Corporate Account,Direct Booking,July,2024,%Q,Q3
BK04707,2023-08-31,2023-10-04,2023-10-17,13,Presidential,361787,10,325608,4232908,MICE,Lagos State Government,Direct,Completed,South African,2,Corporate Account,Fatima Bello,October,2023,%Q,Q4
BK04708,2023-03-15,2023-03-22,2023-03-27,5,Presidential,312744,10,281470,1407348,Corporate,Conoil,Travel Agent,Completed,Nigerian,3,Cash,Amaka Osei,March,2023,%Q,Q1
BK04709,2024-04-11,2024-04-22,2024-04-27,5,Executive,98492,0,98492,492460,Leisure,Individual Guest,Direct,Completed,American,4,POS,Emeka Okonkwo,April,2024,%Q,Q2
BK04710,2023-02-11,2023-03-04,2023-03-14,10,Suite,150150,10,135135,1351350,MICE,Chevron Nigeria,Direct,Completed,Nigerian,2,Bank Transfer,Chioma Eze,March,2023,%Q,Q1
BK04711,2023-04-13,2023-05-07,2023-05-12,5,Standard,52839,10,47555,0,Leisure,Individual Guest,Corporate Agreement,Cancelled,French,4,Cash,Tunde Adeyemi,May,2023,%Q,Q2
BK04712,2024-07-22,2024-09-04,2024-09-14,10,Standard,45609,0,45609,456090,Leisure,Individual Guest,Online Travel Agent,Completed,Nigerian,3,Corporate Account,Amaka Osei,September,2024,%Q,Q3
BK04713,2023-03-14,2023-04-19,2023-04-23,4,Presidential,306490,5,291166,1164662,MICE,Total Energies,Online Travel Agent,Completed,Chinese,3,Corporate Account,Fatima Bello,April,2023,%Q,Q2
BK04714,2023-07-22,2023-09-08,2023-09-10,2,Executive,126613,15,107621,0,Corporate,Lagos State Government,Online Travel Agent,Cancelled,Nigerian,1,Corporate Account,Fatima Bello,September,2023,%Q,Q3
BK04715,2023-08-13,2023-08-27,2023-09-09,13,Presidential,352846,20,282277,0,Corporate,Unilever Nigeria,Walk In,No Show,Nigerian,3,Credit Card,Emeka Okonkwo,August,2023,%Q,Q3
BK04716,2024-05-24,2024-06-12,2024-06-19,7,Standard,64989,5,61740,432177,Corporate,Lagos State Government,Travel Agent,Completed,British,3,Bank Transfer,Emeka Okonkwo,June,2024,%Q,Q2
BK04717,2024-01-22,2024-02-08,2024-02-13,5,Deluxe,78411,10,70570,352850,Airline Crew,Glo Mobile,Direct,Completed,American,1,Credit Card,Emeka Okonkwo,February,2024,%Q,Q1
BK04718,2024-09-05,2024-10-29,2024-10-30,1,Standard,50787,0,50787,50787,MICE,PZ Cussons,Walk In,Completed,Nigerian,2,Bank Transfer,Amaka Osei,October,2024,%Q,Q4
BK04719,2023-11-06,2023-12-30,2024-01-03,4,Executive,116059,20,92847,371389,Corporate,9mobile,Online Travel Agent,Completed,Nigerian,1,Bank Transfer,Amaka Osei,December,2023,%Q,Q4
BK04720,2023-06-11,2023-06-23,2023-06-27,4,Standard,55359,20,44287,177149,Corporate,GTCO,Direct,Confirmed,Indian,3,Corporate Account,Chioma Eze,June,2023,%Q,Q2
BK04721,2024-10-24,2024-12-07,2024-12-12,5,Deluxe,85144,10,76630,383148,Leisure,Individual Guest,Travel Agent,Completed,American,4,Corporate Account,Tunde Adeyemi,December,2024,%Q,Q4
BK04722,2023-07-07,2023-07-22,2023-08-04,13,Deluxe,77832,0,77832,1011816,MICE,NNPC,Corporate Agreement,Completed,French,3,Bank Transfer,Amaka Osei,July,2023,%Q,Q3
BK04723,2023-10-31,2023-11-25,2023-12-03,8,Executive,100503,5,95478,763823,Leisure,Individual Guest,Corporate Agreement,Completed,Nigerian,1,Cash,Fatima Bello,November,2023,%Q,Q4
BK04724,2023-10-16,2023-10-16,2023-10-18,2,Deluxe,72549,5,68922,137843,Leisure,Individual Guest,Corporate Agreement,Confirmed,Kenyan,2,Credit Card,Emeka Okonkwo,October,2023,%Q,Q4
BK04725,2024-01-05,2024-01-13,2024-01-27,14,Deluxe,78376,0,78376,1097264,Group,Individual Guest,Corporate Agreement,Completed,French,1,Corporate Account,Chioma Eze,January,2024,%Q,Q1
BK04726,2024-11-02,2024-11-05,2024-11-18,13,Deluxe,94931,0,94931,1234103,MICE,FBN Holdings,Online Travel Agent,Completed,American,3,Cash,Emeka Okonkwo,November,2024,%Q,Q4
BK04727,2023-02-09,2023-03-19,2023-04-02,14,Presidential,295320,0,295320,4134480,Group,Individual Guest,Corporate Agreement,Completed,French,3,Credit Card,Direct Booking,March,2023,%Q,Q1
BK04728,2023-11-04,2023-12-14,2023-12-28,14,Suite,174103,20,139282,1949954,Corporate,NNPC,Walk In,Confirmed,American,4,Bank Transfer,Emeka Okonkwo,December,2023,%Q,Q4
BK04729,2023-02-08,2023-03-28,2023-04-11,14,Deluxe,86606,10,77945,1091236,Corporate,Oando PLC,Travel Agent,Completed,Nigerian,4,Bank Transfer,Chioma Eze,March,2023,%Q,Q1
BK04730,2024-08-24,2024-09-25,2024-09-27,2,Suite,121209,0,121209,242418,Leisure,Individual Guest,Travel Agent,Completed,Nigerian,3,Bank Transfer,Chioma Eze,September,2024,%Q,Q3
BK04731,2023-08-19,2023-10-03,2023-10-10,7,Suite,125117,20,100094,700655,Corporate,Lagos State Government,Corporate Agreement,Completed,British,3,Bank Transfer,Amaka Osei,October,2023,%Q,Q4
BK04732,2024-03-01,2024-04-10,2024-04-14,4,Executive,105193,10,94674,0,Corporate,MTN Nigeria,Online Travel Agent,No Show,Nigerian,3,Credit Card,Chioma Eze,April,2024,%Q,Q2
BK04733,2023-05-10,2023-05-11,2023-05-20,9,Suite,136657,10,122991,1106922,Group,Individual Guest,Walk In,Confirmed,South African,1,Credit Card,Direct Booking,May,2023,%Q,Q2
BK04734,2023-11-30,2023-12-30,2023-12-31,1,Presidential,380157,5,361149,361149,Corporate,Glo Mobile,Corporate Agreement,Completed,Kenyan,2,Cash,Tunde Adeyemi,December,2023,%Q,Q4
BK04735,2024-08-04,2024-09-29,2024-10-02,3,Executive,104318,20,83454,250363,Corporate,Glo Mobile,Travel Agent,Completed,Nigerian,2,Corporate Account,Chioma Eze,September,2024,%Q,Q3
BK04736,2023-10-05,2023-11-05,2023-11-15,10,Suite,145202,10,130682,1306818,MICE,Seplat Energy,Direct,Completed,German,2,POS,Tunde Adeyemi,November,2023,%Q,Q4
BK04737,2024-07-30,2024-08-17,2024-08-30,13,Deluxe,72347,20,57878,752409,Corporate,9mobile,Online Travel Agent,Confirmed,Nigerian,4,POS,Emeka Okonkwo,August,2024,%Q,Q3
BK04738,2023-05-16,2023-07-11,2023-07-24,13,Presidential,253965,10,228568,2971390,Group,Individual Guest,Online Travel Agent,Completed,American,4,Credit Card,Fatima Bello,July,2023,%Q,Q3
BK04739,2023-06-10,2023-07-23,2023-07-24,1,Standard,63378,5,60209,60209,Group,Individual Guest,Online Travel Agent,Completed,British,3,POS,Direct Booking,July,2023,%Q,Q3
BK04740,2024-08-27,2024-10-12,2024-10-24,12,Standard,59774,0,59774,717288,MICE,Glo Mobile,Direct,Completed,Nigerian,4,Corporate Account,Direct Booking,October,2024,%Q,Q4
BK04741,2023-07-06,2023-08-03,2023-08-06,3,Standard,62507,0,62507,187521,MICE,Seplat Energy,Online Travel Agent,Completed,Nigerian,1,POS,Fatima Bello,August,2023,%Q,Q3
BK04742,2023-01-15,2023-02-05,2023-02-13,8,Deluxe,71495,20,57196,457568,Corporate,Dangote Group,Walk In,Completed,Nigerian,3,Corporate Account,Amaka Osei,February,2023,%Q,Q1
BK04743,2023-08-15,2023-09-15,2023-09-23,8,Deluxe,90115,5,85609,684874,Corporate,Shell Nigeria,Travel Agent,Completed,Ghanaian,4,Bank Transfer,Chioma Eze,September,2023,%Q,Q3
BK04744,2024-09-06,2024-10-12,2024-10-14,2,Executive,100289,20,80231,160462,Government,MTN Nigeria,Direct,Confirmed,South African,2,Corporate Account,Emeka Okonkwo,October,2024,%Q,Q4
BK04745,2024-11-24,2024-11-28,2024-12-09,11,Executive,111559,15,94825,1043077,Government,NNPC,Corporate Agreement,Confirmed,German,3,Corporate Account,Emeka Okonkwo,November,2024,%Q,Q4
BK04746,2023-02-06,2023-03-09,2023-03-10,1,Presidential,307638,0,307638,307638,Corporate,Seplat Energy,Online Travel Agent,Completed,German,2,Bank Transfer,Direct Booking,March,2023,%Q,Q1
BK04747,2024-10-15,2024-12-02,2024-12-15,13,Deluxe,70374,0,70374,914862,Group,Individual Guest,Online Travel Agent,Confirmed,British,2,Credit Card,Fatima Bello,December,2024,%Q,Q4
BK04748,2023-10-30,2023-12-05,2023-12-08,3,Standard,46946,0,46946,140838,MICE,Honeywell Group,Travel Agent,Completed,Nigerian,2,Cash,Emeka Okonkwo,December,2023,%Q,Q4
BK04749,2024-07-16,2024-07-17,2024-07-24,7,Suite,129723,5,123237,862658,Leisure,Individual Guest,Direct,Completed,Nigerian,3,Credit Card,Tunde Adeyemi,July,2024,%Q,Q3
BK04750,2023-08-17,2023-09-16,2023-09-21,5,Standard,46249,5,43937,219683,Leisure,Individual Guest,Direct,Completed,Nigerian,4,Credit Card,Direct Booking,September,2023,%Q,Q3
BK04751,2024-04-30,2024-06-25,2024-07-04,9,Presidential,293128,15,249159,2242429,Corporate,Unilever Nigeria,Direct,Completed,Nigerian,3,Bank Transfer,Fatima Bello,June,2024,%Q,Q2
BK04752,2024-07-29,2024-09-27,2024-10-10,13,Presidential,262186,5,249077,3237997,Group,Individual Guest,Online Travel Agent,Completed,South African,4,Cash,Emeka Okonkwo,September,2024,%Q,Q3
BK04753,2023-10-26,2023-12-05,2023-12-14,9,Suite,149788,0,149788,1348092,MICE,Seplat Energy,Travel Agent,Completed,Ghanaian,4,Corporate Account,Tunde Adeyemi,December,2023,%Q,Q4
BK04754,2024-08-23,2024-10-10,2024-10-20,10,Suite,170345,5,161828,1618278,Leisure,Individual Guest,Direct,Completed,Indian,2,POS,Fatima Bello,October,2024,%Q,Q4
BK04755,2024-05-22,2024-06-25,2024-06-30,5,Executive,115610,0,115610,578050,Corporate,Conoil,Direct,Completed,Ghanaian,2,Cash,Tunde Adeyemi,June,2024,%Q,Q2
BK04756,2023-08-07,2023-09-28,2023-10-08,10,Presidential,295638,10,266074,2660742,Corporate,Oando PLC,Direct,Completed,Nigerian,3,Cash,Emeka Okonkwo,September,2023,%Q,Q3
BK04757,2024-03-21,2024-04-02,2024-04-08,6,Presidential,363814,0,363814,2182884,MICE,Access Bank,Direct,Completed,Nigerian,4,Bank Transfer,Amaka Osei,April,2024,%Q,Q2
BK04758,2024-10-08,2024-10-11,2024-10-15,4,Deluxe,81434,0,81434,325736,Leisure,Individual Guest,Travel Agent,Confirmed,Nigerian,2,Credit Card,Emeka Okonkwo,October,2024,%Q,Q4
BK04759,2024-05-14,2024-07-11,2024-07-24,13,Standard,53461,0,53461,694993,Leisure,Individual Guest,Travel Agent,Completed,German,4,POS,Amaka Osei,July,2024,%Q,Q3
BK04760,2023-03-02,2023-04-20,2023-04-23,3,Suite,152906,5,145261,435782,Corporate,GTCO,Direct,Completed,Nigerian,4,Corporate Account,Chioma Eze,April,2023,%Q,Q2
BK04761,2023-03-28,2023-04-05,2023-04-07,2,Executive,102013,5,96912,193825,Group,Individual Guest,Direct,Completed,Nigerian,4,Corporate Account,Amaka Osei,April,2023,%Q,Q2
BK04762,2023-08-19,2023-08-27,2023-09-02,6,Standard,55938,0,55938,335628,Corporate,Federal Ministry of Works,Travel Agent,Completed,Nigerian,4,Bank Transfer,Amaka Osei,August,2023,%Q,Q3
BK04763,2024-01-14,2024-02-09,2024-02-18,9,Presidential,363546,20,290837,2617531,Corporate,GTCO,Online Travel Agent,Confirmed,Nigerian,4,Cash,Fatima Bello,February,2024,%Q,Q1
BK04764,2024-07-24,2024-08-05,2024-08-11,6,Executive,114124,5,108418,0,Airline Crew,Glo Mobile,Online Travel Agent,Cancelled,Chinese,4,POS,Fatima Bello,August,2024,%Q,Q3
BK04765,2023-06-23,2023-08-15,2023-08-26,11,Presidential,348022,0,348022,3828242,Corporate,FAAN,Corporate Agreement,Confirmed,Indian,4,Credit Card,Direct Booking,August,2023,%Q,Q3
BK04766,2023-03-01,2023-04-13,2023-04-18,5,Standard,56565,10,50908,254542,Group,Individual Guest,Corporate Agreement,Completed,Ghanaian,1,Cash,Amaka Osei,April,2023,%Q,Q2
BK04767,2024-08-01,2024-09-16,2024-09-23,7,Deluxe,74614,0,74614,522298,Corporate,GTCO,Online Travel Agent,Completed,Nigerian,1,Corporate Account,Fatima Bello,September,2024,%Q,Q3
BK04768,2023-11-26,2024-01-06,2024-01-17,11,Presidential,340326,5,323310,3556407,Group,Individual Guest,Direct,Completed,Ghanaian,1,Cash,Fatima Bello,January,2024,%Q,Q1
BK04769,2023-03-27,2023-05-09,2023-05-22,13,Presidential,254537,0,254537,3308981,Leisure,Individual Guest,Travel Agent,Completed,Nigerian,4,Corporate Account,Direct Booking,May,2023,%Q,Q2
BK04770,2024-09-19,2024-11-08,2024-11-22,14,Deluxe,70875,10,63788,893025,Airline Crew,Dangote Group,Direct,Completed,Nigerian,3,Credit Card,Chioma Eze,November,2024,%Q,Q4
BK04771,2023-07-14,2023-07-29,2023-08-05,7,Suite,148515,5,141089,987625,Leisure,Individual Guest,Walk In,Completed,Nigerian,3,Credit Card,Fatima Bello,July,2023,%Q,Q3
BK04772,2023-04-02,2023-05-29,2023-06-03,5,Suite,126166,0,126166,630830,Group,Individual Guest,Direct,Completed,Ghanaian,2,Cash,Emeka Okonkwo,May,2023,%Q,Q2
BK04773,2024-09-06,2024-09-24,2024-10-01,7,Executive,114753,20,91802,642617,Corporate,Julius Berger,Online Travel Agent,Confirmed,American,1,Corporate Account,Fatima Bello,September,2024,%Q,Q3
BK04774,2024-09-08,2024-10-15,2024-10-18,3,Suite,126831,10,114148,0,Leisure,Individual Guest,Corporate Agreement,Cancelled,Nigerian,3,Cash,Chioma Eze,October,2024,%Q,Q4
BK04775,2023-05-31,2023-06-08,2023-06-15,7,Executive,126246,15,107309,751164,Government,Guinness Nigeria,Walk In,Confirmed,Nigerian,4,Credit Card,Amaka Osei,June,2023,%Q,Q2
BK04776,2024-01-31,2024-02-17,2024-02-21,4,Standard,53392,0,53392,213568,MICE,Seplat Energy,Corporate Agreement,Completed,Nigerian,3,Corporate Account,Emeka Okonkwo,February,2024,%Q,Q1
BK04777,2023-04-18,2023-05-13,2023-05-18,5,Presidential,355149,0,355149,1775745,Leisure,Individual Guest,Travel Agent,Completed,Nigerian,4,Bank Transfer,Tunde Adeyemi,May,2023,%Q,Q2
BK04778,2023-03-09,2023-03-15,2023-03-23,8,Deluxe,82175,0,82175,657400,Group,Individual Guest,Corporate Agreement,Confirmed,Nigerian,1,Corporate Account,Direct Booking,March,2023,%Q,Q1
BK04779,2023-01-07,2023-01-08,2023-01-19,11,Suite,172794,15,146875,1615624,Government,Flour Mills Nigeria,Corporate Agreement,Completed,Indian,4,Corporate Account,Emeka Okonkwo,January,2023,%Q,Q1
BK04780,2024-05-29,2024-07-01,2024-07-09,8,Suite,127538,10,114784,918274,Corporate,PZ Cussons,Online Travel Agent,Confirmed,Nigerian,2,Credit Card,Fatima Bello,July,2024,%Q,Q3
BK04781,2024-08-10,2024-09-13,2024-09-18,5,Deluxe,90879,15,77247,386236,Government,Nestle Nigeria,Online Travel Agent,Completed,Nigerian,1,POS,Fatima Bello,September,2024,%Q,Q3
BK04782,2023-01-04,2023-01-16,2023-01-27,11,Suite,172882,0,172882,1901702,Corporate,Nigerian Breweries,Corporate Agreement,Completed,Nigerian,3,Bank Transfer,Emeka Okonkwo,January,2023,%Q,Q1
BK04783,2023-02-26,2023-04-16,2023-04-27,11,Presidential,278629,20,222903,2451935,Corporate,Nigerian Breweries,Travel Agent,Completed,Kenyan,2,Bank Transfer,Fatima Bello,April,2023,%Q,Q2
BK04784,2024-04-22,2024-06-02,2024-06-16,14,Deluxe,80268,5,76255,1067564,Leisure,Individual Guest,Walk In,Completed,American,2,Bank Transfer,Direct Booking,June,2024,%Q,Q2
BK04785,2024-04-23,2024-05-01,2024-05-03,2,Executive,127102,10,114392,228784,Group,Individual Guest,Online Travel Agent,Completed,Nigerian,1,Credit Card,Chioma Eze,May,2024,%Q,Q2
BK04786,2023-03-12,2023-04-09,2023-04-20,11,Suite,137787,10,124008,1364091,Leisure,Individual Guest,Direct,Completed,French,1,Credit Card,Amaka Osei,April,2023,%Q,Q2
BK04787,2024-08-22,2024-09-01,2024-09-13,12,Deluxe,88552,10,79697,956362,Group,Individual Guest,Direct,Completed,Nigerian,3,Corporate Account,Fatima Bello,September,2024,%Q,Q3
BK04788,2023-10-21,2023-10-30,2023-10-31,1,Presidential,314252,0,314252,0,Leisure,Individual Guest,Direct,No Show,Nigerian,4,POS,Chioma Eze,October,2023,%Q,Q4
BK04789,2024-04-23,2024-06-21,2024-06-22,1,Deluxe,77798,0,77798,77798,Leisure,Individual Guest,Online Travel Agent,Completed,German,1,Bank Transfer,Amaka Osei,June,2024,%Q,Q2
BK04790,2024-08-15,2024-08-16,2024-08-25,9,Standard,62225,10,56002,504022,MICE,MTN Nigeria,Direct,Confirmed,Nigerian,2,Corporate Account,Tunde Adeyemi,August,2024,%Q,Q3
BK04791,2024-01-09,2024-02-11,2024-02-25,14,Executive,105502,10,94952,1329325,MICE,Shell Nigeria,Travel Agent,Confirmed,Nigerian,1,Bank Transfer,Emeka Okonkwo,February,2024,%Q,Q1
BK04792,2023-02-07,2023-03-06,2023-03-19,13,Presidential,294578,10,265120,3446563,Government,Lafarge Africa,Corporate Agreement,Completed,Nigerian,2,Corporate Account,Direct Booking,March,2023,%Q,Q1
BK04793,2024-01-07,2024-01-11,2024-01-16,5,Suite,175785,0,175785,878925,Airline Crew,Zenith Bank,Walk In,Completed,Nigerian,4,Credit Card,Amaka Osei,January,2024,%Q,Q1
BK04794,2024-09-16,2024-09-26,2024-10-07,11,Presidential,330806,5,314266,3456923,MICE,Shell Nigeria,Online Travel Agent,Completed,Nigerian,2,Cash,Tunde Adeyemi,September,2024,%Q,Q3
BK04795,2023-06-18,2023-07-25,2023-08-03,9,Presidential,377750,0,377750,3399750,Group,Individual Guest,Online Travel Agent,Completed,British,2,POS,Amaka Osei,July,2023,%Q,Q3
BK04796,2023-08-11,2023-09-03,2023-09-09,6,Presidential,382160,15,324836,1949016,Corporate,Shell Nigeria,Corporate Agreement,Completed,Nigerian,1,Credit Card,Direct Booking,September,2023,%Q,Q3
BK04797,2023-02-15,2023-03-25,2023-04-05,11,Standard,56473,10,50826,559083,Corporate,Honeywell Group,Direct,Completed,British,1,Corporate Account,Fatima Bello,March,2023,%Q,Q1
BK04798,2024-07-11,2024-08-22,2024-09-01,10,Standard,64979,15,55232,552322,Corporate,NNPC,Online Travel Agent,Completed,American,2,Bank Transfer,Direct Booking,August,2024,%Q,Q3
BK04799,2024-07-06,2024-09-02,2024-09-15,13,Presidential,275134,5,261377,3397905,Corporate,Flour Mills Nigeria,Direct,Completed,Nigerian,4,Bank Transfer,Fatima Bello,September,2024,%Q,Q3
BK04800,2024-05-19,2024-06-09,2024-06-14,5,Presidential,328866,5,312423,1562114,Leisure,Individual Guest,Corporate Agreement,Completed,Nigerian,2,POS,Amaka Osei,June,2024,%Q,Q2
BK04801,2023-05-11,2023-07-08,2023-07-17,9,Presidential,354289,10,318860,2869741,Corporate,Air Peace,Online Travel Agent,Completed,Nigerian,1,Bank Transfer,Amaka Osei,July,2023,%Q,Q3
BK04802,2024-04-11,2024-04-12,2024-04-25,13,Standard,63672,20,50938,662189,Government,UBA Group,Walk In,Completed,American,3,Corporate Account,Chioma Eze,April,2024,%Q,Q2
BK04803,2023-04-03,2023-05-31,2023-06-11,11,Presidential,283776,15,241210,2653306,Corporate,Nigerian Ports Authority,Online Travel Agent,Completed,Nigerian,3,POS,Direct Booking,May,2023,%Q,Q2
BK04804,2024-09-06,2024-09-06,2024-09-18,12,Standard,48405,20,38724,464688,Corporate,Unilever Nigeria,Direct,Confirmed,Kenyan,3,Credit Card,Chioma Eze,September,2024,%Q,Q3
BK04805,2024-10-05,2024-10-23,2024-11-03,11,Executive,97436,10,87692,964616,Corporate,9mobile,Corporate Agreement,Confirmed,Nigerian,2,Corporate Account,Direct Booking,October,2024,%Q,Q4
BK04806,2024-10-24,2024-12-12,2024-12-17,5,Executive,98317,5,93401,467006,Group,Individual Guest,Walk In,Completed,American,4,Cash,Tunde Adeyemi,December,2024,%Q,Q4
BK04807,2023-09-29,2023-10-23,2023-10-31,8,Deluxe,71781,20,57425,459398,Government,Lafarge Africa,Direct,Completed,Nigerian,1,POS,Amaka Osei,October,2023,%Q,Q4
BK04808,2023-01-14,2023-02-28,2023-03-01,1,Executive,111373,0,111373,111373,Corporate,Oando PLC,Travel Agent,Completed,Nigerian,2,Cash,Amaka Osei,February,2023,%Q,Q1
BK04809,2024-11-15,2024-11-25,2024-11-28,3,Deluxe,70504,20,56403,169210,Corporate,Transcorp Hotels,Online Travel Agent,Completed,Nigerian,2,POS,Emeka Okonkwo,November,2024,%Q,Q4
BK04810,2024-04-14,2024-05-06,2024-05-13,7,Executive,118587,0,118587,830109,Group,Individual Guest,Online Travel Agent,Completed,Nigerian,3,Corporate Account,Chioma Eze,May,2024,%Q,Q2
BK04811,2024-02-17,2024-03-12,2024-03-25,13,Suite,152831,0,152831,0,Leisure,Individual Guest,Online Travel Agent,Cancelled,Kenyan,1,Corporate Account,Fatima Bello,March,2024,%Q,Q1
BK04812,2023-02-13,2023-02-16,2023-02-17,1,Deluxe,81252,10,73127,73127,Leisure,Individual Guest,Direct,Completed,Kenyan,4,Cash,Tunde Adeyemi,February,2023,%Q,Q1
BK04813,2024-05-28,2024-06-05,2024-06-11,6,Presidential,319600,0,319600,1917600,Group,Individual Guest,Direct,Completed,Nigerian,3,Bank Transfer,Chioma Eze,June,2024,%Q,Q2
BK04814,2023-01-01,2023-02-06,2023-02-12,6,Executive,108894,10,98005,588028,MICE,Transcorp Hotels,Corporate Agreement,Confirmed,Nigerian,1,Bank Transfer,Amaka Osei,February,2023,%Q,Q1
BK04815,2024-02-01,2024-02-08,2024-02-19,11,Deluxe,87524,0,87524,962764,Group,Individual Guest,Online Travel Agent,Completed,British,3,POS,Chioma Eze,February,2024,%Q,Q1
BK04816,2023-05-30,2023-07-02,2023-07-12,10,Standard,51257,20,41006,410056,Corporate,Shell Nigeria,Corporate Agreement,Completed,British,1,Bank Transfer,Emeka Okonkwo,July,2023,%Q,Q3
BK04817,2023-01-01,2023-01-06,2023-01-20,14,Executive,123933,10,111540,1561556,Group,Individual Guest,Walk In,Completed,Nigerian,1,Cash,Amaka Osei,January,2023,%Q,Q1
BK04818,2024-05-09,2024-06-16,2024-06-22,6,Deluxe,84368,10,75931,0,Corporate,Flour Mills Nigeria,Online Travel Agent,Cancelled,South African,2,Cash,Emeka Okonkwo,June,2024,%Q,Q2
BK04819,2024-03-23,2024-05-06,2024-05-13,7,Presidential,389778,5,370289,2592024,Leisure,Individual Guest,Online Travel Agent,Completed,Nigerian,4,Bank Transfer,Direct Booking,May,2024,%Q,Q2
BK04820,2023-12-13,2024-01-28,2024-02-02,5,Suite,154308,0,154308,771540,Group,Individual Guest,Direct,Completed,South African,2,Cash,Emeka Okonkwo,January,2024,%Q,Q1
BK04821,2024-10-19,2024-12-11,2024-12-19,8,Presidential,259510,0,259510,2076080,Group,Individual Guest,Online Travel Agent,Confirmed,American,1,Corporate Account,Tunde Adeyemi,December,2024,%Q,Q4
BK04822,2023-09-30,2023-11-23,2023-12-05,12,Executive,114607,10,103146,1237756,Corporate,GTCO,Corporate Agreement,Completed,Nigerian,3,Corporate Account,Emeka Okonkwo,November,2023,%Q,Q4
BK04823,2024-06-09,2024-08-01,2024-08-15,14,Standard,50589,10,45530,637421,Leisure,Individual Guest,Direct,Confirmed,Nigerian,1,Credit Card,Emeka Okonkwo,August,2024,%Q,Q3
BK04824,2024-11-27,2024-12-12,2024-12-24,12,Suite,158110,10,142299,0,Government,Nigerian Breweries,Direct,Cancelled,South African,2,Cash,Chioma Eze,December,2024,%Q,Q4
BK04825,2023-06-07,2023-06-30,2023-07-13,13,Presidential,264626,5,251395,3268131,Airline Crew,Total Energies,Online Travel Agent,Completed,Nigerian,2,Corporate Account,Amaka Osei,June,2023,%Q,Q2
BK04826,2023-09-21,2023-10-04,2023-10-17,13,Suite,126729,10,114056,1482729,Government,UBA Group,Online Travel Agent,Completed,Nigerian,1,Corporate Account,Tunde Adeyemi,October,2023,%Q,Q4
BK04827,2023-07-01,2023-07-30,2023-08-01,2,Suite,161546,15,137314,274628,Government,Conoil,Corporate Agreement,Confirmed,Nigerian,4,Bank Transfer,Emeka Okonkwo,July,2023,%Q,Q3
BK04828,2023-08-08,2023-08-26,2023-09-09,14,Suite,133620,5,126939,1777146,Corporate,Federal Ministry of Works,Corporate Agreement,Confirmed,Indian,2,Corporate Account,Direct Booking,August,2023,%Q,Q3
BK04829,2023-12-25,2024-01-11,2024-01-18,7,Standard,58220,0,58220,407540,Group,Individual Guest,Online Travel Agent,Completed,Chinese,3,Credit Card,Amaka Osei,January,2024,%Q,Q1
BK04830,2023-02-20,2023-04-07,2023-04-13,6,Standard,53814,0,53814,322884,Group,Individual Guest,Direct,Completed,Nigerian,2,Corporate Account,Amaka Osei,April,2023,%Q,Q2
BK04831,2024-09-17,2024-11-15,2024-11-22,7,Presidential,345906,10,311315,2179208,Corporate,GTCO,Direct,Completed,Nigerian,3,Credit Card,Tunde Adeyemi,November,2024,%Q,Q4
BK04832,2024-10-23,2024-11-01,2024-11-09,8,Deluxe,78404,0,78404,627232,Corporate,Airtel Nigeria,Walk In,Completed,Ghanaian,4,Bank Transfer,Tunde Adeyemi,November,2024,%Q,Q4
BK04833,2023-03-21,2023-04-29,2023-05-03,4,Standard,45139,0,45139,180556,Corporate,Nestle Nigeria,Travel Agent,Completed,Nigerian,4,Bank Transfer,Chioma Eze,April,2023,%Q,Q2
BK04834,2023-12-15,2024-01-19,2024-01-26,7,Deluxe,77174,20,61739,432174,Corporate,9mobile,Online Travel Agent,Completed,British,2,POS,Amaka Osei,January,2024,%Q,Q1
BK04835,2023-08-16,2023-09-24,2023-09-28,4,Presidential,365018,5,346767,1387068,Corporate,FAAN,Direct,Completed,Kenyan,4,Cash,Direct Booking,September,2023,%Q,Q3
BK04836,2023-07-27,2023-07-27,2023-08-05,9,Executive,103242,0,103242,929178,Leisure,Individual Guest,Corporate Agreement,Completed,Nigerian,4,Cash,Chioma Eze,July,2023,%Q,Q3
BK04837,2023-01-01,2023-01-27,2023-01-29,2,Suite,121017,10,108915,217831,Corporate,Lagos State Government,Online Travel Agent,Completed,British,4,Bank Transfer,Fatima Bello,January,2023,%Q,Q1
BK04838,2024-05-07,2024-07-01,2024-07-08,7,Presidential,380242,0,380242,0,MICE,Nestle Nigeria,Direct,Cancelled,Nigerian,1,Credit Card,Chioma Eze,July,2024,%Q,Q3
BK04839,2023-12-31,2024-02-13,2024-02-17,4,Standard,63813,5,60622,242489,Corporate,Conoil,Travel Agent,Completed,Nigerian,4,Credit Card,Amaka Osei,February,2024,%Q,Q1
BK04840,2023-12-10,2023-12-15,2023-12-25,10,Standard,54870,0,54870,548700,Airline Crew,Shell Nigeria,Walk In,Completed,Nigerian,2,Bank Transfer,Emeka Okonkwo,December,2023,%Q,Q4
BK04841,2023-07-06,2023-08-10,2023-08-13,3,Executive,102904,5,97759,293276,Corporate,Nestle Nigeria,Walk In,Completed,Nigerian,2,Cash,Tunde Adeyemi,August,2023,%Q,Q3
BK04842,2023-10-21,2023-10-22,2023-10-26,4,Deluxe,77583,10,69825,279299,Group,Individual Guest,Direct,Completed,Nigerian,4,Credit Card,Tunde Adeyemi,October,2023,%Q,Q4
BK04843,2024-08-07,2024-09-10,2024-09-13,3,Deluxe,78675,0,78675,236025,Group,Individual Guest,Corporate Agreement,Completed,Ghanaian,2,Bank Transfer,Fatima Bello,September,2024,%Q,Q3
BK04844,2023-08-14,2023-08-24,2023-09-06,13,Presidential,334597,5,317867,4132273,Airline Crew,Unilever Nigeria,Online Travel Agent,Completed,Nigerian,3,Cash,Fatima Bello,August,2023,%Q,Q3
BK04845,2024-04-20,2024-05-14,2024-05-27,13,Suite,123670,20,98936,1286168,Government,Oando PLC,Walk In,Completed,Nigerian,1,Cash,Amaka Osei,May,2024,%Q,Q2
BK04846,2023-06-02,2023-07-13,2023-07-14,1,Executive,97604,0,97604,97604,Leisure,Individual Guest,Travel Agent,Completed,Nigerian,4,Credit Card,Amaka Osei,July,2023,%Q,Q3
BK04847,2023-04-14,2023-05-05,2023-05-17,12,Executive,125794,10,113215,1358575,MICE,Chevron Nigeria,Online Travel Agent,Completed,Chinese,2,Corporate Account,Tunde Adeyemi,May,2023,%Q,Q2
BK04848,2023-05-10,2023-05-30,2023-06-04,5,Presidential,392923,0,392923,1964615,Leisure,Individual Guest,Travel Agent,Completed,Nigerian,3,Credit Card,Direct Booking,May,2023,%Q,Q2
BK04849,2024-05-25,2024-05-29,2024-06-01,3,Suite,148323,5,140907,0,Corporate,Chevron Nigeria,Walk In,Cancelled,Chinese,1,Credit Card,Tunde Adeyemi,May,2024,%Q,Q2
BK04850,2024-05-16,2024-05-27,2024-06-02,6,Deluxe,77126,0,77126,462756,Corporate,Air Peace,Online Travel Agent,Completed,Nigerian,1,Cash,Fatima Bello,May,2024,%Q,Q2
BK04851,2023-10-08,2023-10-12,2023-10-17,5,Deluxe,80207,0,80207,0,Corporate,Chevron Nigeria,Walk In,Cancelled,Nigerian,4,Corporate Account,Chioma Eze,October,2023,%Q,Q4
BK04852,2024-04-27,2024-06-18,2024-06-29,11,Presidential,307806,0,307806,0,Leisure,Individual Guest,Travel Agent,Cancelled,British,4,Cash,Amaka Osei,June,2024,%Q,Q2
BK04853,2024-10-28,2024-12-11,2024-12-21,10,Deluxe,76442,0,76442,764420,Group,Individual Guest,Direct,Completed,Chinese,2,POS,Chioma Eze,December,2024,%Q,Q4
BK04854,2024-05-17,2024-06-18,2024-06-26,8,Presidential,345737,10,311163,2489306,MICE,Access Bank,Travel Agent,Completed,British,1,Credit Card,Chioma Eze,June,2024,%Q,Q2
BK04855,2024-09-29,2024-10-16,2024-10-28,12,Suite,156791,0,156791,1881492,Leisure,Individual Guest,Direct,Completed,American,4,Cash,Tunde Adeyemi,October,2024,%Q,Q4
BK04856,2023-07-03,2023-08-19,2023-08-22,3,Deluxe,70459,20,56367,169102,Corporate,MTN Nigeria,Travel Agent,Completed,Nigerian,3,POS,Emeka Okonkwo,August,2023,%Q,Q3
BK04857,2023-09-20,2023-11-02,2023-11-09,7,Executive,113686,0,113686,795802,Leisure,Individual Guest,Online Travel Agent,Completed,South African,2,Cash,Amaka Osei,November,2023,%Q,Q4
BK04858,2024-08-29,2024-10-23,2024-10-30,7,Suite,122709,0,122709,858963,Leisure,Individual Guest,Corporate Agreement,Completed,American,1,Corporate Account,Tunde Adeyemi,October,2024,%Q,Q4
BK04859,2023-11-29,2023-12-07,2023-12-21,14,Suite,172615,0,172615,2416610,MICE,Flour Mills Nigeria,Direct,Completed,Nigerian,3,Bank Transfer,Direct Booking,December,2023,%Q,Q4
BK04860,2024-01-15,2024-02-25,2024-02-28,3,Suite,124699,0,124699,374097,Corporate,Federal Ministry of Works,Travel Agent,Completed,Nigerian,3,POS,Direct Booking,February,2024,%Q,Q1
BK04861,2023-10-23,2023-11-17,2023-11-27,10,Suite,151711,0,151711,1517110,Corporate,Julius Berger,Direct,Completed,Kenyan,2,Credit Card,Chioma Eze,November,2023,%Q,Q4
BK04862,2024-02-28,2024-03-16,2024-03-22,6,Deluxe,74595,0,74595,447570,Airline Crew,Zenith Bank,Direct,Completed,Kenyan,4,Credit Card,Direct Booking,March,2024,%Q,Q1
BK04863,2023-10-25,2023-12-20,2023-12-23,3,Suite,132456,0,132456,397368,MICE,Conoil,Online Travel Agent,Completed,Kenyan,2,POS,Emeka Okonkwo,December,2023,%Q,Q4
BK04864,2024-09-02,2024-09-25,2024-10-07,12,Deluxe,93809,10,84428,1013137,Airline Crew,Zenith Bank,Direct,Completed,German,3,Corporate Account,Tunde Adeyemi,September,2024,%Q,Q3
BK04865,2024-03-02,2024-03-30,2024-04-04,5,Presidential,371514,5,352938,1764692,Corporate,Seplat Energy,Corporate Agreement,Completed,Nigerian,4,POS,Tunde Adeyemi,March,2024,%Q,Q1
BK04866,2023-01-01,2023-02-07,2023-02-15,8,Standard,60079,0,60079,480632,Leisure,Individual Guest,Corporate Agreement,Completed,South African,3,Credit Card,Amaka Osei,February,2023,%Q,Q1
BK04867,2024-06-20,2024-06-20,2024-07-03,13,Suite,145672,10,131105,1704362,Group,Individual Guest,Direct,Completed,Nigerian,3,Corporate Account,Fatima Bello,June,2024,%Q,Q2
BK04868,2024-10-29,2024-10-30,2024-10-31,1,Suite,136788,0,136788,136788,Leisure,Individual Guest,Corporate Agreement,Completed,South African,2,Corporate Account,Amaka Osei,October,2024,%Q,Q4
BK04869,2024-10-20,2024-12-05,2024-12-07,2,Suite,157356,10,141620,283241,Corporate,Air Peace,Corporate Agreement,Completed,Nigerian,1,Cash,Emeka Okonkwo,December,2024,%Q,Q4
BK04870,2023-03-25,2023-03-29,2023-04-01,3,Standard,60021,5,57020,171060,Corporate,FBN Holdings,Direct,Completed,Nigerian,1,Cash,Chioma Eze,March,2023,%Q,Q1
BK04871,2023-02-14,2023-04-01,2023-04-07,6,Presidential,384627,0,384627,2307762,Leisure,Individual Guest,Online Travel Agent,Completed,Nigerian,3,Corporate Account,Emeka Okonkwo,April,2023,%Q,Q2
BK04872,2023-09-15,2023-10-01,2023-10-03,2,Presidential,309754,15,263291,526582,Corporate,Zenith Bank,Direct,Completed,Nigerian,4,Credit Card,Chioma Eze,October,2023,%Q,Q4
BK04873,2023-02-13,2023-02-22,2023-03-05,11,Standard,56231,5,53419,587614,MICE,FAAN,Walk In,Confirmed,Nigerian,2,Corporate Account,Amaka Osei,February,2023,%Q,Q1
BK04874,2023-03-27,2023-04-09,2023-04-14,5,Suite,160392,15,136333,681666,Corporate,Unilever Nigeria,Direct,Confirmed,Kenyan,3,Bank Transfer,Chioma Eze,April,2023,%Q,Q2
BK04875,2023-06-19,2023-07-11,2023-07-17,6,Deluxe,73980,0,73980,443880,MICE,Conoil,Online Travel Agent,Completed,Nigerian,4,Bank Transfer,Tunde Adeyemi,July,2023,%Q,Q3
BK04876,2023-11-24,2023-11-26,2023-12-08,12,Presidential,330263,20,264210,3170525,Corporate,Total Energies,Direct,Completed,Nigerian,4,Bank Transfer,Direct Booking,November,2023,%Q,Q4
BK04877,2023-03-24,2023-05-12,2023-05-18,6,Deluxe,77693,0,77693,466158,Leisure,Individual Guest,Direct,Confirmed,Chinese,2,POS,Direct Booking,May,2023,%Q,Q2
BK04878,2024-06-28,2024-08-27,2024-08-29,2,Suite,170632,5,162100,0,Corporate,Unilever Nigeria,Corporate Agreement,Cancelled,British,2,Bank Transfer,Direct Booking,August,2024,%Q,Q3
BK04879,2024-05-15,2024-06-12,2024-06-21,9,Suite,168036,0,168036,1512324,Corporate,Flour Mills Nigeria,Travel Agent,Completed,Nigerian,3,Cash,Tunde Adeyemi,June,2024,%Q,Q2
BK04880,2023-05-06,2023-06-02,2023-06-09,7,Suite,162255,20,129804,908628,Corporate,PZ Cussons,Corporate Agreement,Completed,British,3,Corporate Account,Emeka Okonkwo,June,2023,%Q,Q2
BK04881,2023-03-04,2023-03-06,2023-03-08,2,Suite,124592,0,124592,249184,Airline Crew,Chevron Nigeria,Corporate Agreement,Completed,American,3,Credit Card,Emeka Okonkwo,March,2023,%Q,Q1
BK04882,2023-01-01,2023-01-20,2023-02-01,12,Executive,125850,5,119558,1434690,Leisure,Individual Guest,Corporate Agreement,Completed,Nigerian,1,Bank Transfer,Fatima Bello,January,2023,%Q,Q1
BK04883,2023-01-01,2023-01-04,2023-01-13,9,Deluxe,78239,0,78239,704151,Airline Crew,Guinness Nigeria,Direct,Completed,American,1,Credit Card,Tunde Adeyemi,January,2023,%Q,Q1
BK04884,2024-03-30,2024-04-10,2024-04-20,10,Standard,63413,0,63413,634130,Corporate,PZ Cussons,Online Travel Agent,Completed,Ghanaian,1,Credit Card,Emeka Okonkwo,April,2024,%Q,Q2
BK04885,2024-02-03,2024-04-01,2024-04-15,14,Deluxe,89321,10,80389,1125445,MICE,Airtel Nigeria,Corporate Agreement,Completed,Nigerian,4,Bank Transfer,Emeka Okonkwo,April,2024,%Q,Q2
BK04886,2024-03-02,2024-03-09,2024-03-22,13,Standard,45652,5,43369,563802,Leisure,Individual Guest,Direct,Confirmed,Nigerian,4,Credit Card,Fatima Bello,March,2024,%Q,Q1
BK04887,2024-03-23,2024-05-10,2024-05-14,4,Executive,96352,0,96352,0,MICE,Federal Ministry of Works,Travel Agent,Cancelled,Nigerian,3,POS,Fatima Bello,May,2024,%Q,Q2
BK04888,2023-12-23,2024-02-05,2024-02-12,7,Executive,127324,0,127324,891268,Leisure,Individual Guest,Online Travel Agent,Completed,Nigerian,1,Bank Transfer,Direct Booking,February,2024,%Q,Q1
BK04889,2023-01-12,2023-02-19,2023-03-02,11,Standard,62969,10,56672,623393,Corporate,Federal Ministry of Works,Direct,Completed,Nigerian,1,POS,Direct Booking,February,2023,%Q,Q1
BK04890,2023-11-17,2024-01-15,2024-01-22,7,Suite,140422,0,140422,982954,MICE,UBA Group,Travel Agent,Completed,Nigerian,4,Bank Transfer,Emeka Okonkwo,January,2024,%Q,Q1
BK04891,2023-12-03,2024-01-16,2024-01-17,1,Deluxe,89537,10,80583,80583,Group,Individual Guest,Corporate Agreement,Completed,Nigerian,1,Bank Transfer,Emeka Okonkwo,January,2024,%Q,Q1
BK04892,2023-02-25,2023-04-23,2023-05-05,12,Suite,160062,15,136053,1632632,Government,Lafarge Africa,Online Travel Agent,Completed,British,1,Credit Card,Tunde Adeyemi,April,2023,%Q,Q2
BK04893,2024-02-22,2024-03-29,2024-04-03,5,Standard,48896,0,48896,244480,MICE,NNPC,Online Travel Agent,Completed,Indian,3,Bank Transfer,Direct Booking,March,2024,%Q,Q1
BK04894,2024-04-09,2024-05-20,2024-05-26,6,Deluxe,94176,10,84758,508550,Government,Glo Mobile,Online Travel Agent,Completed,Chinese,3,Credit Card,Tunde Adeyemi,May,2024,%Q,Q2
BK04895,2024-05-14,2024-07-05,2024-07-09,4,Presidential,353196,15,300217,1200866,Corporate,Julius Berger,Direct,Completed,Nigerian,4,POS,Chioma Eze,July,2024,%Q,Q3
BK04896,2023-12-05,2024-01-04,2024-01-11,7,Suite,175930,5,167134,1169934,Corporate,Airtel Nigeria,Travel Agent,Completed,Nigerian,3,Corporate Account,Direct Booking,January,2024,%Q,Q1
BK04897,2024-08-04,2024-09-04,2024-09-07,3,Standard,61977,20,49582,148745,Corporate,Dangote Group,Direct,Completed,Ghanaian,4,Credit Card,Amaka Osei,September,2024,%Q,Q3
BK04898,2023-04-02,2023-04-02,2023-04-16,14,Standard,45100,15,38335,536690,Corporate,Shell Nigeria,Direct,Completed,Nigerian,1,Cash,Tunde Adeyemi,April,2023,%Q,Q2
BK04899,2023-01-01,2023-01-10,2023-01-20,10,Presidential,256445,5,243623,2436228,Leisure,Individual Guest,Corporate Agreement,Completed,Nigerian,4,Bank Transfer,Chioma Eze,January,2023,%Q,Q1
BK04900,2023-03-27,2023-03-28,2023-04-07,10,Executive,120968,0,120968,1209680,Corporate,FBN Holdings,Direct,Completed,Nigerian,4,Cash,Fatima Bello,March,2023,%Q,Q1
BK04901,2024-03-11,2024-03-20,2024-03-31,11,Deluxe,92592,10,83333,916661,Corporate,Oando PLC,Travel Agent,Completed,Nigerian,3,Bank Transfer,Amaka Osei,March,2024,%Q,Q1
BK04902,2024-09-01,2024-10-25,2024-11-07,13,Standard,50550,0,50550,657150,Group,Individual Guest,Travel Agent,Confirmed,Nigerian,3,Corporate Account,Chioma Eze,October,2024,%Q,Q4
BK04903,2024-06-25,2024-08-21,2024-08-24,3,Standard,62380,0,62380,187140,Leisure,Individual Guest,Online Travel Agent,Completed,Nigerian,2,POS,Chioma Eze,August,2024,%Q,Q3
BK04904,2024-10-18,2024-11-15,2024-11-25,10,Suite,143086,0,143086,1430860,Corporate,Zenith Bank,Direct,Completed,Nigerian,4,Corporate Account,Fatima Bello,November,2024,%Q,Q4
BK04905,2024-09-27,2024-10-16,2024-10-21,5,Suite,134670,10,121203,606015,Group,Individual Guest,Corporate Agreement,Completed,South African,1,Corporate Account,Tunde Adeyemi,October,2024,%Q,Q4
BK04906,2023-02-12,2023-03-05,2023-03-14,9,Executive,117246,10,105521,949693,Corporate,Oando PLC,Online Travel Agent,Completed,South African,2,POS,Amaka Osei,March,2023,%Q,Q1
BK04907,2023-05-29,2023-07-04,2023-07-16,12,Standard,45426,15,38612,463345,Corporate,Chevron Nigeria,Online Travel Agent,Completed,Ghanaian,3,Credit Card,Tunde Adeyemi,July,2023,%Q,Q3
BK04908,2024-10-16,2024-11-05,2024-11-07,2,Standard,50231,0,50231,100462,Corporate,NNPC,Corporate Agreement,Completed,Ghanaian,1,Corporate Account,Fatima Bello,November,2024,%Q,Q4
BK04909,2023-01-01,2023-01-21,2023-01-28,7,Executive,115797,5,110007,770050,Leisure,Individual Guest,Online Travel Agent,Completed,Nigerian,3,Credit Card,Chioma Eze,January,2023,%Q,Q1
BK04910,2023-12-28,2024-01-05,2024-01-14,9,Presidential,307287,0,307287,2765583,Leisure,Individual Guest,Corporate Agreement,Completed,French,3,Cash,Direct Booking,January,2024,%Q,Q1
BK04911,2023-01-05,2023-01-19,2023-01-31,12,Presidential,394319,10,354887,4258645,Leisure,Individual Guest,Walk In,Completed,South African,1,Corporate Account,Emeka Okonkwo,January,2023,%Q,Q1
BK04912,2023-04-15,2023-05-03,2023-05-08,5,Presidential,389213,10,350292,1751458,Leisure,Individual Guest,Corporate Agreement,Confirmed,Nigerian,2,Credit Card,Chioma Eze,May,2023,%Q,Q2
BK04913,2024-11-02,2024-12-27,2024-12-31,4,Standard,56290,0,56290,0,Group,Individual Guest,Online Travel Agent,Cancelled,Nigerian,1,Bank Transfer,Fatima Bello,December,2024,%Q,Q4
BK04914,2024-11-09,2024-12-23,2025-01-01,9,Executive,128841,0,128841,1159569,Leisure,Individual Guest,Online Travel Agent,Confirmed,Nigerian,2,Credit Card,Direct Booking,December,2024,%Q,Q4
BK04915,2023-11-12,2023-11-23,2023-11-25,2,Presidential,388363,10,349527,699053,Corporate,Flour Mills Nigeria,Travel Agent,Completed,Nigerian,1,Corporate Account,Tunde Adeyemi,November,2023,%Q,Q4
BK04916,2024-09-10,2024-10-28,2024-11-05,8,Suite,129483,20,103586,828691,Government,Air Peace,Walk In,Completed,Nigerian,2,Bank Transfer,Tunde Adeyemi,October,2024,%Q,Q4
BK04917,2023-11-18,2023-12-31,2024-01-14,14,Standard,46818,0,46818,655452,Leisure,Individual Guest,Online Travel Agent,Completed,Nigerian,3,Bank Transfer,Amaka Osei,December,2023,%Q,Q4
BK04918,2023-10-04,2023-11-23,2023-12-01,8,Executive,98909,0,98909,791272,Group,Individual Guest,Online Travel Agent,Completed,Nigerian,3,Bank Transfer,Emeka Okonkwo,November,2023,%Q,Q4
BK04919,2023-08-31,2023-09-17,2023-09-25,8,Standard,56674,0,56674,453392,MICE,Access Bank,Corporate Agreement,Completed,Nigerian,4,Corporate Account,Chioma Eze,September,2023,%Q,Q3
BK04920,2024-09-16,2024-10-18,2024-10-23,5,Deluxe,92919,10,83627,418136,Corporate,PZ Cussons,Online Travel Agent,Completed,Nigerian,4,Credit Card,Fatima Bello,October,2024,%Q,Q4
BK04921,2024-05-10,2024-05-22,2024-05-30,8,Standard,57675,10,51908,415260,Corporate,Lagos State Government,Online Travel Agent,Confirmed,Nigerian,4,POS,Amaka Osei,May,2024,%Q,Q2
BK04922,2023-01-24,2023-01-27,2023-02-08,12,Standard,64273,5,61059,732712,Corporate,Federal Ministry of Works,Travel Agent,Completed,French,4,Cash,Direct Booking,January,2023,%Q,Q1
BK04923,2024-03-17,2024-04-01,2024-04-10,9,Presidential,374221,0,374221,3367989,Leisure,Individual Guest,Direct,Completed,Nigerian,1,Corporate Account,Chioma Eze,April,2024,%Q,Q2
BK04924,2023-10-24,2023-12-19,2023-12-21,2,Deluxe,84801,10,76321,152642,Corporate,MTN Nigeria,Online Travel Agent,Completed,South African,4,Cash,Emeka Okonkwo,December,2023,%Q,Q4
BK04925,2023-06-21,2023-07-05,2023-07-15,10,Executive,126370,0,126370,0,Leisure,Individual Guest,Online Travel Agent,Cancelled,Nigerian,1,Cash,Direct Booking,July,2023,%Q,Q3
BK04926,2023-09-30,2023-11-09,2023-11-19,10,Presidential,314697,0,314697,3146970,Group,Individual Guest,Online Travel Agent,Completed,Nigerian,2,Cash,Direct Booking,November,2023,%Q,Q4
BK04927,2024-10-10,2024-12-03,2024-12-04,1,Presidential,318682,10,286814,286814,Leisure,Individual Guest,Travel Agent,Completed,Nigerian,2,Cash,Emeka Okonkwo,December,2024,%Q,Q4
BK04928,2024-09-24,2024-11-08,2024-11-21,13,Standard,47230,10,42507,552591,Government,Oando PLC,Corporate Agreement,Completed,British,3,Bank Transfer,Emeka Okonkwo,November,2024,%Q,Q4
BK04929,2024-05-17,2024-06-07,2024-06-16,9,Deluxe,87021,0,87021,783189,Leisure,Individual Guest,Online Travel Agent,Completed,American,3,Cash,Tunde Adeyemi,June,2024,%Q,Q2
BK04930,2023-01-01,2023-01-26,2023-01-29,3,Presidential,372198,10,334978,1004935,Government,PZ Cussons,Online Travel Agent,Completed,Kenyan,1,Cash,Tunde Adeyemi,January,2023,%Q,Q1
BK04931,2024-09-06,2024-09-22,2024-10-05,13,Presidential,251942,20,201554,2620197,Corporate,NNPC,Online Travel Agent,Completed,American,1,POS,Direct Booking,September,2024,%Q,Q3
BK04932,2024-12-05,2024-12-30,2025-01-07,8,Deluxe,78353,15,66600,532800,Government,Total Energies,Online Travel Agent,Completed,Ghanaian,3,Bank Transfer,Amaka Osei,December,2024,%Q,Q4
BK04933,2024-07-05,2024-07-17,2024-07-25,8,Executive,100575,15,85489,683910,Corporate,Federal Ministry of Works,Travel Agent,Confirmed,Nigerian,2,Corporate Account,Direct Booking,July,2024,%Q,Q3
BK04934,2024-04-25,2024-04-30,2024-05-14,14,Deluxe,94315,10,84884,1188369,Leisure,Individual Guest,Direct,Completed,Nigerian,1,Credit Card,Direct Booking,April,2024,%Q,Q2
BK04935,2024-12-01,2024-12-08,2024-12-22,14,Executive,122863,5,116720,1634078,Leisure,Individual Guest,Direct,Completed,Nigerian,4,Corporate Account,Direct Booking,December,2024,%Q,Q4
BK04936,2023-12-10,2024-02-07,2024-02-10,3,Standard,61456,15,52238,156713,Corporate,GTCO,Walk In,Completed,British,4,Cash,Tunde Adeyemi,February,2024,%Q,Q1
BK04937,2024-10-02,2024-10-29,2024-11-07,9,Executive,97779,5,92890,836010,Airline Crew,Oando PLC,Travel Agent,Confirmed,Nigerian,3,POS,Chioma Eze,October,2024,%Q,Q4
BK04938,2024-08-26,2024-09-16,2024-09-19,3,Executive,119287,10,107358,0,Group,Individual Guest,Online Travel Agent,Cancelled,Nigerian,1,Bank Transfer,Fatima Bello,September,2024,%Q,Q3
BK04939,2023-05-26,2023-07-13,2023-07-18,5,Standard,52297,0,52297,0,MICE,PZ Cussons,Direct,No Show,German,1,Bank Transfer,Emeka Okonkwo,July,2023,%Q,Q3
BK04940,2023-11-08,2023-11-19,2023-11-28,9,Deluxe,72169,0,72169,649521,Leisure,Individual Guest,Online Travel Agent,Completed,Nigerian,4,Bank Transfer,Fatima Bello,November,2023,%Q,Q4
BK04941,2024-02-20,2024-03-21,2024-03-29,8,Executive,107938,10,97144,0,MICE,Unilever Nigeria,Travel Agent,Cancelled,Nigerian,2,Cash,Chioma Eze,March,2024,%Q,Q1
BK04942,2023-06-26,2023-07-21,2023-07-25,4,Suite,130574,0,130574,522296,Corporate,MTN Nigeria,Walk In,Completed,Nigerian,1,Credit Card,Direct Booking,July,2023,%Q,Q3
BK04943,2023-03-23,2023-04-13,2023-04-16,3,Suite,165751,10,149176,447528,Leisure,Individual Guest,Travel Agent,Completed,Nigerian,3,POS,Fatima Bello,April,2023,%Q,Q2
BK04944,2024-04-02,2024-04-04,2024-04-12,8,Deluxe,73122,10,65810,526478,Group,Individual Guest,Online Travel Agent,Completed,Nigerian,3,Credit Card,Direct Booking,April,2024,%Q,Q2
BK04945,2023-07-18,2023-07-20,2023-07-23,3,Standard,53708,10,48337,145012,MICE,Lafarge Africa,Online Travel Agent,Completed,Ghanaian,4,Corporate Account,Tunde Adeyemi,July,2023,%Q,Q3
BK04946,2024-04-24,2024-06-06,2024-06-15,9,Deluxe,84317,10,75885,0,Leisure,Individual Guest,Corporate Agreement,No Show,Ghanaian,3,Cash,Direct Booking,June,2024,%Q,Q2
BK04947,2024-06-02,2024-06-03,2024-06-05,2,Executive,107713,0,107713,215426,MICE,Federal Ministry of Works,Travel Agent,Completed,British,4,Bank Transfer,Direct Booking,June,2024,%Q,Q2
BK04948,2023-08-15,2023-10-09,2023-10-12,3,Presidential,327208,5,310848,932543,Corporate,Nestle Nigeria,Direct,Completed,Ghanaian,3,Corporate Account,Chioma Eze,October,2023,%Q,Q4
BK04949,2024-08-30,2024-10-19,2024-11-01,13,Suite,123285,10,110956,1442434,Leisure,Individual Guest,Online Travel Agent,Completed,Nigerian,2,POS,Fatima Bello,October,2024,%Q,Q4
BK04950,2024-03-12,2024-05-06,2024-05-09,3,Standard,48093,0,48093,0,Corporate,Air Peace,Direct,Cancelled,British,1,Credit Card,Fatima Bello,May,2024,%Q,Q2
BK04951,2023-11-25,2024-01-13,2024-01-14,1,Suite,160742,5,152705,152705,Corporate,GTCO,Online Travel Agent,Completed,Nigerian,1,Corporate Account,Amaka Osei,January,2024,%Q,Q1
BK04952,2023-01-01,2023-02-09,2023-02-14,5,Standard,45200,0,45200,226000,MICE,Airtel Nigeria,Corporate Agreement,Completed,Kenyan,1,Bank Transfer,Fatima Bello,February,2023,%Q,Q1
BK04953,2023-03-08,2023-05-02,2023-05-16,14,Suite,133842,10,120458,1686409,Government,Federal Ministry of Works,Online Travel Agent,Confirmed,Nigerian,1,Bank Transfer,Tunde Adeyemi,May,2023,%Q,Q2
BK04954,2023-11-13,2023-12-19,2023-12-24,5,Suite,160596,10,144536,722682,Group,Individual Guest,Corporate Agreement,Completed,British,1,Corporate Account,Direct Booking,December,2023,%Q,Q4
BK04955,2023-11-29,2024-01-24,2024-02-07,14,Presidential,262371,10,236134,3305875,Group,Individual Guest,Online Travel Agent,Confirmed,Nigerian,3,Corporate Account,Direct Booking,January,2024,%Q,Q1
BK04956,2023-03-15,2023-05-12,2023-05-13,1,Suite,157614,20,126091,126091,Corporate,Lafarge Africa,Direct,Completed,British,4,Bank Transfer,Amaka Osei,May,2023,%Q,Q2
BK04957,2023-01-01,2023-01-14,2023-01-16,2,Standard,56151,15,47728,95457,Government,Lafarge Africa,Online Travel Agent,Completed,British,3,Credit Card,Chioma Eze,January,2023,%Q,Q1
BK04958,2024-09-26,2024-10-08,2024-10-22,14,Suite,178645,0,178645,0,Group,Individual Guest,Direct,Cancelled,Kenyan,1,Bank Transfer,Emeka Okonkwo,October,2024,%Q,Q4
BK04959,2023-07-09,2023-07-21,2023-07-27,6,Standard,56757,10,51081,306488,Corporate,9mobile,Corporate Agreement,Completed,Chinese,1,POS,Direct Booking,July,2023,%Q,Q3
BK04960,2024-08-31,2024-09-02,2024-09-10,8,Suite,146987,5,139638,1117101,Corporate,Glo Mobile,Walk In,Completed,Nigerian,2,POS,Emeka Okonkwo,September,2024,%Q,Q3
BK04961,2023-08-25,2023-10-17,2023-10-18,1,Suite,178475,0,178475,178475,MICE,Seplat Energy,Corporate Agreement,Completed,South African,2,Bank Transfer,Amaka Osei,October,2023,%Q,Q4
BK04962,2023-07-17,2023-07-23,2023-08-02,10,Standard,52682,0,52682,526820,Leisure,Individual Guest,Direct,Completed,Nigerian,4,Corporate Account,Emeka Okonkwo,July,2023,%Q,Q3
BK04963,2024-08-19,2024-10-01,2024-10-15,14,Suite,130169,5,123661,1731248,Corporate,Glo Mobile,Travel Agent,Completed,Nigerian,3,Bank Transfer,Direct Booking,October,2024,%Q,Q4
BK04964,2024-09-03,2024-09-12,2024-09-17,5,Presidential,253672,20,202938,1014688,Corporate,Shell Nigeria,Walk In,Completed,Nigerian,4,Cash,Direct Booking,September,2024,%Q,Q3
BK04965,2023-06-09,2023-07-24,2023-08-03,10,Presidential,261818,20,209454,0,Corporate,Air Peace,Online Travel Agent,Cancelled,South African,3,Bank Transfer,Tunde Adeyemi,July,2023,%Q,Q3
BK04966,2024-06-16,2024-07-22,2024-07-29,7,Suite,154036,0,154036,1078252,Leisure,Individual Guest,Online Travel Agent,Completed,Nigerian,2,Bank Transfer,Fatima Bello,July,2024,%Q,Q3
BK04967,2023-01-01,2023-01-23,2023-02-04,12,Suite,165309,0,165309,1983708,Group,Individual Guest,Direct,Completed,Nigerian,1,POS,Amaka Osei,January,2023,%Q,Q1
BK04968,2024-11-13,2024-12-28,2025-01-11,14,Executive,99912,0,99912,1398768,Leisure,Individual Guest,Direct,Confirmed,Nigerian,1,Cash,Chioma Eze,December,2024,%Q,Q4
BK04969,2024-10-18,2024-11-29,2024-12-03,4,Suite,153183,10,137865,551459,Government,MTN Nigeria,Corporate Agreement,Completed,American,3,Cash,Tunde Adeyemi,November,2024,%Q,Q4
BK04970,2024-11-23,2024-12-17,2024-12-27,10,Deluxe,80590,0,80590,805900,MICE,NNPC,Direct,Confirmed,Chinese,4,POS,Direct Booking,December,2024,%Q,Q4
BK04971,2023-03-03,2023-03-06,2023-03-20,14,Presidential,300005,0,300005,4200070,Group,Individual Guest,Direct,Confirmed,Nigerian,1,Corporate Account,Emeka Okonkwo,March,2023,%Q,Q1
BK04972,2023-03-21,2023-04-09,2023-04-23,14,Presidential,311389,5,295820,4141474,Corporate,Conoil,Corporate Agreement,Completed,Chinese,1,Corporate Account,Tunde Adeyemi,April,2023,%Q,Q2
BK04973,2023-03-16,2023-05-07,2023-05-14,7,Executive,114567,0,114567,801969,Leisure,Individual Guest,Travel Agent,Completed,Nigerian,2,Bank Transfer,Amaka Osei,May,2023,%Q,Q2
BK04974,2023-08-12,2023-08-13,2023-08-25,12,Standard,58754,0,58754,705048,Leisure,Individual Guest,Online Travel Agent,Completed,Nigerian,2,Corporate Account,Emeka Okonkwo,August,2023,%Q,Q3
BK04975,2023-06-30,2023-08-15,2023-08-24,9,Deluxe,82721,5,78585,707265,Leisure,Individual Guest,Direct,Confirmed,Nigerian,1,Credit Card,Tunde Adeyemi,August,2023,%Q,Q3
BK04976,2023-08-21,2023-09-28,2023-10-09,11,Standard,55282,10,49754,547292,Airline Crew,MTN Nigeria,Corporate Agreement,Completed,Nigerian,2,Cash,Direct Booking,September,2023,%Q,Q3
BK04977,2024-09-21,2024-10-18,2024-10-20,2,Presidential,310668,0,310668,621336,Leisure,Individual Guest,Online Travel Agent,Completed,Nigerian,4,POS,Amaka Osei,October,2024,%Q,Q4
BK04978,2024-02-24,2024-04-23,2024-04-28,5,Standard,46651,0,46651,233255,MICE,Nigerian Ports Authority,Walk In,Completed,French,1,Corporate Account,Direct Booking,April,2024,%Q,Q2
BK04979,2023-12-09,2023-12-14,2023-12-20,6,Presidential,331785,0,331785,1990710,Leisure,Individual Guest,Travel Agent,Completed,Nigerian,2,Cash,Emeka Okonkwo,December,2023,%Q,Q4
BK04980,2023-05-18,2023-05-24,2023-05-27,3,Executive,107992,5,102592,307777,Corporate,GTCO,Travel Agent,Confirmed,Nigerian,1,Credit Card,Direct Booking,May,2023,%Q,Q2
BK04981,2023-01-01,2023-01-24,2023-01-27,3,Standard,60039,0,60039,180117,Airline Crew,FAAN,Direct,Completed,British,2,Cash,Direct Booking,January,2023,%Q,Q1
BK04982,2023-10-26,2023-11-16,2023-11-27,11,Executive,128796,0,128796,1416756,MICE,PZ Cussons,Online Travel Agent,Confirmed,South African,3,Credit Card,Emeka Okonkwo,November,2023,%Q,Q4
BK04983,2023-03-01,2023-03-04,2023-03-08,4,Deluxe,79195,0,79195,316780,MICE,Guinness Nigeria,Direct,Confirmed,Nigerian,3,Corporate Account,Chioma Eze,March,2023,%Q,Q1
BK04984,2023-06-21,2023-07-09,2023-07-11,2,Deluxe,85236,0,85236,170472,Group,Individual Guest,Travel Agent,Completed,Nigerian,2,Cash,Chioma Eze,July,2023,%Q,Q3
BK04985,2024-05-03,2024-05-04,2024-05-12,8,Deluxe,84005,5,79805,638438,Corporate,GTCO,Online Travel Agent,Completed,Chinese,4,POS,Emeka Okonkwo,May,2024,%Q,Q2
BK04986,2023-11-14,2023-12-26,2024-01-02,7,Presidential,364304,10,327874,2295115,Group,Individual Guest,Direct,Completed,Nigerian,3,Corporate Account,Emeka Okonkwo,December,2023,%Q,Q4
BK04987,2024-09-01,2024-09-29,2024-10-06,7,Deluxe,92956,0,92956,650692,Leisure,Individual Guest,Direct,Completed,Nigerian,4,Bank Transfer,Amaka Osei,September,2024,%Q,Q3
BK04988,2023-02-23,2023-04-19,2023-04-29,10,Suite,152709,10,137438,1374381,Corporate,9mobile,Direct,Completed,Nigerian,1,Corporate Account,Tunde Adeyemi,April,2023,%Q,Q2
BK04989,2023-04-12,2023-05-26,2023-05-29,3,Suite,157350,0,157350,0,Group,Individual Guest,Corporate Agreement,No Show,Nigerian,3,Bank Transfer,Fatima Bello,May,2023,%Q,Q2
BK04990,2023-07-11,2023-08-06,2023-08-08,2,Standard,59135,5,56178,112356,Airline Crew,Transcorp Hotels,Online Travel Agent,Completed,Kenyan,1,Corporate Account,Fatima Bello,August,2023,%Q,Q3
BK04991,2023-03-21,2023-04-28,2023-04-30,2,Presidential,336639,10,302975,605950,Government,Unilever Nigeria,Online Travel Agent,Confirmed,French,1,Credit Card,Tunde Adeyemi,April,2023,%Q,Q2
BK04992,2024-05-01,2024-05-21,2024-05-23,2,Suite,153802,10,138422,0,Leisure,Individual Guest,Online Travel Agent,Cancelled,Nigerian,3,Cash,Tunde Adeyemi,May,2024,%Q,Q2
BK04993,2024-06-16,2024-07-04,2024-07-16,12,Executive,108532,0,108532,1302384,Leisure,Individual Guest,Online Travel Agent,Completed,British,1,Bank Transfer,Chioma Eze,July,2024,%Q,Q3
BK04994,2024-09-24,2024-10-23,2024-11-04,12,Standard,47211,15,40129,481552,Government,Honeywell Group,Corporate Agreement,Completed,Nigerian,4,Credit Card,Amaka Osei,October,2024,%Q,Q4
BK04995,2024-05-20,2024-06-05,2024-06-15,10,Deluxe,79049,10,71144,711441,Corporate,Guinness Nigeria,Travel Agent,Completed,Nigerian,3,Bank Transfer,Emeka Okonkwo,June,2024,%Q,Q2
BK04996,2024-06-10,2024-07-05,2024-07-18,13,Executive,102649,10,92384,1200993,Corporate,Zenith Bank,Online Travel Agent,Completed,South African,2,Corporate Account,Direct Booking,July,2024,%Q,Q3
BK04997,2024-03-14,2024-04-01,2024-04-09,8,Presidential,359476,0,359476,2875808,Leisure,Individual Guest,Direct,Completed,American,2,Credit Card,Emeka Okonkwo,April,2024,%Q,Q2
BK04998,2024-08-25,2024-10-17,2024-10-26,9,Presidential,277408,10,249667,2247005,Corporate,Honeywell Group,Direct,Completed,Ghanaian,3,Cash,Chioma Eze,October,2024,%Q,Q4
BK04999,2024-10-01,2024-11-08,2024-11-16,8,Executive,96959,0,96959,775672,Group,Individual Guest,Corporate Agreement,Completed,Nigerian,3,Bank Transfer,Emeka Okonkwo,November,2024,%Q,Q4
BK05000,2023-12-11,2023-12-12,2023-12-16,4,Standard,47334,10,42601,170402,Leisure,Individual Guest,Walk In,Confirmed,Nigerian,3,Credit Card,Emeka Okonkwo,December,2023,%Q,Q4
BK05001,2023-05-20,2023-06-29,2023-07-01,2,Deluxe,88831,0,88831,177662,Group,Individual Guest,Online Travel Agent,Completed,Nigerian,3,Cash,Amaka Osei,June,2023,%Q,Q2
BK05002,2024-10-13,2024-10-23,2024-11-03,11,Suite,175788,0,175788,1933668,MICE,Honeywell Group,Corporate Agreement,Completed,Nigerian,4,Credit Card,Chioma Eze,October,2024,%Q,Q4
BK05003,2023-04-14,2023-06-09,2023-06-22,13,Suite,134157,0,134157,0,Leisure,Individual Guest,Corporate Agreement,Cancelled,South African,2,Credit Card,Amaka Osei,June,2023,%Q,Q2
BK05004,2023-10-09,2023-10-09,2023-10-11,2,Executive,114173,20,91338,182677,Government,Lagos State Government,Direct,Confirmed,Nigerian,1,Bank Transfer,Direct Booking,October,2023,%Q,Q4
BK05005,2023-09-14,2023-10-13,2023-10-22,9,Executive,98086,0,98086,882774,Group,Individual Guest,Direct,Completed,Nigerian,2,Bank Transfer,Amaka Osei,October,2023,%Q,Q4
BK05006,2023-03-26,2023-05-01,2023-05-13,12,Suite,145540,0,145540,1746480,Group,Individual Guest,Direct,Completed,Nigerian,4,Bank Transfer,Chioma Eze,May,2023,%Q,Q2
BK05007,2023-01-01,2023-02-12,2023-02-19,7,Presidential,351782,15,299015,2093103,Government,Unilever Nigeria,Travel Agent,Completed,Nigerian,3,POS,Fatima Bello,February,2023,%Q,Q1
BK05008,2024-11-08,2024-11-16,2024-11-22,6,Deluxe,83006,20,66405,398429,Corporate,Flour Mills Nigeria,Walk In,Confirmed,Nigerian,1,Credit Card,Amaka Osei,November,2024,%Q,Q4
BK05009,2024-07-06,2024-08-06,2024-08-13,7,Executive,97234,10,87511,612574,Corporate,Federal Ministry of Works,Walk In,Confirmed,Nigerian,4,Bank Transfer,Chioma Eze,August,2024,%Q,Q3
BK05010,2023-04-14,2023-05-08,2023-05-18,10,Executive,106719,15,90711,907112,Government,Federal Ministry of Works,Online Travel Agent,Confirmed,Nigerian,2,Cash,Amaka Osei,May,2023,%Q,Q2
BK05011,2023-06-30,2023-07-02,2023-07-05,3,Executive,98058,10,88252,264757,Government,Lafarge Africa,Corporate Agreement,Confirmed,Chinese,2,Credit Card,Emeka Okonkwo,July,2023,%Q,Q3
BK05012,2024-07-12,2024-07-28,2024-08-05,8,Presidential,337156,10,303440,2427523,Government,Julius Berger,Online Travel Agent,Completed,Nigerian,1,Corporate Account,Fatima Bello,July,2024,%Q,Q3
BK05013,2024-04-17,2024-05-12,2024-05-25,13,Executive,129720,0,129720,0,Leisure,Individual Guest,Online Travel Agent,Cancelled,Kenyan,1,Bank Transfer,Amaka Osei,May,2024,%Q,Q2
BK05014,2023-06-20,2023-07-31,2023-08-01,1,Suite,131280,0,131280,131280,Group,Individual Guest,Walk In,Completed,Nigerian,2,Credit Card,Chioma Eze,July,2023,%Q,Q3
BK05015,2024-03-31,2024-04-21,2024-04-29,8,Standard,53839,20,43071,344570,Corporate,Air Peace,Direct,Completed,Nigerian,4,POS,Chioma Eze,April,2024,%Q,Q2
BK05016,2023-09-12,2023-09-14,2023-09-21,7,Suite,175327,15,149028,1043196,Corporate,Chevron Nigeria,Online Travel Agent,Completed,South African,2,Cash,Chioma Eze,September,2023,%Q,Q3
BK05017,2024-08-10,2024-08-22,2024-08-26,4,Presidential,399633,10,359670,1438679,Leisure,Individual Guest,Travel Agent,Confirmed,Nigerian,4,Bank Transfer,Emeka Okonkwo,August,2024,%Q,Q3
BK05018,2023-01-06,2023-02-05,2023-02-10,5,Executive,99774,20,79819,399096,Corporate,NNPC,Corporate Agreement,Completed,German,1,Cash,Chioma Eze,February,2023,%Q,Q1
BK05019,2023-01-01,2023-02-15,2023-02-28,13,Suite,133002,0,133002,1729026,Leisure,Individual Guest,Direct,Completed,American,3,Bank Transfer,Emeka Okonkwo,February,2023,%Q,Q1
BK05020,2023-07-04,2023-07-30,2023-08-05,6,Deluxe,77787,15,66119,396714,Government,Total Energies,Direct,Completed,American,1,Corporate Account,Chioma Eze,July,2023,%Q,Q3
BK05021,2024-05-08,2024-07-04,2024-07-17,13,Suite,177168,15,150593,1957706,Corporate,Conoil,Online Travel Agent,Completed,Nigerian,2,Credit Card,Tunde Adeyemi,July,2024,%Q,Q3
BK05022,2024-05-07,2024-05-11,2024-05-21,10,Standard,47521,10,42769,427689,MICE,Glo Mobile,Online Travel Agent,Confirmed,American,2,Corporate Account,Direct Booking,May,2024,%Q,Q2
BK05023,2023-02-11,2023-03-21,2023-03-28,7,Suite,129149,0,129149,904043,MICE,Nestle Nigeria,Corporate Agreement,Completed,Chinese,3,POS,Tunde Adeyemi,March,2023,%Q,Q1
BK05024,2024-06-28,2024-07-19,2024-07-27,8,Executive,120576,15,102490,819917,Corporate,Lagos State Government,Online Travel Agent,Completed,Nigerian,2,Cash,Chioma Eze,July,2024,%Q,Q3
BK05025,2024-02-17,2024-03-19,2024-03-20,1,Presidential,396702,15,337197,337197,Corporate,UBA Group,Direct,Confirmed,Ghanaian,2,Corporate Account,Tunde Adeyemi,March,2024,%Q,Q1
BK05026,2024-09-20,2024-10-12,2024-10-14,2,Presidential,297843,10,268059,536117,MICE,Federal Ministry of Works,Online Travel Agent,Completed,Nigerian,4,Bank Transfer,Fatima Bello,October,2024,%Q,Q4
BK05027,2023-12-24,2024-01-14,2024-01-21,7,Deluxe,71666,0,71666,501662,Corporate,Total Energies,Online Travel Agent,Completed,Nigerian,4,Credit Card,Fatima Bello,January,2024,%Q,Q1
BK05028,2023-08-21,2023-10-15,2023-10-23,8,Standard,50091,0,50091,0,Leisure,Individual Guest,Direct,No Show,Ghanaian,1,Credit Card,Chioma Eze,October,2023,%Q,Q4
BK05029,2024-03-31,2024-04-28,2024-05-03,5,Deluxe,86345,10,77710,388552,MICE,Guinness Nigeria,Corporate Agreement,Completed,American,3,POS,Direct Booking,April,2024,%Q,Q2
BK05030,2023-11-22,2023-12-02,2023-12-07,5,Executive,122301,0,122301,611505,Group,Individual Guest,Direct,Confirmed,American,2,Corporate Account,Tunde Adeyemi,December,2023,%Q,Q4
BK05031,2023-10-01,2023-11-13,2023-11-14,1,Executive,106394,0,106394,106394,MICE,Access Bank,Corporate Agreement,Completed,Nigerian,4,Bank Transfer,Fatima Bello,November,2023,%Q,Q4
BK05032,2024-11-10,2024-11-11,2024-11-20,9,Presidential,382688,0,382688,3444192,MICE,Air Peace,Corporate Agreement,Completed,Nigerian,2,POS,Amaka Osei,November,2024,%Q,Q4
BK05033,2024-01-28,2024-02-08,2024-02-20,12,Executive,104607,5,99377,1192520,Airline Crew,GTCO,Direct,Completed,Nigerian,2,Cash,Fatima Bello,February,2024,%Q,Q1
BK05034,2024-03-25,2024-05-15,2024-05-19,4,Deluxe,92593,0,92593,370372,Group,Individual Guest,Direct,Completed,French,3,Cash,Amaka Osei,May,2024,%Q,Q2
BK05035,2023-05-27,2023-05-30,2023-06-05,6,Standard,57856,0,57856,347136,Group,Individual Guest,Travel Agent,Completed,Nigerian,3,Cash,Emeka Okonkwo,May,2023,%Q,Q2
BK05036,2023-02-15,2023-03-29,2023-04-10,12,Executive,117167,0,117167,1406004,MICE,Zenith Bank,Online Travel Agent,Completed,Nigerian,3,POS,Chioma Eze,March,2023,%Q,Q1
BK05037,2023-07-13,2023-08-19,2023-08-23,4,Executive,122924,5,116778,467111,MICE,MTN Nigeria,Walk In,Completed,Ghanaian,4,Credit Card,Chioma Eze,August,2023,%Q,Q3
BK05038,2023-11-05,2023-11-09,2023-11-17,8,Standard,61778,20,49422,395379,Corporate,Nestle Nigeria,Online Travel Agent,Completed,Nigerian,1,Bank Transfer,Fatima Bello,November,2023,%Q,Q4
BK05039,2023-09-06,2023-09-27,2023-10-04,7,Suite,176385,15,149927,1049491,Corporate,Federal Ministry of Works,Online Travel Agent,Completed,American,1,Cash,Fatima Bello,September,2023,%Q,Q3
BK05040,2024-02-19,2024-04-14,2024-04-26,12,Executive,118636,10,106772,1281269,Leisure,Individual Guest,Travel Agent,Completed,Nigerian,4,Corporate Account,Fatima Bello,April,2024,%Q,Q2
BK05041,2024-03-26,2024-03-29,2024-04-05,7,Deluxe,74519,5,70793,495551,Corporate,FBN Holdings,Corporate Agreement,Completed,British,3,Bank Transfer,Chioma Eze,March,2024,%Q,Q1
BK05042,2024-04-06,2024-04-06,2024-04-17,11,Suite,132917,10,119625,1315878,Government,Flour Mills Nigeria,Direct,Completed,Nigerian,4,Credit Card,Emeka Okonkwo,April,2024,%Q,Q2
BK05043,2023-04-04,2023-05-03,2023-05-11,8,Executive,112798,0,112798,902384,Group,Individual Guest,Direct,Completed,Nigerian,2,Cash,Tunde Adeyemi,May,2023,%Q,Q2
BK05044,2024-07-28,2024-08-27,2024-09-10,14,Deluxe,86816,0,86816,1215424,Corporate,Air Peace,Direct,Completed,Nigerian,1,Cash,Emeka Okonkwo,August,2024,%Q,Q3
BK05045,2024-10-02,2024-11-08,2024-11-11,3,Suite,155418,10,139876,419629,Corporate,Airtel Nigeria,Corporate Agreement,Confirmed,Nigerian,1,Bank Transfer,Emeka Okonkwo,November,2024,%Q,Q4
BK05046,2023-10-02,2023-11-18,2023-11-22,4,Suite,125739,0,125739,502956,Airline Crew,Airtel Nigeria,Corporate Agreement,Completed,German,2,Cash,Direct Booking,November,2023,%Q,Q4
BK05047,2024-12-10,2024-12-14,2024-12-22,8,Presidential,266910,20,213528,0,Government,FAAN,Travel Agent,No Show,South African,1,Corporate Account,Chioma Eze,December,2024,%Q,Q4
BK05048,2023-12-18,2024-01-03,2024-01-17,14,Deluxe,77966,20,62373,873219,Government,Chevron Nigeria,Direct,Completed,Ghanaian,2,POS,Fatima Bello,January,2024,%Q,Q1
BK05049,2024-11-19,2024-11-21,2024-11-24,3,Executive,103713,10,93342,280025,Leisure,Individual Guest,Walk In,Completed,Nigerian,2,Bank Transfer,Fatima Bello,November,2024,%Q,Q4
BK05050,2023-10-09,2023-11-07,2023-11-13,6,Standard,63240,5,60078,360468,Leisure,Individual Guest,Walk In,Completed,South African,1,POS,Direct Booking,November,2023,%Q,Q4
BK05051,2023-05-01,2023-06-30,2023-07-06,6,Suite,159119,0,159119,954714,Group,Individual Guest,Online Travel Agent,Confirmed,Nigerian,1,Cash,Emeka Okonkwo,June,2023,%Q,Q2
BK05052,2023-07-15,2023-08-11,2023-08-20,9,Standard,52308,0,52308,470772,Leisure,Individual Guest,Travel Agent,Completed,Nigerian,1,Corporate Account,Amaka Osei,August,2023,%Q,Q3
BK05053,2023-09-23,2023-10-07,2023-10-11,4,Executive,96300,5,91485,365940,Leisure,Individual Guest,Corporate Agreement,Completed,Nigerian,2,Bank Transfer,Emeka Okonkwo,October,2023,%Q,Q4
BK05054,2024-11-18,2024-12-18,2024-12-23,5,Standard,58684,5,55750,278749,Group,Individual Guest,Online Travel Agent,Completed,Nigerian,1,Credit Card,Amaka Osei,December,2024,%Q,Q4
BK05055,2024-05-07,2024-06-25,2024-07-09,14,Presidential,329318,0,329318,4610452,MICE,FAAN,Online Travel Agent,Completed,German,2,Corporate Account,Emeka Okonkwo,June,2024,%Q,Q2
BK05056,2023-09-02,2023-10-07,2023-10-09,2,Executive,106121,0,106121,212242,Group,Individual Guest,Travel Agent,Confirmed,Nigerian,4,Corporate Account,Emeka Okonkwo,October,2023,%Q,Q4
BK05057,2024-11-13,2024-12-07,2024-12-16,9,Suite,152204,0,152204,1369836,Airline Crew,MTN Nigeria,Travel Agent,Completed,British,3,Cash,Tunde Adeyemi,December,2024,%Q,Q4
BK05058,2023-04-13,2023-05-04,2023-05-12,8,Suite,172380,0,172380,1379040,Corporate,Lagos State Government,Online Travel Agent,Completed,Nigerian,3,POS,Tunde Adeyemi,May,2023,%Q,Q2
BK05059,2023-06-27,2023-08-21,2023-08-31,10,Executive,103237,0,103237,1032370,MICE,Transcorp Hotels,Online Travel Agent,Completed,Nigerian,3,Bank Transfer,Fatima Bello,August,2023,%Q,Q3
BK05060,2023-08-31,2023-09-22,2023-09-25,3,Standard,56555,10,50900,152698,Leisure,Individual Guest,Corporate Agreement,Completed,Nigerian,2,Cash,Chioma Eze,September,2023,%Q,Q3
BK05061,2024-06-07,2024-06-19,2024-06-22,3,Standard,51885,20,41508,124524,Corporate,NNPC,Direct,Completed,Ghanaian,3,Credit Card,Chioma Eze,June,2024,%Q,Q2
BK05062,2024-11-05,2024-12-17,2024-12-28,11,Suite,160474,10,144427,1588693,Leisure,Individual Guest,Online Travel Agent,Completed,South African,3,Credit Card,Emeka Okonkwo,December,2024,%Q,Q4
BK05063,2023-12-17,2024-02-06,2024-02-18,12,Presidential,288805,0,288805,0,Corporate,FBN Holdings,Corporate Agreement,Cancelled,Nigerian,4,Credit Card,Emeka Okonkwo,February,2024,%Q,Q1
BK05064,2023-01-28,2023-03-20,2023-03-28,8,Standard,59326,10,53393,0,Leisure,Individual Guest,Corporate Agreement,Cancelled,British,2,Cash,Chioma Eze,March,2023,%Q,Q1
BK05065,2023-08-13,2023-10-03,2023-10-09,6,Standard,58926,10,53033,318200,Group,Individual Guest,Online Travel Agent,Completed,South African,3,POS,Tunde Adeyemi,October,2023,%Q,Q4
BK05066,2024-01-08,2024-02-27,2024-03-02,4,Standard,64881,5,61637,246548,Leisure,Individual Guest,Direct,Completed,Nigerian,1,Cash,Direct Booking,February,2024,%Q,Q1
BK05067,2024-07-04,2024-08-17,2024-08-21,4,Presidential,328434,15,279169,1116676,Government,Access Bank,Corporate Agreement,Completed,Nigerian,3,Bank Transfer,Tunde Adeyemi,August,2024,%Q,Q3
BK05068,2023-09-20,2023-11-14,2023-11-26,12,Standard,63998,0,63998,767976,Leisure,Individual Guest,Direct,Completed,French,4,Cash,Fatima Bello,November,2023,%Q,Q4
BK05069,2023-02-02,2023-02-03,2023-02-08,5,Suite,130412,0,130412,652060,Group,Individual Guest,Corporate Agreement,Completed,Nigerian,3,Credit Card,Amaka Osei,February,2023,%Q,Q1
BK05070,2024-03-24,2024-04-17,2024-04-24,7,Deluxe,71638,5,68056,476393,Airline Crew,Seplat Energy,Corporate Agreement,Completed,Nigerian,1,Bank Transfer,Direct Booking,April,2024,%Q,Q2
BK05071,2024-11-29,2024-12-21,2025-01-01,11,Standard,54271,0,54271,596981,Corporate,Chevron Nigeria,Walk In,Completed,Nigerian,3,Bank Transfer,Emeka Okonkwo,December,2024,%Q,Q4
BK05072,2023-08-22,2023-10-06,2023-10-08,2,Standard,61352,20,49082,98163,Corporate,Shell Nigeria,Direct,Completed,British,2,Bank Transfer,Chioma Eze,October,2023,%Q,Q4
BK05073,2023-01-19,2023-01-30,2023-01-31,1,Presidential,343296,10,308966,308966,Corporate,Access Bank,Direct,Completed,American,1,Credit Card,Emeka Okonkwo,January,2023,%Q,Q1
BK05074,2024-01-07,2024-01-15,2024-01-21,6,Deluxe,85780,0,85780,514680,Leisure,Individual Guest,Direct,Completed,British,4,Cash,Emeka Okonkwo,January,2024,%Q,Q1
BK05075,2023-09-19,2023-11-17,2023-11-24,7,Presidential,324238,15,275602,0,Corporate,FAAN,Direct,No Show,Chinese,3,POS,Direct Booking,November,2023,%Q,Q4
BK05076,2023-11-11,2023-12-17,2023-12-19,2,Standard,51788,0,51788,103576,Group,Individual Guest,Travel Agent,Completed,British,2,Bank Transfer,Chioma Eze,December,2023,%Q,Q4
BK05077,2023-03-12,2023-05-01,2023-05-08,7,Standard,58290,0,58290,408030,Group,Individual Guest,Corporate Agreement,Completed,South African,2,Bank Transfer,Fatima Bello,May,2023,%Q,Q2
BK05078,2024-09-10,2024-10-16,2024-10-28,12,Deluxe,79524,15,67595,811145,Government,Unilever Nigeria,Corporate Agreement,Completed,South African,2,Credit Card,Direct Booking,October,2024,%Q,Q4
BK05079,2024-11-20,2024-12-04,2024-12-15,11,Standard,59872,0,59872,658592,Corporate,Shell Nigeria,Direct,Completed,Kenyan,4,Bank Transfer,Tunde Adeyemi,December,2024,%Q,Q4
BK05080,2024-03-08,2024-03-20,2024-03-31,11,Presidential,293243,0,293243,3225673,Airline Crew,Zenith Bank,Online Travel Agent,Completed,German,1,POS,Direct Booking,March,2024,%Q,Q1
BK05081,2024-09-17,2024-11-08,2024-11-21,13,Standard,62826,10,56543,0,MICE,Dangote Group,Travel Agent,Cancelled,French,4,Credit Card,Fatima Bello,November,2024,%Q,Q4
BK05082,2024-09-30,2024-11-27,2024-12-05,8,Standard,49601,0,49601,396808,MICE,9mobile,Travel Agent,Completed,Nigerian,3,Corporate Account,Chioma Eze,November,2024,%Q,Q4
BK05083,2024-09-10,2024-11-06,2024-11-08,2,Standard,64848,0,64848,0,Group,Individual Guest,Direct,Cancelled,South African,4,Credit Card,Direct Booking,November,2024,%Q,Q4
BK05084,2024-07-16,2024-08-29,2024-09-08,10,Executive,105652,5,100369,1003694,Corporate,Air Peace,Direct,Completed,American,1,Credit Card,Fatima Bello,August,2024,%Q,Q3
BK05085,2023-02-02,2023-03-14,2023-03-22,8,Suite,160831,15,136706,1093651,Corporate,Airtel Nigeria,Direct,Confirmed,British,3,Credit Card,Direct Booking,March,2023,%Q,Q1
BK05086,2023-03-26,2023-05-22,2023-05-31,9,Executive,110828,5,105287,0,Group,Individual Guest,Walk In,No Show,South African,4,Bank Transfer,Amaka Osei,May,2023,%Q,Q2
BK05087,2023-08-07,2023-08-20,2023-08-24,4,Presidential,298316,0,298316,1193264,Leisure,Individual Guest,Online Travel Agent,Completed,Nigerian,1,POS,Chioma Eze,August,2023,%Q,Q3
BK05088,2024-11-03,2024-12-09,2024-12-14,5,Executive,120638,0,120638,603190,Leisure,Individual Guest,Direct,Completed,Indian,3,POS,Chioma Eze,December,2024,%Q,Q4
BK05089,2023-07-02,2023-07-06,2023-07-07,1,Standard,48666,0,48666,48666,Airline Crew,Nigerian Ports Authority,Online Travel Agent,Completed,Nigerian,2,Corporate Account,Chioma Eze,July,2023,%Q,Q3
BK05090,2024-03-30,2024-04-02,2024-04-07,5,Suite,126871,0,126871,634355,MICE,Oando PLC,Direct,Confirmed,Nigerian,4,Corporate Account,Amaka Osei,April,2024,%Q,Q2
BK05091,2024-09-19,2024-09-22,2024-10-02,10,Deluxe,81285,0,81285,812850,MICE,PZ Cussons,Direct,Completed,German,3,Bank Transfer,Tunde Adeyemi,September,2024,%Q,Q3
BK05092,2023-01-14,2023-02-23,2023-02-27,4,Executive,103600,10,93240,372960,Leisure,Individual Guest,Walk In,Confirmed,French,2,Corporate Account,Fatima Bello,February,2023,%Q,Q1
BK05093,2023-10-24,2023-12-16,2023-12-30,14,Executive,116412,0,116412,0,Airline Crew,Unilever Nigeria,Direct,Cancelled,Nigerian,4,Corporate Account,Amaka Osei,December,2023,%Q,Q4
BK05094,2023-07-31,2023-08-01,2023-08-13,12,Deluxe,75189,5,71430,857155,Corporate,Oando PLC,Online Travel Agent,Completed,Nigerian,1,Credit Card,Fatima Bello,August,2023,%Q,Q3
BK05095,2024-04-19,2024-05-15,2024-05-20,5,Deluxe,73232,5,69570,347852,MICE,Lafarge Africa,Corporate Agreement,Completed,American,3,Credit Card,Fatima Bello,May,2024,%Q,Q2
BK05096,2023-12-15,2023-12-25,2024-01-01,7,Standard,64007,0,64007,448049,Airline Crew,Airtel Nigeria,Direct,Completed,French,3,Cash,Fatima Bello,December,2023,%Q,Q4
BK05097,2023-10-10,2023-11-02,2023-11-10,8,Deluxe,94936,5,90189,721514,Leisure,Individual Guest,Travel Agent,Completed,South African,3,Credit Card,Direct Booking,November,2023,%Q,Q4
BK05098,2023-09-25,2023-10-27,2023-11-09,13,Suite,155612,5,147831,1921808,Leisure,Individual Guest,Online Travel Agent,Completed,Nigerian,4,Cash,Chioma Eze,October,2023,%Q,Q4
BK05099,2023-01-01,2023-01-05,2023-01-11,6,Presidential,356648,0,356648,2139888,MICE,Dangote Group,Corporate Agreement,Completed,South African,3,Cash,Emeka Okonkwo,January,2023,%Q,Q1
BK05100,2023-03-06,2023-04-12,2023-04-18,6,Standard,55256,0,55256,331536,Group,Individual Guest,Travel Agent,Completed,Nigerian,3,Bank Transfer,Emeka Okonkwo,April,2023,%Q,Q2
BK05101,2024-02-15,2024-03-10,2024-03-15,5,Presidential,380945,0,380945,1904725,Group,Individual Guest,Corporate Agreement,Confirmed,Nigerian,4,Corporate Account,Chioma Eze,March,2024,%Q,Q1
BK05102,2024-11-16,2024-12-10,2024-12-21,11,Deluxe,86620,5,82289,905179,Group,Individual Guest,Direct,Completed,Nigerian,1,Cash,Direct Booking,December,2024,%Q,Q4
BK05103,2023-04-27,2023-05-26,2023-06-08,13,Suite,120003,0,120003,1560039,MICE,Chevron Nigeria,Corporate Agreement,Confirmed,Nigerian,2,Bank Transfer,Tunde Adeyemi,May,2023,%Q,Q2
BK05104,2024-07-17,2024-07-28,2024-07-29,1,Presidential,323847,10,291462,291462,Corporate,FAAN,Travel Agent,Completed,Nigerian,2,Corporate Account,Emeka Okonkwo,July,2024,%Q,Q3
BK05105,2023-03-22,2023-04-09,2023-04-23,14,Presidential,371644,10,334480,4682714,Corporate,Transcorp Hotels,Online Travel Agent,Completed,Nigerian,3,POS,Direct Booking,April,2023,%Q,Q2
BK05106,2023-11-24,2024-01-14,2024-01-27,13,Presidential,313019,10,281717,3662322,Group,Individual Guest,Direct,Completed,British,3,Cash,Tunde Adeyemi,January,2024,%Q,Q1
BK05107,2024-07-24,2024-09-15,2024-09-26,11,Presidential,267443,0,267443,2941873,Leisure,Individual Guest,Walk In,Completed,Chinese,3,POS,Direct Booking,September,2024,%Q,Q3
BK05108,2023-04-02,2023-05-17,2023-05-26,9,Executive,116082,5,110278,992501,Corporate,MTN Nigeria,Direct,Completed,Nigerian,4,Cash,Emeka Okonkwo,May,2023,%Q,Q2
BK05109,2023-03-01,2023-03-06,2023-03-08,2,Suite,178568,0,178568,0,Group,Individual Guest,Online Travel Agent,No Show,Nigerian,1,POS,Fatima Bello,March,2023,%Q,Q1
BK05110,2023-11-19,2023-11-19,2023-11-30,11,Suite,164076,0,164076,1804836,Airline Crew,Airtel Nigeria,Online Travel Agent,Completed,Kenyan,3,Corporate Account,Fatima Bello,November,2023,%Q,Q4
BK05111,2023-01-01,2023-01-29,2023-02-12,14,Suite,160436,0,160436,2246104,Leisure,Individual Guest,Direct,Completed,French,3,Cash,Chioma Eze,January,2023,%Q,Q1
BK05112,2023-02-16,2023-04-02,2023-04-03,1,Suite,130676,10,117608,117608,Corporate,UBA Group,Travel Agent,Completed,Nigerian,3,Corporate Account,Direct Booking,April,2023,%Q,Q2
BK05113,2024-06-14,2024-08-06,2024-08-07,1,Executive,124028,20,99222,99222,Corporate,Glo Mobile,Online Travel Agent,Confirmed,Nigerian,1,POS,Amaka Osei,August,2024,%Q,Q3
BK05114,2023-07-06,2023-07-29,2023-08-06,8,Executive,125531,5,119254,954036,Airline Crew,Seplat Energy,Corporate Agreement,Completed,Nigerian,1,Corporate Account,Amaka Osei,July,2023,%Q,Q3
BK05115,2024-08-17,2024-08-24,2024-08-29,5,Deluxe,94918,10,85426,427131,Leisure,Individual Guest,Travel Agent,Confirmed,Nigerian,4,Credit Card,Fatima Bello,August,2024,%Q,Q3
BK05116,2023-09-28,2023-11-17,2023-11-30,13,Suite,158533,0,158533,2060929,MICE,Chevron Nigeria,Corporate Agreement,Completed,American,2,POS,Fatima Bello,November,2023,%Q,Q4
BK05117,2024-01-08,2024-03-01,2024-03-11,10,Standard,57274,5,54410,544103,Leisure,Individual Guest,Travel Agent,Completed,British,2,Bank Transfer,Emeka Okonkwo,March,2024,%Q,Q1
BK05118,2024-03-09,2024-03-10,2024-03-12,2,Standard,50561,10,45505,91010,Group,Individual Guest,Direct,Completed,Nigerian,3,Cash,Fatima Bello,March,2024,%Q,Q1
BK05119,2024-12-02,2024-12-26,2025-01-08,13,Presidential,278751,15,236938,0,Corporate,Transcorp Hotels,Direct,Cancelled,Nigerian,3,POS,Tunde Adeyemi,December,2024,%Q,Q4
BK05120,2023-06-25,2023-07-25,2023-07-29,4,Suite,157164,0,157164,628656,MICE,FBN Holdings,Direct,Completed,South African,4,Corporate Account,Direct Booking,July,2023,%Q,Q3
BK05121,2023-03-24,2023-04-26,2023-05-05,9,Standard,47864,5,45471,0,Corporate,Guinness Nigeria,Online Travel Agent,No Show,Nigerian,2,Credit Card,Direct Booking,April,2023,%Q,Q2
BK05122,2023-03-23,2023-04-07,2023-04-12,5,Deluxe,79027,20,63222,316108,Corporate,Seplat Energy,Online Travel Agent,Confirmed,South African,4,Credit Card,Amaka Osei,April,2023,%Q,Q2
BK05123,2024-04-03,2024-05-11,2024-05-24,13,Executive,110727,5,105191,1367478,Corporate,Honeywell Group,Corporate Agreement,Completed,Nigerian,2,Bank Transfer,Fatima Bello,May,2024,%Q,Q2
BK05124,2023-06-23,2023-06-26,2023-07-08,12,Presidential,287149,0,287149,3445788,Corporate,Dangote Group,Online Travel Agent,Completed,American,3,Credit Card,Direct Booking,June,2023,%Q,Q2
BK05125,2024-08-09,2024-09-10,2024-09-18,8,Presidential,275714,0,275714,0,Leisure,Individual Guest,Online Travel Agent,No Show,Nigerian,2,Cash,Amaka Osei,September,2024,%Q,Q3
BK05126,2024-09-28,2024-09-29,2024-10-09,10,Standard,51107,0,51107,0,Leisure,Individual Guest,Direct,Cancelled,Nigerian,2,Bank Transfer,Amaka Osei,September,2024,%Q,Q3
BK05127,2023-08-02,2023-09-02,2023-09-10,8,Suite,133737,10,120363,962906,Corporate,Guinness Nigeria,Walk In,Completed,Ghanaian,2,Corporate Account,Direct Booking,September,2023,%Q,Q3
BK05128,2024-11-15,2024-12-25,2025-01-07,13,Standard,61318,0,61318,797134,Corporate,PZ Cussons,Online Travel Agent,Completed,Nigerian,2,Credit Card,Fatima Bello,December,2024,%Q,Q4
BK05129,2023-01-28,2023-03-25,2023-04-05,11,Suite,176142,0,176142,1937562,Corporate,Honeywell Group,Corporate Agreement,Completed,German,1,Credit Card,Emeka Okonkwo,March,2023,%Q,Q1
BK05130,2024-01-30,2024-01-30,2024-02-07,8,Standard,58666,10,52799,422395,Corporate,Nestle Nigeria,Travel Agent,Completed,Nigerian,4,Corporate Account,Emeka Okonkwo,January,2024,%Q,Q1
BK05131,2024-09-22,2024-10-13,2024-10-24,11,Deluxe,82742,0,82742,910162,Corporate,Nestle Nigeria,Corporate Agreement,Confirmed,French,1,Bank Transfer,Chioma Eze,October,2024,%Q,Q4
BK05132,2023-08-18,2023-09-03,2023-09-08,5,Presidential,348822,10,313940,1569699,Leisure,Individual Guest,Walk In,Completed,Ghanaian,2,Bank Transfer,Chioma Eze,September,2023,%Q,Q3
BK05133,2023-02-02,2023-03-26,2023-04-09,14,Presidential,324790,10,292311,4092354,Leisure,Individual Guest,Corporate Agreement,Completed,Nigerian,3,POS,Direct Booking,March,2023,%Q,Q1
BK05134,2024-03-03,2024-03-25,2024-03-28,3,Suite,150552,0,150552,451656,MICE,Dangote Group,Direct,Completed,Ghanaian,4,Bank Transfer,Tunde Adeyemi,March,2024,%Q,Q1
BK05135,2024-01-21,2024-02-26,2024-03-01,4,Suite,158456,15,134688,538750,Corporate,Flour Mills Nigeria,Online Travel Agent,Completed,Kenyan,3,Cash,Chioma Eze,February,2024,%Q,Q1
BK05136,2024-11-18,2024-12-11,2024-12-24,13,Executive,115280,0,115280,1498640,Leisure,Individual Guest,Corporate Agreement,Completed,Nigerian,4,POS,Tunde Adeyemi,December,2024,%Q,Q4
BK05137,2023-11-30,2024-01-24,2024-01-30,6,Standard,63358,0,63358,380148,Group,Individual Guest,Direct,Completed,German,3,POS,Emeka Okonkwo,January,2024,%Q,Q1
BK05138,2023-01-19,2023-03-20,2023-03-24,4,Presidential,275668,20,220534,882138,Corporate,NNPC,Corporate Agreement,Completed,Nigerian,2,POS,Chioma Eze,March,2023,%Q,Q1
BK05139,2023-07-08,2023-08-08,2023-08-16,8,Executive,103683,0,103683,829464,Group,Individual Guest,Corporate Agreement,Completed,German,2,Credit Card,Chioma Eze,August,2023,%Q,Q3
BK05140,2023-04-09,2023-04-29,2023-05-02,3,Standard,51670,5,49086,147260,MICE,Lafarge Africa,Direct,Completed,Nigerian,2,Credit Card,Tunde Adeyemi,April,2023,%Q,Q2
BK05141,2023-05-02,2023-05-30,2023-05-31,1,Suite,179899,5,170904,170904,Corporate,Transcorp Hotels,Travel Agent,Completed,Nigerian,4,Bank Transfer,Direct Booking,May,2023,%Q,Q2
BK05142,2023-05-08,2023-06-15,2023-06-19,4,Presidential,396026,0,396026,1584104,Group,Individual Guest,Online Travel Agent,Completed,Nigerian,2,Cash,Tunde Adeyemi,June,2023,%Q,Q2
BK05143,2023-01-01,2023-01-01,2023-01-10,9,Presidential,299594,0,299594,2696346,Airline Crew,Oando PLC,Corporate Agreement,Completed,Nigerian,2,Corporate Account,Tunde Adeyemi,January,2023,%Q,Q1
BK05144,2023-02-21,2023-03-31,2023-04-09,9,Suite,172435,10,155192,1396724,Airline Crew,Nigerian Ports Authority,Corporate Agreement,Completed,British,1,POS,Chioma Eze,March,2023,%Q,Q1
BK05145,2023-03-16,2023-05-06,2023-05-08,2,Presidential,320849,15,272722,545443,Corporate,Unilever Nigeria,Travel Agent,Completed,British,1,Credit Card,Chioma Eze,May,2023,%Q,Q2
BK05146,2023-09-07,2023-09-19,2023-09-23,4,Presidential,333665,5,316982,0,Corporate,GTCO,Direct,Cancelled,American,4,Bank Transfer,Direct Booking,September,2023,%Q,Q3
BK05147,2024-09-15,2024-10-02,2024-10-03,1,Standard,63517,10,57165,0,Group,Individual Guest,Direct,Cancelled,Nigerian,1,Bank Transfer,Tunde Adeyemi,October,2024,%Q,Q4
BK05148,2024-09-09,2024-10-22,2024-10-24,2,Executive,109743,5,104256,0,Corporate,Julius Berger,Direct,Cancelled,Nigerian,4,POS,Direct Booking,October,2024,%Q,Q4
BK05149,2023-10-11,2023-11-10,2023-11-15,5,Presidential,312683,10,281415,1407074,MICE,Air Peace,Direct,Completed,Nigerian,4,Cash,Tunde Adeyemi,November,2023,%Q,Q4
BK05150,2024-06-09,2024-07-06,2024-07-16,10,Presidential,270476,5,256952,2569522,Corporate,GTCO,Corporate Agreement,Completed,Nigerian,4,Credit Card,Direct Booking,July,2024,%Q,Q3
BK05151,2023-09-04,2023-10-15,2023-10-20,5,Presidential,344359,20,275487,1377436,Corporate,Conoil,Corporate Agreement,Completed,British,2,Cash,Amaka Osei,October,2023,%Q,Q4
BK05152,2023-07-30,2023-08-04,2023-08-06,2,Presidential,371506,0,371506,743012,Leisure,Individual Guest,Direct,Completed,Nigerian,1,Bank Transfer,Amaka Osei,August,2023,%Q,Q3
BK05153,2023-12-30,2024-01-17,2024-01-22,5,Standard,49716,0,49716,248580,Leisure,Individual Guest,Direct,Completed,Kenyan,4,Bank Transfer,Tunde Adeyemi,January,2024,%Q,Q1
BK05154,2023-11-14,2023-12-14,2023-12-28,14,Suite,126036,10,113432,1588054,Corporate,Conoil,Online Travel Agent,Confirmed,Nigerian,4,Cash,Fatima Bello,December,2023,%Q,Q4
BK05155,2023-07-15,2023-09-02,2023-09-12,10,Executive,110517,0,110517,1105170,Leisure,Individual Guest,Online Travel Agent,Completed,British,3,POS,Amaka Osei,September,2023,%Q,Q3
BK05156,2024-04-04,2024-05-29,2024-05-31,2,Executive,109868,0,109868,219736,MICE,Total Energies,Corporate Agreement,Confirmed,Nigerian,4,Credit Card,Tunde Adeyemi,May,2024,%Q,Q2
BK05157,2024-04-09,2024-04-30,2024-05-03,3,Standard,48059,15,40850,122550,Corporate,Conoil,Direct,Completed,South African,2,Bank Transfer,Amaka Osei,April,2024,%Q,Q2
BK05158,2023-05-09,2023-06-06,2023-06-10,4,Standard,56892,5,54047,216190,Corporate,Oando PLC,Corporate Agreement,Completed,Chinese,2,Cash,Direct Booking,June,2023,%Q,Q2
BK05159,2024-07-23,2024-08-12,2024-08-15,3,Suite,175630,10,158067,474201,Government,Lagos State Government,Travel Agent,Completed,American,4,Corporate Account,Chioma Eze,August,2024,%Q,Q3
BK05160,2023-02-10,2023-03-20,2023-03-27,7,Standard,54728,0,54728,383096,Leisure,Individual Guest,Walk In,Completed,Nigerian,2,Cash,Emeka Okonkwo,March,2023,%Q,Q1
BK05161,2023-08-24,2023-10-16,2023-10-19,3,Deluxe,84449,15,71782,215345,Corporate,Flour Mills Nigeria,Online Travel Agent,Completed,Nigerian,4,Credit Card,Tunde Adeyemi,October,2023,%Q,Q4
BK05162,2024-01-04,2024-02-04,2024-02-06,2,Suite,162206,0,162206,324412,Leisure,Individual Guest,Travel Agent,Confirmed,German,2,Credit Card,Chioma Eze,February,2024,%Q,Q1
BK05163,2023-06-22,2023-06-24,2023-07-06,12,Suite,159149,5,151192,1814299,MICE,Flour Mills Nigeria,Direct,Completed,Nigerian,1,POS,Emeka Okonkwo,June,2023,%Q,Q2
BK05164,2023-09-06,2023-10-06,2023-10-10,4,Standard,58046,0,58046,232184,Corporate,Julius Berger,Travel Agent,Completed,Nigerian,1,Credit Card,Emeka Okonkwo,October,2023,%Q,Q4
BK05165,2024-03-07,2024-03-14,2024-03-15,1,Suite,144908,0,144908,144908,MICE,PZ Cussons,Corporate Agreement,Completed,Nigerian,3,Bank Transfer,Amaka Osei,March,2024,%Q,Q1
BK05166,2023-07-07,2023-07-07,2023-07-12,5,Standard,56380,20,45104,0,Corporate,Flour Mills Nigeria,Corporate Agreement,Cancelled,British,4,POS,Amaka Osei,July,2023,%Q,Q3
BK05167,2023-01-01,2023-01-28,2023-02-06,9,Presidential,313166,10,281849,2536645,Corporate,Nigerian Ports Authority,Walk In,Completed,British,3,Corporate Account,Tunde Adeyemi,January,2023,%Q,Q1
BK05168,2023-08-23,2023-09-27,2023-10-08,11,Executive,119448,0,119448,1313928,MICE,Seplat Energy,Travel Agent,Completed,American,3,Credit Card,Chioma Eze,September,2023,%Q,Q3
BK05169,2023-05-09,2023-06-15,2023-06-26,11,Standard,54936,0,54936,604296,Corporate,Chevron Nigeria,Online Travel Agent,Completed,Nigerian,3,Corporate Account,Fatima Bello,June,2023,%Q,Q2
BK05170,2024-11-07,2024-12-10,2024-12-18,8,Executive,126536,15,107556,0,Government,Airtel Nigeria,Travel Agent,No Show,Nigerian,4,Bank Transfer,Fatima Bello,December,2024,%Q,Q4
BK05171,2024-04-30,2024-06-18,2024-06-29,11,Presidential,318560,5,302632,3328952,Leisure,Individual Guest,Walk In,Confirmed,British,3,Credit Card,Tunde Adeyemi,June,2024,%Q,Q2
BK05172,2024-03-28,2024-05-08,2024-05-10,2,Presidential,290449,10,261404,0,Leisure,Individual Guest,Online Travel Agent,Cancelled,Nigerian,3,Credit Card,Amaka Osei,May,2024,%Q,Q2
BK05173,2024-10-06,2024-10-18,2024-10-25,7,Suite,124832,5,118590,830133,MICE,Honeywell Group,Direct,Completed,Nigerian,2,Bank Transfer,Tunde Adeyemi,October,2024,%Q,Q4
BK05174,2023-02-05,2023-03-20,2023-03-24,4,Standard,47133,0,47133,188532,Corporate,Federal Ministry of Works,Walk In,Completed,British,3,Credit Card,Emeka Okonkwo,March,2023,%Q,Q1
BK05175,2024-10-22,2024-11-04,2024-11-05,1,Executive,127313,0,127313,127313,Corporate,MTN Nigeria,Travel Agent,Completed,Nigerian,3,POS,Direct Booking,November,2024,%Q,Q4
BK05176,2023-02-13,2023-03-14,2023-03-16,2,Standard,51212,15,43530,87060,Government,PZ Cussons,Online Travel Agent,Completed,British,3,POS,Amaka Osei,March,2023,%Q,Q1
BK05177,2024-04-11,2024-04-14,2024-04-24,10,Presidential,371965,5,353367,3533668,Leisure,Individual Guest,Online Travel Agent,Completed,Indian,2,Corporate Account,Amaka Osei,April,2024,%Q,Q2
BK05178,2023-12-10,2023-12-20,2023-12-30,10,Executive,115285,5,109521,1095208,Leisure,Individual Guest,Direct,Confirmed,Indian,4,POS,Direct Booking,December,2023,%Q,Q4
BK05179,2023-10-27,2023-10-27,2023-10-28,1,Presidential,371097,20,296878,296878,Corporate,Lafarge Africa,Corporate Agreement,Confirmed,American,1,Corporate Account,Emeka Okonkwo,October,2023,%Q,Q4
BK05180,2023-01-03,2023-01-09,2023-01-16,7,Standard,62257,10,56031,392219,Government,PZ Cussons,Direct,Completed,Nigerian,1,Bank Transfer,Amaka Osei,January,2023,%Q,Q1
BK05181,2023-04-08,2023-05-24,2023-05-27,3,Standard,50546,0,50546,151638,Group,Individual Guest,Direct,Completed,Indian,3,Bank Transfer,Fatima Bello,May,2023,%Q,Q2
BK05182,2023-01-01,2023-02-06,2023-02-08,2,Standard,62893,15,53459,106918,Government,FAAN,Travel Agent,Completed,American,4,Bank Transfer,Amaka Osei,February,2023,%Q,Q1
BK05183,2024-02-18,2024-03-22,2024-04-01,10,Executive,99245,20,79396,793960,Corporate,Unilever Nigeria,Online Travel Agent,Completed,Nigerian,2,Credit Card,Emeka Okonkwo,March,2024,%Q,Q1
BK05184,2023-05-25,2023-06-03,2023-06-15,12,Suite,127344,0,127344,0,Leisure,Individual Guest,Direct,No Show,Indian,4,Cash,Fatima Bello,June,2023,%Q,Q2
BK05185,2024-03-10,2024-03-19,2024-03-27,8,Standard,47061,15,40002,320015,Government,Honeywell Group,Travel Agent,Confirmed,Ghanaian,4,Cash,Chioma Eze,March,2024,%Q,Q1
BK05186,2023-11-21,2023-12-01,2023-12-02,1,Suite,168419,10,151577,151577,Corporate,Access Bank,Corporate Agreement,Completed,Ghanaian,1,Cash,Chioma Eze,December,2023,%Q,Q4
BK05187,2024-10-14,2024-12-13,2024-12-21,8,Suite,160480,0,160480,1283840,MICE,Glo Mobile,Travel Agent,Confirmed,Nigerian,4,Credit Card,Chioma Eze,December,2024,%Q,Q4
BK05188,2023-08-28,2023-09-08,2023-09-14,6,Deluxe,73780,0,73780,442680,Group,Individual Guest,Direct,Completed,Nigerian,2,Credit Card,Amaka Osei,September,2023,%Q,Q3
BK05189,2023-05-14,2023-06-08,2023-06-09,1,Standard,51761,5,49173,49173,Group,Individual Guest,Direct,Completed,Nigerian,4,Corporate Account,Fatima Bello,June,2023,%Q,Q2
BK05190,2024-03-30,2024-04-18,2024-04-23,5,Presidential,293834,20,235067,1175336,Corporate,Honeywell Group,Online Travel Agent,Completed,Nigerian,3,Bank Transfer,Amaka Osei,April,2024,%Q,Q2
BK05191,2024-03-16,2024-03-18,2024-03-22,4,Presidential,351369,0,351369,1405476,Leisure,Individual Guest,Travel Agent,Completed,Nigerian,1,Corporate Account,Fatima Bello,March,2024,%Q,Q1
BK05192,2024-11-03,2024-12-27,2025-01-06,10,Executive,115439,5,109667,1096670,MICE,Zenith Bank,Corporate Agreement,Completed,Nigerian,1,Corporate Account,Direct Booking,December,2024,%Q,Q4
BK05193,2023-09-24,2023-11-01,2023-11-15,14,Suite,176683,15,150181,2102528,Corporate,Airtel Nigeria,Travel Agent,Completed,South African,4,Cash,Emeka Okonkwo,November,2023,%Q,Q4
BK05194,2023-03-18,2023-05-01,2023-05-05,4,Executive,102291,5,97176,0,Corporate,Flour Mills Nigeria,Online Travel Agent,Cancelled,British,4,Credit Card,Direct Booking,May,2023,%Q,Q2
BK05195,2023-04-11,2023-05-30,2023-06-12,13,Deluxe,85349,5,81082,1054060,MICE,NNPC,Direct,Completed,South African,2,Cash,Direct Booking,May,2023,%Q,Q2
BK05196,2023-10-02,2023-11-09,2023-11-22,13,Suite,148072,0,148072,1924936,Group,Individual Guest,Direct,Completed,Nigerian,1,Bank Transfer,Direct Booking,November,2023,%Q,Q4
BK05197,2024-08-27,2024-10-20,2024-10-22,2,Suite,135314,10,121783,243565,Leisure,Individual Guest,Travel Agent,Completed,Indian,2,Cash,Chioma Eze,October,2024,%Q,Q4
BK05198,2024-07-07,2024-07-20,2024-07-23,3,Deluxe,78153,20,62522,187567,Corporate,Glo Mobile,Direct,Completed,Nigerian,2,Credit Card,Fatima Bello,July,2024,%Q,Q3
BK05199,2024-07-19,2024-09-05,2024-09-17,12,Executive,118910,0,118910,1426920,MICE,Nigerian Ports Authority,Walk In,Completed,Nigerian,1,Credit Card,Amaka Osei,September,2024,%Q,Q3
BK05200,2023-06-05,2023-07-26,2023-07-30,4,Executive,120999,0,120999,483996,Corporate,Zenith Bank,Corporate Agreement,Completed,Nigerian,3,Bank Transfer,Amaka Osei,July,2023,%Q,Q3
BK05201,2023-04-06,2023-04-28,2023-04-30,2,Presidential,278299,10,250469,500938,Group,Individual Guest,Direct,Completed,Nigerian,2,Cash,Fatima Bello,April,2023,%Q,Q2
BK05202,2023-02-23,2023-03-17,2023-03-19,2,Presidential,371280,20,297024,594048,Government,Lagos State Government,Corporate Agreement,Completed,Nigerian,4,POS,Tunde Adeyemi,March,2023,%Q,Q1
BK05203,2023-12-17,2024-01-09,2024-01-10,1,Executive,103985,20,83188,83188,Corporate,Nigerian Ports Authority,Corporate Agreement,Confirmed,British,1,Bank Transfer,Amaka Osei,January,2024,%Q,Q1
BK05204,2023-09-15,2023-09-29,2023-10-04,5,Standard,46163,5,43855,0,Corporate,Honeywell Group,Travel Agent,Cancelled,American,3,Corporate Account,Chioma Eze,September,2023,%Q,Q3
BK05205,2024-03-07,2024-04-02,2024-04-13,11,Deluxe,88140,5,83733,921063,Corporate,Total Energies,Direct,Completed,Nigerian,4,Corporate Account,Emeka Okonkwo,April,2024,%Q,Q2
BK05206,2024-12-06,2024-12-12,2024-12-23,11,Standard,55138,0,55138,606518,Corporate,Dangote Group,Direct,Completed,British,3,Bank Transfer,Emeka Okonkwo,December,2024,%Q,Q4
BK05207,2023-09-19,2023-09-30,2023-10-14,14,Executive,114125,10,102712,1437975,Corporate,Guinness Nigeria,Online Travel Agent,Confirmed,German,1,Corporate Account,Chioma Eze,September,2023,%Q,Q3
BK05208,2023-06-07,2023-07-23,2023-08-01,9,Deluxe,93848,0,93848,844632,Leisure,Individual Guest,Online Travel Agent,Completed,Nigerian,3,Credit Card,Direct Booking,July,2023,%Q,Q3
BK05209,2023-01-19,2023-02-22,2023-02-28,6,Suite,163033,0,163033,0,Leisure,Individual Guest,Travel Agent,No Show,Nigerian,4,Credit Card,Chioma Eze,February,2023,%Q,Q1
BK05210,2024-10-08,2024-10-29,2024-11-03,5,Presidential,370127,20,296102,0,Government,Total Energies,Travel Agent,Cancelled,Nigerian,1,Cash,Direct Booking,October,2024,%Q,Q4
BK05211,2024-10-19,2024-10-28,2024-11-02,5,Standard,45698,10,41128,205641,Corporate,GTCO,Corporate Agreement,Completed,Nigerian,3,Corporate Account,Emeka Okonkwo,October,2024,%Q,Q4
BK05212,2023-12-11,2024-01-16,2024-01-20,4,Standard,56350,0,56350,225400,Leisure,Individual Guest,Online Travel Agent,Completed,Chinese,2,Corporate Account,Direct Booking,January,2024,%Q,Q1
BK05213,2023-08-10,2023-08-31,2023-09-10,10,Deluxe,93952,10,84557,845568,MICE,Conoil,Corporate Agreement,Completed,Nigerian,2,Cash,Chioma Eze,August,2023,%Q,Q3
BK05214,2023-10-28,2023-12-09,2023-12-23,14,Deluxe,90958,0,90958,1273412,Leisure,Individual Guest,Online Travel Agent,Completed,Ghanaian,1,Credit Card,Direct Booking,December,2023,%Q,Q4
BK05215,2023-12-15,2024-01-03,2024-01-06,3,Suite,154788,5,147049,441146,Group,Individual Guest,Direct,Completed,Nigerian,1,Bank Transfer,Amaka Osei,January,2024,%Q,Q1
BK05216,2023-11-25,2023-12-26,2023-12-28,2,Deluxe,91857,10,82671,165343,Corporate,Julius Berger,Travel Agent,Completed,Ghanaian,1,Credit Card,Direct Booking,December,2023,%Q,Q4
BK05217,2023-03-03,2023-03-30,2023-04-05,6,Presidential,331009,20,264807,1588843,Corporate,Honeywell Group,Online Travel Agent,Completed,Nigerian,3,Credit Card,Amaka Osei,March,2023,%Q,Q1
BK05218,2023-06-13,2023-08-09,2023-08-15,6,Presidential,271974,10,244777,1468660,Government,9mobile,Direct,Completed,French,4,Cash,Tunde Adeyemi,August,2023,%Q,Q3
BK05219,2024-04-01,2024-05-10,2024-05-14,4,Executive,113390,20,90712,362848,Corporate,Julius Berger,Online Travel Agent,Completed,South African,2,POS,Amaka Osei,May,2024,%Q,Q2
BK05220,2024-02-01,2024-03-06,2024-03-17,11,Executive,114219,0,114219,1256409,Corporate,Transcorp Hotels,Direct,Completed,Nigerian,2,Corporate Account,Direct Booking,March,2024,%Q,Q1
BK05221,2024-11-12,2024-12-10,2024-12-20,10,Suite,122367,5,116249,1162486,MICE,FAAN,Direct,Completed,Chinese,3,POS,Tunde Adeyemi,December,2024,%Q,Q4
BK05222,2024-05-09,2024-06-14,2024-06-20,6,Suite,139091,15,118227,709364,Corporate,UBA Group,Direct,Completed,Nigerian,3,Bank Transfer,Amaka Osei,June,2024,%Q,Q2
BK05223,2024-09-10,2024-10-14,2024-10-26,12,Suite,140458,0,140458,1685496,Airline Crew,Chevron Nigeria,Travel Agent,Completed,Nigerian,1,Corporate Account,Amaka Osei,October,2024,%Q,Q4
BK05224,2024-02-13,2024-02-23,2024-02-27,4,Deluxe,92437,0,92437,369748,Leisure,Individual Guest,Online Travel Agent,Confirmed,Nigerian,4,Bank Transfer,Fatima Bello,February,2024,%Q,Q1
BK05225,2024-02-01,2024-02-13,2024-02-15,2,Standard,59424,0,59424,0,Group,Individual Guest,Corporate Agreement,No Show,Indian,3,Cash,Amaka Osei,February,2024,%Q,Q1
BK05226,2023-08-07,2023-10-05,2023-10-10,5,Deluxe,70971,10,63874,319370,Corporate,UBA Group,Travel Agent,Completed,South African,4,Corporate Account,Emeka Okonkwo,October,2023,%Q,Q4
BK05227,2023-03-10,2023-05-05,2023-05-16,11,Suite,178897,0,178897,1967867,Leisure,Individual Guest,Travel Agent,Completed,Nigerian,2,POS,Amaka Osei,May,2023,%Q,Q2
BK05228,2024-02-04,2024-02-16,2024-02-20,4,Deluxe,82022,20,65618,262470,Corporate,PZ Cussons,Direct,Completed,Nigerian,4,Cash,Direct Booking,February,2024,%Q,Q1
BK05229,2023-11-30,2024-01-24,2024-01-31,7,Standard,59850,5,56858,398002,Airline Crew,Total Energies,Travel Agent,Completed,Nigerian,4,Corporate Account,Direct Booking,January,2024,%Q,Q1
BK05230,2023-01-10,2023-02-15,2023-02-22,7,Suite,121263,0,121263,848841,Leisure,Individual Guest,Direct,Completed,Nigerian,4,Corporate Account,Amaka Osei,February,2023,%Q,Q1
BK05231,2023-10-28,2023-12-21,2024-01-04,14,Deluxe,74454,0,74454,1042356,Leisure,Individual Guest,Online Travel Agent,Completed,Kenyan,1,Cash,Direct Booking,December,2023,%Q,Q4
BK05232,2024-11-19,2024-11-19,2024-11-24,5,Suite,132811,0,132811,664055,Leisure,Individual Guest,Online Travel Agent,Completed,Nigerian,1,Corporate Account,Fatima Bello,November,2024,%Q,Q4
BK05233,2023-01-01,2023-01-06,2023-01-08,2,Deluxe,70253,20,56202,112405,Government,Honeywell Group,Corporate Agreement,Confirmed,Nigerian,2,Bank Transfer,Fatima Bello,January,2023,%Q,Q1
BK05234,2024-10-15,2024-11-24,2024-12-04,10,Deluxe,85622,20,68498,684976,Corporate,Nigerian Breweries,Corporate Agreement,Completed,Nigerian,4,POS,Amaka Osei,November,2024,%Q,Q4
BK05235,2023-04-16,2023-05-12,2023-05-14,2,Suite,120178,20,96142,192285,Corporate,Zenith Bank,Online Travel Agent,Completed,Nigerian,1,Bank Transfer,Amaka Osei,May,2023,%Q,Q2
BK05236,2024-02-18,2024-03-17,2024-03-29,12,Suite,169112,5,160656,1927877,Corporate,Federal Ministry of Works,Corporate Agreement,Confirmed,Nigerian,2,POS,Tunde Adeyemi,March,2024,%Q,Q1
BK05237,2024-04-09,2024-06-06,2024-06-08,2,Executive,123605,10,111244,222489,Corporate,Access Bank,Online Travel Agent,Completed,Nigerian,4,POS,Amaka Osei,June,2024,%Q,Q2
BK05238,2024-07-30,2024-08-06,2024-08-10,4,Deluxe,80687,15,68584,274336,Corporate,Honeywell Group,Online Travel Agent,Completed,Nigerian,2,Cash,Chioma Eze,August,2024,%Q,Q3
BK05239,2024-02-15,2024-03-09,2024-03-20,11,Standard,48041,0,48041,528451,MICE,Nestle Nigeria,Travel Agent,Completed,Nigerian,4,Bank Transfer,Chioma Eze,March,2024,%Q,Q1
BK05240,2024-08-04,2024-09-02,2024-09-04,2,Deluxe,85361,10,76825,0,Corporate,Glo Mobile,Corporate Agreement,No Show,Nigerian,2,Bank Transfer,Fatima Bello,September,2024,%Q,Q3
BK05241,2023-03-16,2023-05-05,2023-05-09,4,Suite,121539,10,109385,437540,Corporate,UBA Group,Corporate Agreement,Completed,Nigerian,4,Corporate Account,Fatima Bello,May,2023,%Q,Q2
BK05242,2024-02-20,2024-04-01,2024-04-06,5,Suite,148042,10,133238,666189,Group,Individual Guest,Direct,Completed,Nigerian,2,Corporate Account,Fatima Bello,April,2024,%Q,Q2
BK05243,2024-07-14,2024-07-25,2024-08-05,11,Standard,49164,10,44248,486724,Government,Airtel Nigeria,Walk In,Completed,Indian,3,Bank Transfer,Chioma Eze,July,2024,%Q,Q3
BK05244,2023-08-08,2023-08-12,2023-08-25,13,Suite,124344,5,118127,1535648,Corporate,FAAN,Online Travel Agent,Completed,American,4,Corporate Account,Chioma Eze,August,2023,%Q,Q3
BK05245,2024-05-23,2024-07-12,2024-07-20,8,Suite,139212,0,139212,1113696,Leisure,Individual Guest,Direct,Completed,Nigerian,2,Credit Card,Chioma Eze,July,2024,%Q,Q3
BK05246,2023-03-04,2023-03-31,2023-04-01,1,Suite,170891,5,162346,162346,Leisure,Individual Guest,Corporate Agreement,Completed,American,4,Corporate Account,Fatima Bello,March,2023,%Q,Q1
BK05247,2023-11-24,2024-01-11,2024-01-18,7,Deluxe,93365,5,88697,620877,MICE,Federal Ministry of Works,Corporate Agreement,Completed,Kenyan,2,Credit Card,Fatima Bello,January,2024,%Q,Q1
BK05248,2024-02-13,2024-03-27,2024-04-10,14,Executive,124762,20,99810,1397334,Corporate,Nigerian Breweries,Corporate Agreement,Confirmed,German,2,Cash,Fatima Bello,March,2024,%Q,Q1
BK05249,2024-03-09,2024-04-25,2024-04-27,2,Standard,62031,10,55828,111656,Corporate,Dangote Group,Direct,Completed,French,2,Bank Transfer,Chioma Eze,April,2024,%Q,Q2
BK05250,2024-05-08,2024-06-07,2024-06-10,3,Standard,60913,15,51776,155328,Corporate,Nestle Nigeria,Walk In,Completed,Nigerian,4,Bank Transfer,Direct Booking,June,2024,%Q,Q2
BK05251,2023-12-14,2024-02-09,2024-02-14,5,Executive,118569,20,94855,474276,Corporate,FBN Holdings,Travel Agent,Completed,Nigerian,4,POS,Direct Booking,February,2024,%Q,Q1
BK05252,2024-06-27,2024-07-16,2024-07-25,9,Suite,175938,0,175938,1583442,Leisure,Individual Guest,Online Travel Agent,Completed,South African,4,Corporate Account,Chioma Eze,July,2024,%Q,Q3
BK05253,2023-02-16,2023-04-12,2023-04-17,5,Presidential,272702,5,259067,1295334,Leisure,Individual Guest,Travel Agent,Completed,Nigerian,1,POS,Direct Booking,April,2023,%Q,Q2
BK05254,2024-06-29,2024-08-26,2024-09-07,12,Deluxe,77382,5,73513,882155,Group,Individual Guest,Online Travel Agent,Completed,Nigerian,2,Credit Card,Direct Booking,August,2024,%Q,Q3
BK05255,2024-10-23,2024-11-17,2024-11-26,9,Executive,129093,0,129093,1161837,MICE,GTCO,Direct,Confirmed,Nigerian,1,Cash,Emeka Okonkwo,November,2024,%Q,Q4
BK05256,2023-01-01,2023-02-20,2023-02-26,6,Deluxe,78569,5,74641,447843,Corporate,FBN Holdings,Direct,Completed,Nigerian,1,Cash,Emeka Okonkwo,February,2023,%Q,Q1
BK05257,2023-07-30,2023-08-10,2023-08-16,6,Presidential,323985,0,323985,1943910,Group,Individual Guest,Direct,Completed,American,4,POS,Direct Booking,August,2023,%Q,Q3
BK05258,2023-01-15,2023-02-01,2023-02-10,9,Presidential,293145,5,278488,2506390,MICE,Transcorp Hotels,Travel Agent,Confirmed,Nigerian,4,POS,Emeka Okonkwo,February,2023,%Q,Q1
BK05259,2023-01-28,2023-03-13,2023-03-16,3,Presidential,367609,0,367609,1102827,Leisure,Individual Guest,Direct,Completed,British,3,Cash,Tunde Adeyemi,March,2023,%Q,Q1
BK05260,2024-02-14,2024-02-18,2024-03-02,13,Suite,167268,20,133814,1739587,Corporate,Unilever Nigeria,Direct,Completed,American,3,Credit Card,Fatima Bello,February,2024,%Q,Q1
BK05261,2024-08-24,2024-10-18,2024-10-28,10,Presidential,345072,10,310565,0,Corporate,Zenith Bank,Walk In,Cancelled,Nigerian,1,Cash,Fatima Bello,October,2024,%Q,Q4
BK05262,2023-02-17,2023-02-18,2023-03-03,13,Deluxe,79164,5,75206,977675,Corporate,Seplat Energy,Online Travel Agent,Confirmed,Nigerian,2,Corporate Account,Tunde Adeyemi,February,2023,%Q,Q1
BK05263,2023-03-02,2023-03-21,2023-03-25,4,Deluxe,80201,15,68171,272683,Corporate,Seplat Energy,Online Travel Agent,Confirmed,French,1,Credit Card,Emeka Okonkwo,March,2023,%Q,Q1
BK05264,2024-03-02,2024-04-25,2024-05-05,10,Suite,167682,0,167682,1676820,Corporate,Total Energies,Travel Agent,Confirmed,Nigerian,2,Cash,Emeka Okonkwo,April,2024,%Q,Q2
BK05265,2024-10-30,2024-12-26,2025-01-01,6,Standard,60733,0,60733,364398,MICE,Air Peace,Online Travel Agent,Completed,British,2,Bank Transfer,Tunde Adeyemi,December,2024,%Q,Q4
BK05266,2023-10-05,2023-10-08,2023-10-19,11,Suite,158455,10,142610,1568704,Leisure,Individual Guest,Walk In,Confirmed,American,1,Cash,Direct Booking,October,2023,%Q,Q4
BK05267,2024-01-31,2024-02-10,2024-02-17,7,Executive,101023,5,95972,671803,Corporate,Transcorp Hotels,Online Travel Agent,Confirmed,Chinese,4,Corporate Account,Fatima Bello,February,2024,%Q,Q1
BK05268,2023-07-07,2023-08-08,2023-08-16,8,Suite,165632,10,149069,1192550,MICE,Oando PLC,Travel Agent,Confirmed,Nigerian,2,Bank Transfer,Tunde Adeyemi,August,2023,%Q,Q3
BK05269,2023-03-06,2023-03-30,2023-04-07,8,Executive,95068,10,85561,684490,Group,Individual Guest,Online Travel Agent,Completed,Nigerian,4,Credit Card,Tunde Adeyemi,March,2023,%Q,Q1
BK05270,2024-02-29,2024-03-10,2024-03-23,13,Suite,140059,20,112047,1456614,Corporate,Seplat Energy,Travel Agent,Completed,Chinese,2,Bank Transfer,Amaka Osei,March,2024,%Q,Q1
BK05271,2024-06-10,2024-07-12,2024-07-20,8,Standard,58764,10,52888,423101,Airline Crew,UBA Group,Walk In,Completed,Ghanaian,1,POS,Chioma Eze,July,2024,%Q,Q3
BK05272,2024-01-19,2024-02-29,2024-03-09,9,Suite,159390,0,159390,1434510,Group,Individual Guest,Direct,Completed,American,1,Credit Card,Direct Booking,February,2024,%Q,Q1
BK05273,2024-08-08,2024-08-18,2024-08-21,3,Executive,121388,0,121388,364164,Leisure,Individual Guest,Corporate Agreement,Confirmed,Nigerian,3,Corporate Account,Chioma Eze,August,2024,%Q,Q3
BK05274,2023-10-18,2023-12-02,2023-12-10,8,Executive,116253,5,110440,883523,Corporate,Shell Nigeria,Walk In,Completed,Nigerian,1,POS,Amaka Osei,December,2023,%Q,Q4
BK05275,2023-05-02,2023-05-13,2023-05-16,3,Suite,150178,0,150178,0,Leisure,Individual Guest,Direct,No Show,Nigerian,3,Credit Card,Chioma Eze,May,2023,%Q,Q2
BK05276,2024-06-16,2024-08-08,2024-08-13,5,Suite,144239,0,144239,0,Airline Crew,Seplat Energy,Direct,No Show,British,4,Corporate Account,Direct Booking,August,2024,%Q,Q3
BK05277,2023-04-17,2023-05-29,2023-06-11,13,Suite,152198,5,144588,1879645,Leisure,Individual Guest,Walk In,Confirmed,Nigerian,1,POS,Direct Booking,May,2023,%Q,Q2
BK05278,2023-03-10,2023-03-13,2023-03-14,1,Deluxe,78358,20,62686,62686,Corporate,NNPC,Corporate Agreement,Completed,American,4,POS,Tunde Adeyemi,March,2023,%Q,Q1
BK05279,2024-04-19,2024-05-04,2024-05-14,10,Deluxe,94767,10,85290,0,MICE,Julius Berger,Direct,No Show,Nigerian,2,Corporate Account,Emeka Okonkwo,May,2024,%Q,Q2
BK05280,2024-01-07,2024-02-13,2024-02-22,9,Presidential,289230,15,245846,2212610,Corporate,Unilever Nigeria,Direct,Completed,Kenyan,1,POS,Emeka Okonkwo,February,2024,%Q,Q1
BK05281,2023-11-06,2023-12-23,2023-12-26,3,Deluxe,78174,15,66448,199344,Corporate,Honeywell Group,Corporate Agreement,Completed,Ghanaian,2,POS,Direct Booking,December,2023,%Q,Q4
BK05282,2024-06-26,2024-07-10,2024-07-18,8,Suite,128720,5,122284,978272,Corporate,Air Peace,Online Travel Agent,Completed,Chinese,1,Corporate Account,Fatima Bello,July,2024,%Q,Q3
BK05283,2023-07-22,2023-08-02,2023-08-07,5,Presidential,341978,20,273582,1367912,Corporate,Lagos State Government,Walk In,Completed,Nigerian,2,Corporate Account,Direct Booking,August,2023,%Q,Q3
BK05284,2023-03-04,2023-04-01,2023-04-02,1,Executive,123859,10,111473,111473,Leisure,Individual Guest,Travel Agent,Completed,Nigerian,2,Corporate Account,Emeka Okonkwo,April,2023,%Q,Q2
BK05285,2024-04-04,2024-05-08,2024-05-10,2,Standard,64949,5,61702,123403,Corporate,Seplat Energy,Online Travel Agent,Completed,Chinese,2,POS,Fatima Bello,May,2024,%Q,Q2
BK05286,2023-01-21,2023-02-03,2023-02-09,6,Executive,113391,5,107721,0,Corporate,NNPC,Direct,Cancelled,Nigerian,2,Credit Card,Amaka Osei,February,2023,%Q,Q1
BK05287,2023-08-31,2023-10-14,2023-10-23,9,Executive,127643,15,108497,976469,Corporate,9mobile,Online Travel Agent,Confirmed,South African,4,POS,Amaka Osei,October,2023,%Q,Q4
BK05288,2023-03-16,2023-03-25,2023-03-29,4,Presidential,328943,20,263154,1052618,Corporate,PZ Cussons,Walk In,Completed,Nigerian,2,Corporate Account,Emeka Okonkwo,March,2023,%Q,Q1
BK05289,2024-06-17,2024-07-17,2024-07-23,6,Deluxe,83000,10,74700,448200,Group,Individual Guest,Direct,Completed,Nigerian,2,Cash,Fatima Bello,July,2024,%Q,Q3
BK05290,2024-09-11,2024-10-25,2024-11-06,12,Suite,154384,10,138946,1667347,MICE,MTN Nigeria,Corporate Agreement,Confirmed,British,4,Corporate Account,Fatima Bello,October,2024,%Q,Q4
BK05291,2023-05-01,2023-06-14,2023-06-27,13,Suite,162262,0,162262,2109406,MICE,Airtel Nigeria,Walk In,Completed,Nigerian,1,POS,Chioma Eze,June,2023,%Q,Q2
BK05292,2024-05-01,2024-05-30,2024-06-12,13,Deluxe,81296,0,81296,1056848,Group,Individual Guest,Direct,Completed,Ghanaian,4,Credit Card,Chioma Eze,May,2024,%Q,Q2
BK05293,2024-08-31,2024-09-25,2024-10-05,10,Standard,47015,0,47015,470150,Leisure,Individual Guest,Corporate Agreement,Completed,British,2,Credit Card,Emeka Okonkwo,September,2024,%Q,Q3
BK05294,2023-04-28,2023-05-25,2023-06-06,12,Suite,177032,15,150477,1805726,Government,Access Bank,Online Travel Agent,Completed,Nigerian,2,Bank Transfer,Amaka Osei,May,2023,%Q,Q2
BK05295,2023-01-01,2023-01-12,2023-01-15,3,Suite,168637,20,134910,404729,Corporate,Transcorp Hotels,Travel Agent,Completed,German,4,Corporate Account,Fatima Bello,January,2023,%Q,Q1
BK05296,2023-08-04,2023-09-07,2023-09-21,14,Standard,55458,15,47139,0,Corporate,9mobile,Corporate Agreement,No Show,British,1,Bank Transfer,Direct Booking,September,2023,%Q,Q3
BK05297,2024-06-08,2024-06-12,2024-06-26,14,Deluxe,94958,0,94958,1329412,Airline Crew,Conoil,Travel Agent,Completed,Nigerian,1,POS,Emeka Okonkwo,June,2024,%Q,Q2
BK05298,2023-11-15,2024-01-10,2024-01-19,9,Suite,157249,5,149387,1344479,Corporate,Chevron Nigeria,Travel Agent,Completed,Nigerian,3,Corporate Account,Chioma Eze,January,2024,%Q,Q1
BK05299,2023-07-29,2023-08-06,2023-08-09,3,Standard,54951,0,54951,164853,Group,Individual Guest,Corporate Agreement,Completed,Nigerian,3,Credit Card,Amaka Osei,August,2023,%Q,Q3
BK05300,2024-02-26,2024-04-02,2024-04-09,7,Presidential,302186,15,256858,0,Corporate,Dangote Group,Direct,No Show,Nigerian,1,POS,Chioma Eze,April,2024,%Q,Q2
BK05301,2023-01-01,2023-01-14,2023-01-20,6,Executive,119204,0,119204,715224,Group,Individual Guest,Online Travel Agent,Confirmed,Ghanaian,1,Bank Transfer,Emeka Okonkwo,January,2023,%Q,Q1
BK05302,2024-05-15,2024-06-15,2024-06-29,14,Suite,122689,10,110420,1545881,Group,Individual Guest,Direct,Completed,Nigerian,4,Bank Transfer,Tunde Adeyemi,June,2024,%Q,Q2
BK05303,2024-07-16,2024-09-07,2024-09-11,4,Presidential,288080,5,273676,1094704,Corporate,Airtel Nigeria,Online Travel Agent,Confirmed,German,4,POS,Fatima Bello,September,2024,%Q,Q3
BK05304,2024-04-02,2024-06-01,2024-06-11,10,Deluxe,70243,0,70243,702430,MICE,Total Energies,Direct,Completed,Nigerian,1,Cash,Fatima Bello,June,2024,%Q,Q2
BK05305,2024-01-25,2024-01-28,2024-02-11,14,Presidential,299750,10,269775,3776850,Group,Individual Guest,Direct,Completed,Nigerian,3,POS,Chioma Eze,January,2024,%Q,Q1
BK05306,2024-07-14,2024-08-03,2024-08-10,7,Suite,160190,15,136162,953130,Government,Zenith Bank,Direct,Completed,Indian,4,Credit Card,Fatima Bello,August,2024,%Q,Q3
BK05307,2023-11-08,2023-11-12,2023-11-20,8,Presidential,298954,10,269059,2152469,Government,Dangote Group,Online Travel Agent,Completed,Nigerian,4,POS,Chioma Eze,November,2023,%Q,Q4
BK05308,2023-11-17,2023-12-11,2023-12-18,7,Deluxe,77374,15,65768,460375,Corporate,Dangote Group,Online Travel Agent,Completed,Nigerian,3,Cash,Direct Booking,December,2023,%Q,Q4
BK05309,2023-04-21,2023-04-21,2023-04-27,6,Standard,49539,0,49539,297234,MICE,Guinness Nigeria,Direct,Completed,Nigerian,4,Corporate Account,Chioma Eze,April,2023,%Q,Q2
BK05310,2023-12-13,2024-01-04,2024-01-05,1,Presidential,255457,5,242684,242684,MICE,Nigerian Ports Authority,Corporate Agreement,Completed,Nigerian,2,POS,Emeka Okonkwo,January,2024,%Q,Q1
BK05311,2024-07-25,2024-08-09,2024-08-21,12,Presidential,275223,20,220178,2642141,Government,GTCO,Direct,Completed,Nigerian,1,POS,Fatima Bello,August,2024,%Q,Q3
BK05312,2023-05-21,2023-07-15,2023-07-21,6,Deluxe,72708,0,72708,436248,Group,Individual Guest,Corporate Agreement,Completed,Chinese,1,Bank Transfer,Emeka Okonkwo,July,2023,%Q,Q3
BK05313,2023-04-25,2023-05-22,2023-05-30,8,Suite,152577,20,122062,0,Corporate,GTCO,Corporate Agreement,Cancelled,Nigerian,1,Bank Transfer,Amaka Osei,May,2023,%Q,Q2
BK05314,2023-01-24,2023-02-20,2023-02-23,3,Executive,103759,20,83007,0,Corporate,Seplat Energy,Corporate Agreement,Cancelled,British,1,Credit Card,Tunde Adeyemi,February,2023,%Q,Q1
BK05315,2024-06-28,2024-07-04,2024-07-08,4,Suite,144247,0,144247,576988,Airline Crew,PZ Cussons,Walk In,Completed,Ghanaian,4,Cash,Tunde Adeyemi,July,2024,%Q,Q3
BK05316,2023-05-25,2023-07-20,2023-08-01,12,Deluxe,86874,5,82530,990364,Leisure,Individual Guest,Travel Agent,Completed,Nigerian,4,POS,Emeka Okonkwo,July,2023,%Q,Q3
BK05317,2024-05-12,2024-06-28,2024-06-29,1,Suite,156293,10,140664,140664,Corporate,Dangote Group,Walk In,Completed,British,1,Credit Card,Chioma Eze,June,2024,%Q,Q2
BK05318,2024-04-02,2024-04-25,2024-05-09,14,Standard,48032,10,43229,0,MICE,FBN Holdings,Online Travel Agent,Cancelled,American,1,Corporate Account,Chioma Eze,April,2024,%Q,Q2
BK05319,2024-09-12,2024-10-12,2024-10-13,1,Executive,112939,0,112939,112939,Group,Individual Guest,Direct,Completed,Nigerian,1,POS,Fatima Bello,October,2024,%Q,Q4
BK05320,2024-09-24,2024-11-16,2024-11-29,13,Standard,54665,0,54665,710645,Corporate,Federal Ministry of Works,Corporate Agreement,Confirmed,British,4,Bank Transfer,Chioma Eze,November,2024,%Q,Q4
BK05321,2023-01-01,2023-02-06,2023-02-07,1,Executive,118818,0,118818,118818,Leisure,Individual Guest,Online Travel Agent,Confirmed,Nigerian,3,Cash,Fatima Bello,February,2023,%Q,Q1
BK05322,2024-10-30,2024-11-14,2024-11-20,6,Executive,109406,0,109406,656436,Leisure,Individual Guest,Online Travel Agent,Completed,Nigerian,1,Cash,Fatima Bello,November,2024,%Q,Q4
BK05323,2024-10-23,2024-11-09,2024-11-13,4,Suite,170717,5,162181,648725,MICE,Guinness Nigeria,Corporate Agreement,Completed,Ghanaian,4,Credit Card,Tunde Adeyemi,November,2024,%Q,Q4
BK05324,2023-08-10,2023-10-03,2023-10-12,9,Suite,160232,5,152220,1369984,Group,Individual Guest,Online Travel Agent,Completed,Nigerian,2,POS,Tunde Adeyemi,October,2023,%Q,Q4
BK05325,2023-07-22,2023-08-12,2023-08-24,12,Presidential,265677,0,265677,3188124,Group,Individual Guest,Direct,Completed,American,1,Credit Card,Amaka Osei,August,2023,%Q,Q3
BK05326,2023-12-13,2023-12-20,2023-12-27,7,Standard,59558,15,50624,354370,Government,Chevron Nigeria,Direct,Completed,Nigerian,2,Corporate Account,Chioma Eze,December,2023,%Q,Q4
BK05327,2023-06-13,2023-06-24,2023-07-06,12,Deluxe,90335,10,81302,975618,Government,Unilever Nigeria,Online Travel Agent,Completed,British,2,POS,Emeka Okonkwo,June,2023,%Q,Q2
BK05328,2023-11-17,2023-12-21,2023-12-30,9,Suite,163665,10,147298,1325686,Government,FBN Holdings,Direct,Completed,British,3,Corporate Account,Chioma Eze,December,2023,%Q,Q4
BK05329,2024-06-05,2024-06-24,2024-07-02,8,Executive,112948,10,101653,0,Corporate,Seplat Energy,Online Travel Agent,Cancelled,British,4,Bank Transfer,Emeka Okonkwo,June,2024,%Q,Q2
BK05330,2024-01-25,2024-02-22,2024-02-28,6,Executive,98641,0,98641,591846,Leisure,Individual Guest,Direct,Completed,Nigerian,1,Cash,Tunde Adeyemi,February,2024,%Q,Q1
BK05331,2024-04-25,2024-06-02,2024-06-03,1,Suite,137085,20,109668,109668,Corporate,Zenith Bank,Walk In,Completed,Nigerian,2,Cash,Amaka Osei,June,2024,%Q,Q2
BK05332,2024-02-28,2024-03-18,2024-03-22,4,Presidential,315824,20,252659,1010637,Corporate,NNPC,Direct,Completed,Nigerian,3,Corporate Account,Direct Booking,March,2024,%Q,Q1
BK05333,2023-04-12,2023-05-01,2023-05-06,5,Suite,133916,10,120524,602622,Airline Crew,Honeywell Group,Online Travel Agent,Completed,Nigerian,4,Cash,Amaka Osei,May,2023,%Q,Q2
BK05334,2023-03-12,2023-04-08,2023-04-13,5,Standard,57438,5,54566,272830,Group,Individual Guest,Direct,Completed,French,4,Credit Card,Tunde Adeyemi,April,2023,%Q,Q2
BK05335,2024-06-14,2024-06-14,2024-06-19,5,Presidential,273233,20,218586,1092932,Corporate,Zenith Bank,Online Travel Agent,Completed,Nigerian,1,Corporate Account,Amaka Osei,June,2024,%Q,Q2
BK05336,2023-12-09,2024-01-19,2024-01-27,8,Standard,54800,20,43840,350720,Government,Nigerian Breweries,Online Travel Agent,Completed,Nigerian,3,Cash,Direct Booking,January,2024,%Q,Q1
BK05337,2023-06-12,2023-07-13,2023-07-22,9,Deluxe,82571,10,74314,668825,Leisure,Individual Guest,Online Travel Agent,Completed,British,1,Bank Transfer,Emeka Okonkwo,July,2023,%Q,Q3
BK05338,2023-07-26,2023-09-21,2023-09-25,4,Presidential,385942,20,308754,1235014,Government,FAAN,Online Travel Agent,Completed,Nigerian,2,Credit Card,Emeka Okonkwo,September,2023,%Q,Q3
BK05339,2023-01-01,2023-01-24,2023-02-07,14,Presidential,258246,0,258246,3615444,Leisure,Individual Guest,Online Travel Agent,Confirmed,Chinese,3,Cash,Chioma Eze,January,2023,%Q,Q1
BK05340,2023-07-19,2023-08-30,2023-08-31,1,Standard,57375,10,51638,51638,Group,Individual Guest,Corporate Agreement,Completed,Nigerian,1,POS,Fatima Bello,August,2023,%Q,Q3
BK05341,2023-02-23,2023-03-27,2023-04-10,14,Executive,110123,5,104617,0,Corporate,Air Peace,Corporate Agreement,Cancelled,Nigerian,4,Credit Card,Direct Booking,March,2023,%Q,Q1
BK05342,2023-05-01,2023-06-20,2023-06-24,4,Executive,109547,0,109547,438188,MICE,Airtel Nigeria,Travel Agent,Confirmed,Nigerian,1,Corporate Account,Direct Booking,June,2023,%Q,Q2
BK05343,2024-08-06,2024-08-22,2024-08-23,1,Executive,110323,10,99291,99291,Leisure,Individual Guest,Direct,Completed,Nigerian,3,Cash,Direct Booking,August,2024,%Q,Q3
BK05344,2023-06-10,2023-07-30,2023-07-31,1,Suite,176440,20,141152,141152,Corporate,Oando PLC,Travel Agent,Completed,Kenyan,3,Credit Card,Amaka Osei,July,2023,%Q,Q3
BK05345,2024-08-06,2024-08-24,2024-08-31,7,Deluxe,83789,15,71221,498545,Corporate,FAAN,Corporate Agreement,Completed,British,2,Corporate Account,Fatima Bello,August,2024,%Q,Q3
BK05346,2023-08-06,2023-09-19,2023-09-20,1,Suite,125879,5,119585,119585,Corporate,PZ Cussons,Travel Agent,Confirmed,Nigerian,1,POS,Amaka Osei,September,2023,%Q,Q3
BK05347,2024-02-23,2024-03-20,2024-03-26,6,Suite,167001,0,167001,1002006,Corporate,Chevron Nigeria,Walk In,Completed,French,1,Corporate Account,Tunde Adeyemi,March,2024,%Q,Q1
BK05348,2024-01-24,2024-02-27,2024-03-01,3,Presidential,298012,20,238410,0,Corporate,Flour Mills Nigeria,Travel Agent,Cancelled,British,3,Credit Card,Fatima Bello,February,2024,%Q,Q1
BK05349,2023-09-09,2023-11-04,2023-11-10,6,Presidential,398172,20,318538,1911226,Corporate,Airtel Nigeria,Online Travel Agent,Confirmed,Kenyan,3,Credit Card,Chioma Eze,November,2023,%Q,Q4
BK05350,2024-03-09,2024-03-31,2024-04-08,8,Executive,119000,5,113050,904400,Corporate,Chevron Nigeria,Travel Agent,Completed,Nigerian,4,Cash,Fatima Bello,March,2024,%Q,Q1
BK05351,2024-06-05,2024-07-02,2024-07-06,4,Executive,121728,0,121728,486912,Leisure,Individual Guest,Direct,Completed,Nigerian,2,Bank Transfer,Amaka Osei,July,2024,%Q,Q3
BK05352,2024-09-19,2024-10-04,2024-10-06,2,Deluxe,91102,0,91102,182204,MICE,Honeywell Group,Direct,Completed,South African,1,Credit Card,Chioma Eze,October,2024,%Q,Q4
BK05353,2023-09-20,2023-10-22,2023-11-03,12,Deluxe,81003,20,64802,777629,Corporate,Glo Mobile,Online Travel Agent,Completed,British,4,Credit Card,Fatima Bello,October,2023,%Q,Q4
BK05354,2023-06-11,2023-07-25,2023-08-03,9,Deluxe,81862,5,77769,0,Corporate,UBA Group,Corporate Agreement,Cancelled,Nigerian,3,Credit Card,Chioma Eze,July,2023,%Q,Q3
BK05355,2023-03-03,2023-03-07,2023-03-13,6,Executive,107824,0,107824,646944,Group,Individual Guest,Online Travel Agent,Completed,Chinese,2,Corporate Account,Amaka Osei,March,2023,%Q,Q1
BK05356,2024-04-04,2024-04-26,2024-04-28,2,Executive,116029,0,116029,232058,Leisure,Individual Guest,Online Travel Agent,Confirmed,American,2,Bank Transfer,Amaka Osei,April,2024,%Q,Q2
BK05357,2023-04-21,2023-06-16,2023-06-19,3,Standard,49583,5,47104,141312,Corporate,Glo Mobile,Direct,Completed,Nigerian,2,POS,Emeka Okonkwo,June,2023,%Q,Q2
BK05358,2023-06-10,2023-07-15,2023-07-18,3,Suite,179717,5,170731,512193,Corporate,Flour Mills Nigeria,Walk In,Completed,Nigerian,4,Credit Card,Tunde Adeyemi,July,2023,%Q,Q3
BK05359,2023-04-11,2023-04-27,2023-05-02,5,Suite,133298,20,106638,533192,Government,Nigerian Breweries,Direct,Completed,Nigerian,4,Corporate Account,Fatima Bello,April,2023,%Q,Q2
BK05360,2024-02-21,2024-03-27,2024-04-04,8,Presidential,258451,5,245528,1964228,MICE,Access Bank,Corporate Agreement,Completed,South African,2,Credit Card,Amaka Osei,March,2024,%Q,Q1
BK05361,2024-06-22,2024-07-03,2024-07-08,5,Deluxe,75730,0,75730,378650,Group,Individual Guest,Online Travel Agent,Completed,Ghanaian,1,POS,Emeka Okonkwo,July,2024,%Q,Q3
BK05362,2023-06-22,2023-07-16,2023-07-28,12,Presidential,299355,10,269420,3233034,Corporate,Glo Mobile,Corporate Agreement,Completed,Nigerian,1,POS,Tunde Adeyemi,July,2023,%Q,Q3
BK05363,2023-10-07,2023-10-28,2023-11-03,6,Deluxe,84878,0,84878,509268,Airline Crew,Transcorp Hotels,Travel Agent,Completed,British,2,Credit Card,Amaka Osei,October,2023,%Q,Q4
BK05364,2024-03-14,2024-03-15,2024-03-20,5,Presidential,311006,20,248805,1244024,Corporate,NNPC,Walk In,Completed,British,4,Bank Transfer,Chioma Eze,March,2024,%Q,Q1
BK05365,2024-01-23,2024-03-23,2024-03-31,8,Presidential,352755,10,317480,2539836,Leisure,Individual Guest,Direct,Completed,Nigerian,1,POS,Amaka Osei,March,2024,%Q,Q1
BK05366,2023-09-03,2023-10-25,2023-11-03,9,Executive,112882,0,112882,0,Leisure,Individual Guest,Walk In,Cancelled,Nigerian,1,Bank Transfer,Direct Booking,October,2023,%Q,Q4
BK05367,2023-10-01,2023-10-24,2023-10-26,2,Suite,127410,0,127410,254820,Leisure,Individual Guest,Online Travel Agent,Completed,Nigerian,2,Corporate Account,Tunde Adeyemi,October,2023,%Q,Q4
BK05368,2023-07-19,2023-07-29,2023-08-02,4,Executive,97245,5,92383,369531,Corporate,Lagos State Government,Online Travel Agent,Completed,Nigerian,3,Cash,Fatima Bello,July,2023,%Q,Q3
BK05369,2023-02-17,2023-03-13,2023-03-15,2,Deluxe,72196,15,61367,122733,Corporate,Lagos State Government,Travel Agent,Completed,Nigerian,3,POS,Direct Booking,March,2023,%Q,Q1
BK05370,2023-06-22,2023-07-31,2023-08-13,13,Executive,118832,0,118832,1544816,Group,Individual Guest,Direct,Completed,Nigerian,4,Corporate Account,Chioma Eze,July,2023,%Q,Q3
BK05371,2024-09-11,2024-11-09,2024-11-10,1,Deluxe,92292,20,73834,73834,Corporate,Shell Nigeria,Corporate Agreement,Completed,Nigerian,3,POS,Direct Booking,November,2024,%Q,Q4
BK05372,2023-12-31,2024-01-28,2024-02-07,10,Presidential,299558,0,299558,0,Airline Crew,GTCO,Walk In,Cancelled,Nigerian,3,POS,Chioma Eze,January,2024,%Q,Q1
BK05373,2023-06-15,2023-06-21,2023-07-03,12,Deluxe,81325,10,73192,878310,Group,Individual Guest,Online Travel Agent,Completed,Nigerian,1,Bank Transfer,Tunde Adeyemi,June,2023,%Q,Q2
BK05374,2023-01-29,2023-02-15,2023-02-26,11,Standard,63816,15,54244,596680,Government,Unilever Nigeria,Travel Agent,Completed,Nigerian,1,Cash,Amaka Osei,February,2023,%Q,Q1
BK05375,2023-02-09,2023-03-03,2023-03-12,9,Standard,47595,0,47595,428355,Group,Individual Guest,Online Travel Agent,Completed,Nigerian,4,POS,Tunde Adeyemi,March,2023,%Q,Q1
BK05376,2024-02-25,2024-02-29,2024-03-05,5,Deluxe,75628,0,75628,378140,MICE,GTCO,Online Travel Agent,Completed,Nigerian,2,POS,Tunde Adeyemi,February,2024,%Q,Q1
BK05377,2023-11-07,2023-12-15,2023-12-19,4,Executive,95859,0,95859,0,MICE,Nestle Nigeria,Online Travel Agent,No Show,Nigerian,2,Cash,Chioma Eze,December,2023,%Q,Q4
BK05378,2024-09-21,2024-11-19,2024-11-23,4,Presidential,354900,0,354900,1419600,Leisure,Individual Guest,Corporate Agreement,Completed,Nigerian,2,POS,Emeka Okonkwo,November,2024,%Q,Q4
BK05379,2024-07-01,2024-08-05,2024-08-07,2,Presidential,276766,20,221413,442826,Corporate,GTCO,Travel Agent,Completed,Nigerian,1,Credit Card,Chioma Eze,August,2024,%Q,Q3
BK05380,2024-05-04,2024-05-14,2024-05-15,1,Standard,64922,0,64922,64922,MICE,Oando PLC,Direct,Completed,Nigerian,1,Cash,Tunde Adeyemi,May,2024,%Q,Q2
BK05381,2024-09-25,2024-09-29,2024-10-01,2,Executive,117385,5,111516,0,Group,Individual Guest,Online Travel Agent,No Show,Nigerian,2,Credit Card,Chioma Eze,September,2024,%Q,Q3
BK05382,2024-09-04,2024-09-04,2024-09-12,8,Presidential,352046,5,334444,2675550,Corporate,PZ Cussons,Online Travel Agent,Completed,Nigerian,3,Credit Card,Emeka Okonkwo,September,2024,%Q,Q3
BK05383,2024-03-23,2024-04-23,2024-04-25,2,Deluxe,71162,5,67604,135208,Group,Individual Guest,Direct,Completed,Nigerian,3,Credit Card,Tunde Adeyemi,April,2024,%Q,Q2
BK05384,2024-07-17,2024-08-12,2024-08-25,13,Suite,149166,10,134249,0,MICE,Zenith Bank,Walk In,Cancelled,Nigerian,1,Cash,Amaka Osei,August,2024,%Q,Q3
BK05385,2024-02-15,2024-02-29,2024-03-09,9,Presidential,326199,0,326199,0,Airline Crew,GTCO,Online Travel Agent,Cancelled,Nigerian,3,Cash,Amaka Osei,February,2024,%Q,Q1
BK05386,2023-01-01,2023-01-19,2023-01-29,10,Presidential,257694,5,244809,2448093,Airline Crew,GTCO,Direct,Completed,Nigerian,2,Cash,Emeka Okonkwo,January,2023,%Q,Q1
BK05387,2024-03-13,2024-03-18,2024-03-26,8,Deluxe,83137,5,78980,631841,Corporate,Julius Berger,Corporate Agreement,Completed,Nigerian,2,Credit Card,Tunde Adeyemi,March,2024,%Q,Q1
BK05388,2023-04-10,2023-05-23,2023-05-29,6,Deluxe,80118,0,80118,480708,Leisure,Individual Guest,Direct,Completed,American,2,POS,Emeka Okonkwo,May,2023,%Q,Q2
BK05389,2024-08-07,2024-09-02,2024-09-16,14,Suite,148713,0,148713,2081982,Leisure,Individual Guest,Walk In,Completed,Nigerian,4,Bank Transfer,Tunde Adeyemi,September,2024,%Q,Q3
BK05390,2024-11-12,2024-11-30,2024-12-07,7,Standard,59195,10,53276,0,Corporate,Shell Nigeria,Corporate Agreement,Cancelled,South African,3,Bank Transfer,Direct Booking,November,2024,%Q,Q4
BK05391,2023-01-23,2023-02-11,2023-02-14,3,Suite,150160,0,150160,450480,Leisure,Individual Guest,Walk In,Confirmed,French,4,Bank Transfer,Amaka Osei,February,2023,%Q,Q1
BK05392,2023-04-16,2023-05-26,2023-06-03,8,Standard,51211,5,48650,389204,Group,Individual Guest,Direct,Completed,Kenyan,2,Cash,Direct Booking,May,2023,%Q,Q2
BK05393,2024-08-17,2024-09-11,2024-09-22,11,Deluxe,83546,15,71014,781155,Government,Chevron Nigeria,Direct,Completed,Nigerian,3,Cash,Emeka Okonkwo,September,2024,%Q,Q3
BK05394,2023-06-26,2023-07-27,2023-08-03,7,Executive,128401,5,121981,853867,Group,Individual Guest,Corporate Agreement,Completed,Nigerian,4,Cash,Direct Booking,July,2023,%Q,Q3
BK05395,2024-08-08,2024-10-06,2024-10-20,14,Deluxe,82661,0,82661,1157254,Leisure,Individual Guest,Direct,Completed,French,2,Credit Card,Amaka Osei,October,2024,%Q,Q4
BK05396,2023-04-07,2023-05-16,2023-05-24,8,Presidential,394218,20,315374,2522995,Government,Nigerian Breweries,Direct,Completed,British,1,Corporate Account,Emeka Okonkwo,May,2023,%Q,Q2
BK05397,2024-07-30,2024-08-03,2024-08-10,7,Suite,176146,5,167339,1171371,Group,Individual Guest,Travel Agent,Completed,Nigerian,3,Corporate Account,Chioma Eze,August,2024,%Q,Q3
BK05398,2023-03-21,2023-05-07,2023-05-14,7,Standard,51843,10,46659,326611,Leisure,Individual Guest,Online Travel Agent,Completed,American,4,Bank Transfer,Emeka Okonkwo,May,2023,%Q,Q2
BK05399,2023-06-28,2023-07-08,2023-07-22,14,Presidential,370171,5,351662,4923274,Leisure,Individual Guest,Direct,Completed,South African,4,POS,Amaka Osei,July,2023,%Q,Q3
BK05400,2023-01-13,2023-03-13,2023-03-24,11,Suite,160305,20,128244,0,Corporate,Julius Berger,Online Travel Agent,Cancelled,Chinese,1,POS,Fatima Bello,March,2023,%Q,Q1
BK05401,2024-04-11,2024-05-31,2024-06-06,6,Standard,58879,0,58879,0,Leisure,Individual Guest,Travel Agent,Cancelled,Kenyan,4,Cash,Tunde Adeyemi,May,2024,%Q,Q2
BK05402,2023-03-19,2023-03-22,2023-03-25,3,Deluxe,85360,0,85360,256080,Corporate,Nestle Nigeria,Travel Agent,Completed,British,3,POS,Chioma Eze,March,2023,%Q,Q1
BK05403,2024-12-03,2024-12-11,2024-12-22,11,Presidential,290385,10,261346,2874812,Airline Crew,Conoil,Direct,Completed,Nigerian,3,Credit Card,Tunde Adeyemi,December,2024,%Q,Q4
BK05404,2023-05-20,2023-06-03,2023-06-07,4,Presidential,391804,5,372214,1488855,Group,Individual Guest,Direct,Completed,Nigerian,4,POS,Tunde Adeyemi,June,2023,%Q,Q2
BK05405,2023-07-17,2023-09-07,2023-09-16,9,Executive,105311,5,100045,900409,Leisure,Individual Guest,Online Travel Agent,Completed,Nigerian,2,Credit Card,Fatima Bello,September,2023,%Q,Q3
BK05406,2023-01-01,2023-01-08,2023-01-19,11,Suite,131950,10,118755,1306305,Corporate,FAAN,Travel Agent,Completed,Ghanaian,3,Bank Transfer,Chioma Eze,January,2023,%Q,Q1
BK05407,2024-10-14,2024-12-03,2024-12-08,5,Presidential,348776,10,313898,0,Corporate,FBN Holdings,Travel Agent,Cancelled,Nigerian,1,Corporate Account,Amaka Osei,December,2024,%Q,Q4
BK05408,2024-09-30,2024-11-23,2024-12-04,11,Presidential,328318,0,328318,3611498,MICE,Unilever Nigeria,Corporate Agreement,Completed,Nigerian,1,POS,Tunde Adeyemi,November,2024,%Q,Q4
BK05409,2023-06-15,2023-08-02,2023-08-03,1,Standard,61964,0,61964,61964,Corporate,Lafarge Africa,Walk In,Completed,French,1,POS,Fatima Bello,August,2023,%Q,Q3
BK05410,2024-11-20,2024-12-18,2024-12-29,11,Presidential,357534,0,357534,3932874,Corporate,Julius Berger,Online Travel Agent,Confirmed,Nigerian,3,Cash,Emeka Okonkwo,December,2024,%Q,Q4
BK05411,2023-10-02,2023-10-17,2023-10-22,5,Deluxe,84451,10,76006,380030,Corporate,Chevron Nigeria,Travel Agent,Completed,Indian,3,POS,Tunde Adeyemi,October,2023,%Q,Q4
BK05412,2023-03-06,2023-04-25,2023-05-08,13,Executive,100666,10,90599,1177792,Group,Individual Guest,Walk In,Completed,Indian,1,Cash,Tunde Adeyemi,April,2023,%Q,Q2
BK05413,2024-06-01,2024-06-22,2024-07-05,13,Standard,59019,10,53117,690522,Corporate,PZ Cussons,Direct,Completed,Nigerian,4,Cash,Direct Booking,June,2024,%Q,Q2
BK05414,2023-03-05,2023-03-20,2023-03-21,1,Executive,121930,15,103640,103640,Government,Total Energies,Corporate Agreement,Completed,British,2,Cash,Amaka Osei,March,2023,%Q,Q1
BK05415,2024-05-28,2024-06-30,2024-07-04,4,Suite,125483,0,125483,501932,MICE,Guinness Nigeria,Online Travel Agent,Completed,German,3,Corporate Account,Amaka Osei,June,2024,%Q,Q2
BK05416,2024-01-28,2024-03-20,2024-03-27,7,Presidential,322010,0,322010,2254070,MICE,Nigerian Breweries,Direct,Completed,French,1,Bank Transfer,Amaka Osei,March,2024,%Q,Q1
BK05417,2024-09-04,2024-09-10,2024-09-21,11,Suite,154171,0,154171,1695881,MICE,Glo Mobile,Travel Agent,Completed,British,1,Bank Transfer,Fatima Bello,September,2024,%Q,Q3
BK05418,2023-03-14,2023-04-07,2023-04-12,5,Standard,49313,20,39450,0,Corporate,Nigerian Ports Authority,Online Travel Agent,No Show,South African,2,POS,Emeka Okonkwo,April,2023,%Q,Q2
BK05419,2024-08-23,2024-08-29,2024-08-30,1,Suite,123152,5,116994,116994,Leisure,Individual Guest,Corporate Agreement,Completed,Nigerian,4,Bank Transfer,Tunde Adeyemi,August,2024,%Q,Q3
BK05420,2024-01-24,2024-01-27,2024-02-03,7,Deluxe,84843,0,84843,593901,Corporate,Total Energies,Travel Agent,Completed,British,4,Corporate Account,Chioma Eze,January,2024,%Q,Q1
BK05421,2024-05-19,2024-07-12,2024-07-14,2,Presidential,302103,0,302103,604206,MICE,Guinness Nigeria,Corporate Agreement,Completed,Nigerian,1,Cash,Amaka Osei,July,2024,%Q,Q3
BK05422,2024-09-07,2024-10-25,2024-11-08,14,Suite,151085,5,143531,2009430,Corporate,MTN Nigeria,Corporate Agreement,Completed,Nigerian,1,Credit Card,Fatima Bello,October,2024,%Q,Q4
BK05423,2023-04-22,2023-04-27,2023-05-09,12,Suite,174957,0,174957,2099484,Leisure,Individual Guest,Travel Agent,Completed,Nigerian,2,Cash,Direct Booking,April,2023,%Q,Q2
BK05424,2023-09-20,2023-10-08,2023-10-21,13,Suite,145021,0,145021,1885273,Leisure,Individual Guest,Corporate Agreement,Completed,Nigerian,4,POS,Chioma Eze,October,2023,%Q,Q4
BK05425,2023-09-06,2023-11-04,2023-11-14,10,Standard,45697,10,41127,411273,Government,Seplat Energy,Corporate Agreement,Completed,British,3,Cash,Tunde Adeyemi,November,2023,%Q,Q4
BK05426,2023-02-26,2023-03-04,2023-03-09,5,Presidential,345428,15,293614,0,Corporate,Access Bank,Direct,Cancelled,Nigerian,1,Corporate Account,Emeka Okonkwo,March,2023,%Q,Q1
BK05427,2023-01-01,2023-01-05,2023-01-12,7,Standard,57705,0,57705,403935,Group,Individual Guest,Corporate Agreement,Completed,Kenyan,2,POS,Chioma Eze,January,2023,%Q,Q1
BK05428,2024-08-05,2024-09-05,2024-09-14,9,Deluxe,87397,10,78657,707916,Corporate,Zenith Bank,Online Travel Agent,Completed,British,2,Credit Card,Fatima Bello,September,2024,%Q,Q3
BK05429,2023-09-15,2023-09-18,2023-09-23,5,Suite,144240,10,129816,649080,Leisure,Individual Guest,Online Travel Agent,Completed,South African,2,Bank Transfer,Tunde Adeyemi,September,2023,%Q,Q3
BK05430,2024-02-12,2024-02-24,2024-03-09,14,Executive,105008,15,89257,1249595,Corporate,Zenith Bank,Walk In,Completed,Indian,1,Cash,Fatima Bello,February,2024,%Q,Q1
BK05431,2024-10-24,2024-12-18,2024-12-21,3,Deluxe,72237,10,65013,195040,Government,Air Peace,Direct,Confirmed,Ghanaian,4,POS,Emeka Okonkwo,December,2024,%Q,Q4
BK05432,2024-03-18,2024-03-24,2024-03-27,3,Presidential,345162,5,327904,983712,MICE,Lafarge Africa,Online Travel Agent,Completed,Nigerian,3,Bank Transfer,Direct Booking,March,2024,%Q,Q1
BK05433,2023-01-01,2023-02-10,2023-02-23,13,Suite,165471,5,157197,2043567,Leisure,Individual Guest,Travel Agent,Completed,Ghanaian,3,Corporate Account,Chioma Eze,February,2023,%Q,Q1
BK05434,2024-12-04,2024-12-10,2024-12-15,5,Executive,115678,0,115678,578390,Leisure,Individual Guest,Direct,Completed,Nigerian,1,Bank Transfer,Amaka Osei,December,2024,%Q,Q4
BK05435,2023-02-08,2023-02-09,2023-02-17,8,Standard,62115,10,55904,447228,Group,Individual Guest,Online Travel Agent,Confirmed,Nigerian,3,Credit Card,Fatima Bello,February,2023,%Q,Q1
BK05436,2024-01-28,2024-03-08,2024-03-16,8,Presidential,298696,0,298696,0,MICE,Federal Ministry of Works,Corporate Agreement,Cancelled,Nigerian,4,Corporate Account,Chioma Eze,March,2024,%Q,Q1
BK05437,2023-11-09,2023-12-24,2023-12-25,1,Deluxe,76145,0,76145,76145,Corporate,Flour Mills Nigeria,Travel Agent,Completed,Nigerian,2,Corporate Account,Fatima Bello,December,2023,%Q,Q4
BK05438,2023-08-30,2023-09-16,2023-09-20,4,Deluxe,75277,0,75277,301108,Leisure,Individual Guest,Travel Agent,Completed,Nigerian,1,Credit Card,Tunde Adeyemi,September,2023,%Q,Q3
BK05439,2023-02-21,2023-03-08,2023-03-20,12,Deluxe,89101,5,84646,1015751,Leisure,Individual Guest,Direct,Completed,Nigerian,2,Bank Transfer,Amaka Osei,March,2023,%Q,Q1
BK05440,2024-01-31,2024-03-06,2024-03-12,6,Suite,174637,0,174637,1047822,Group,Individual Guest,Corporate Agreement,Completed,Ghanaian,1,Cash,Amaka Osei,March,2024,%Q,Q1
BK05441,2024-02-01,2024-03-19,2024-03-25,6,Standard,49851,10,44866,269195,MICE,Seplat Energy,Direct,Completed,South African,3,Bank Transfer,Fatima Bello,March,2024,%Q,Q1
BK05442,2023-01-15,2023-02-27,2023-03-02,3,Executive,95454,20,76363,229090,Corporate,Julius Berger,Travel Agent,Completed,South African,2,Bank Transfer,Fatima Bello,February,2023,%Q,Q1
BK05443,2024-02-02,2024-03-06,2024-03-11,5,Presidential,299200,5,284240,1421200,Leisure,Individual Guest,Walk In,Completed,Nigerian,4,Credit Card,Emeka Okonkwo,March,2024,%Q,Q1
BK05444,2024-09-23,2024-11-18,2024-11-26,8,Standard,59923,20,47938,383507,Government,Oando PLC,Corporate Agreement,Completed,American,3,POS,Direct Booking,November,2024,%Q,Q4
BK05445,2023-06-10,2023-07-04,2023-07-16,12,Presidential,276022,0,276022,3312264,Leisure,Individual Guest,Online Travel Agent,Completed,British,1,POS,Fatima Bello,July,2023,%Q,Q3
BK05446,2023-04-01,2023-04-09,2023-04-21,12,Suite,141488,0,141488,1697856,MICE,Seplat Energy,Online Travel Agent,Completed,Nigerian,3,Corporate Account,Fatima Bello,April,2023,%Q,Q2
BK05447,2023-01-15,2023-02-11,2023-02-17,6,Deluxe,78700,15,66895,401370,Corporate,Access Bank,Walk In,Completed,Kenyan,4,POS,Direct Booking,February,2023,%Q,Q1
BK05448,2024-04-28,2024-06-12,2024-06-22,10,Suite,176619,15,150126,1501262,Corporate,Guinness Nigeria,Direct,Completed,British,1,Corporate Account,Fatima Bello,June,2024,%Q,Q2
BK05449,2023-08-29,2023-10-13,2023-10-27,14,Standard,54791,10,49312,690367,Government,Air Peace,Direct,Confirmed,British,3,POS,Direct Booking,October,2023,%Q,Q4
BK05450,2024-07-08,2024-07-19,2024-07-31,12,Presidential,269702,15,229247,2750960,Government,GTCO,Online Travel Agent,Confirmed,Nigerian,2,Corporate Account,Fatima Bello,July,2024,%Q,Q3
BK05451,2024-03-15,2024-03-26,2024-04-08,13,Deluxe,83452,0,83452,1084876,Group,Individual Guest,Direct,Completed,Nigerian,1,POS,Direct Booking,March,2024,%Q,Q1
BK05452,2023-09-22,2023-11-10,2023-11-16,6,Suite,140308,10,126277,757663,Leisure,Individual Guest,Travel Agent,Completed,Nigerian,1,Bank Transfer,Tunde Adeyemi,November,2023,%Q,Q4
BK05453,2023-10-19,2023-11-26,2023-12-01,5,Executive,122432,20,97946,489728,Corporate,Oando PLC,Corporate Agreement,Completed,Nigerian,1,POS,Emeka Okonkwo,November,2023,%Q,Q4
BK05454,2024-08-14,2024-09-27,2024-09-29,2,Presidential,381323,0,381323,762646,MICE,FBN Holdings,Online Travel Agent,Completed,Nigerian,3,POS,Fatima Bello,September,2024,%Q,Q3
BK05455,2023-04-03,2023-04-05,2023-04-18,13,Deluxe,93420,0,93420,1214460,MICE,Lagos State Government,Direct,Completed,Nigerian,1,Credit Card,Emeka Okonkwo,April,2023,%Q,Q2
BK05456,2024-09-30,2024-10-02,2024-10-12,10,Deluxe,87258,0,87258,872580,Corporate,Oando PLC,Travel Agent,Completed,Indian,1,Cash,Chioma Eze,October,2024,%Q,Q4
BK05457,2023-02-10,2023-02-26,2023-03-11,13,Suite,137968,15,117273,1524546,Corporate,NNPC,Travel Agent,Completed,Nigerian,3,Bank Transfer,Tunde Adeyemi,February,2023,%Q,Q1
BK05458,2023-05-18,2023-06-10,2023-06-18,8,Executive,105142,10,94628,757022,MICE,Total Energies,Direct,Confirmed,Nigerian,2,Credit Card,Fatima Bello,June,2023,%Q,Q2
BK05459,2024-11-28,2024-12-18,2024-12-19,1,Deluxe,85056,0,85056,85056,Corporate,Guinness Nigeria,Corporate Agreement,Completed,American,2,Corporate Account,Amaka Osei,December,2024,%Q,Q4
BK05460,2024-11-05,2024-11-18,2024-12-02,14,Deluxe,93980,15,79883,1118362,Corporate,Julius Berger,Direct,Completed,British,4,Cash,Emeka Okonkwo,November,2024,%Q,Q4
BK05461,2024-03-04,2024-05-02,2024-05-12,10,Suite,144634,0,144634,1446340,Leisure,Individual Guest,Direct,Completed,Nigerian,3,Cash,Amaka Osei,May,2024,%Q,Q2
BK05462,2024-01-29,2024-03-04,2024-03-15,11,Presidential,383245,0,383245,4215695,Airline Crew,Conoil,Online Travel Agent,Completed,Nigerian,4,Cash,Direct Booking,March,2024,%Q,Q1
BK05463,2024-05-14,2024-06-26,2024-07-02,6,Executive,119360,5,113392,680352,Leisure,Individual Guest,Direct,Completed,American,2,Cash,Tunde Adeyemi,June,2024,%Q,Q2
BK05464,2024-07-19,2024-08-04,2024-08-08,4,Executive,103351,0,103351,413404,MICE,Nigerian Ports Authority,Online Travel Agent,Confirmed,Nigerian,2,Corporate Account,Fatima Bello,August,2024,%Q,Q3
BK05465,2023-03-17,2023-04-21,2023-04-23,2,Executive,126492,5,120167,0,Leisure,Individual Guest,Walk In,No Show,Nigerian,4,POS,Chioma Eze,April,2023,%Q,Q2
BK05466,2024-02-28,2024-03-27,2024-04-01,5,Executive,107899,10,97109,485546,Leisure,Individual Guest,Direct,Completed,Indian,1,Credit Card,Amaka Osei,March,2024,%Q,Q1
BK05467,2024-05-10,2024-07-03,2024-07-11,8,Deluxe,86295,5,81980,655842,Leisure,Individual Guest,Online Travel Agent,Completed,Nigerian,4,POS,Emeka Okonkwo,July,2024,%Q,Q3
BK05468,2024-09-25,2024-11-14,2024-11-26,12,Suite,167869,15,142689,1712264,Government,MTN Nigeria,Corporate Agreement,Completed,American,3,Corporate Account,Chioma Eze,November,2024,%Q,Q4
BK05469,2023-05-08,2023-06-29,2023-07-02,3,Standard,58279,5,55365,166095,Corporate,Federal Ministry of Works,Online Travel Agent,Completed,Nigerian,3,Bank Transfer,Chioma Eze,June,2023,%Q,Q2
BK05470,2023-03-25,2023-03-29,2023-04-01,3,Suite,178469,20,142775,428326,Corporate,Guinness Nigeria,Direct,Completed,British,1,Corporate Account,Direct Booking,March,2023,%Q,Q1
BK05471,2024-02-13,2024-03-16,2024-03-27,11,Executive,115639,0,115639,1272029,MICE,Flour Mills Nigeria,Online Travel Agent,Completed,Nigerian,1,Corporate Account,Amaka Osei,March,2024,%Q,Q1
BK05472,2024-06-25,2024-08-03,2024-08-07,4,Executive,125350,10,112815,451260,Corporate,Glo Mobile,Travel Agent,Completed,Nigerian,2,Bank Transfer,Chioma Eze,August,2024,%Q,Q3
BK05473,2024-01-10,2024-01-31,2024-02-06,6,Deluxe,92553,0,92553,555318,Group,Individual Guest,Online Travel Agent,Completed,Nigerian,3,Credit Card,Emeka Okonkwo,January,2024,%Q,Q1
BK05474,2024-01-09,2024-01-24,2024-02-02,9,Deluxe,70186,20,56149,0,Government,Total Energies,Travel Agent,Cancelled,American,1,Credit Card,Amaka Osei,January,2024,%Q,Q1
BK05475,2023-02-12,2023-02-21,2023-02-22,1,Standard,54110,0,54110,54110,Group,Individual Guest,Corporate Agreement,Confirmed,Indian,3,Corporate Account,Chioma Eze,February,2023,%Q,Q1
BK05476,2023-11-22,2024-01-04,2024-01-12,8,Executive,111161,0,111161,889288,Corporate,Lafarge Africa,Direct,Confirmed,French,2,Credit Card,Amaka Osei,January,2024,%Q,Q1
BK05477,2024-05-25,2024-07-16,2024-07-29,13,Deluxe,83627,10,75264,978436,Leisure,Individual Guest,Walk In,Completed,British,1,Cash,Tunde Adeyemi,July,2024,%Q,Q3
BK05478,2023-08-29,2023-10-06,2023-10-13,7,Presidential,380351,0,380351,2662457,Corporate,Oando PLC,Online Travel Agent,Completed,South African,4,Credit Card,Emeka Okonkwo,October,2023,%Q,Q4
BK05479,2024-09-26,2024-10-25,2024-10-29,4,Standard,49706,20,39765,159059,Corporate,GTCO,Corporate Agreement,Completed,Nigerian,1,POS,Fatima Bello,October,2024,%Q,Q4
BK05480,2023-02-07,2023-03-04,2023-03-11,7,Standard,63797,10,57417,401921,Corporate,Julius Berger,Travel Agent,Completed,Nigerian,4,Cash,Emeka Okonkwo,March,2023,%Q,Q1
BK05481,2024-03-31,2024-05-29,2024-06-07,9,Presidential,395067,10,355560,3200043,Leisure,Individual Guest,Direct,Completed,Nigerian,2,Bank Transfer,Tunde Adeyemi,May,2024,%Q,Q2
BK05482,2024-10-12,2024-12-01,2024-12-06,5,Deluxe,92522,20,74018,370088,Government,Total Energies,Corporate Agreement,Completed,American,1,POS,Amaka Osei,December,2024,%Q,Q4
BK05483,2023-03-15,2023-03-23,2023-03-26,3,Standard,50952,0,50952,152856,Airline Crew,Zenith Bank,Direct,Completed,Nigerian,3,POS,Direct Booking,March,2023,%Q,Q1
BK05484,2023-07-03,2023-08-04,2023-08-11,7,Suite,122100,0,122100,854700,Corporate,Nigerian Breweries,Corporate Agreement,Completed,Nigerian,1,Corporate Account,Tunde Adeyemi,August,2023,%Q,Q3
BK05485,2024-05-08,2024-07-04,2024-07-18,14,Executive,127647,0,127647,1787058,Leisure,Individual Guest,Direct,Confirmed,Nigerian,4,Credit Card,Tunde Adeyemi,July,2024,%Q,Q3
BK05486,2024-04-14,2024-05-02,2024-05-06,4,Executive,128389,0,128389,0,Group,Individual Guest,Online Travel Agent,No Show,Indian,4,Cash,Fatima Bello,May,2024,%Q,Q2
BK05487,2024-10-09,2024-10-13,2024-10-17,4,Standard,51843,15,44067,176266,Corporate,Guinness Nigeria,Corporate Agreement,Completed,Nigerian,4,Credit Card,Chioma Eze,October,2024,%Q,Q4
BK05488,2024-05-04,2024-05-07,2024-05-11,4,Suite,155912,20,124730,498918,Corporate,Total Energies,Online Travel Agent,Confirmed,South African,4,POS,Chioma Eze,May,2024,%Q,Q2
BK05489,2023-05-16,2023-06-02,2023-06-05,3,Deluxe,73053,20,58442,175327,Government,Access Bank,Walk In,Confirmed,Nigerian,2,POS,Fatima Bello,June,2023,%Q,Q2
BK05490,2024-08-10,2024-09-23,2024-09-26,3,Deluxe,70686,5,67152,201455,Leisure,Individual Guest,Direct,Confirmed,Chinese,1,Corporate Account,Chioma Eze,September,2024,%Q,Q3
BK05491,2024-03-08,2024-04-06,2024-04-07,1,Executive,107219,10,96497,0,MICE,GTCO,Corporate Agreement,No Show,Nigerian,3,Corporate Account,Direct Booking,April,2024,%Q,Q2
BK05492,2024-03-18,2024-03-24,2024-03-26,2,Deluxe,73610,0,73610,147220,Leisure,Individual Guest,Walk In,Completed,Ghanaian,1,Credit Card,Emeka Okonkwo,March,2024,%Q,Q1
BK05493,2023-05-04,2023-05-14,2023-05-19,5,Executive,114377,10,102939,514696,Corporate,NNPC,Corporate Agreement,Completed,Nigerian,3,POS,Emeka Okonkwo,May,2023,%Q,Q2
BK05494,2024-04-25,2024-06-09,2024-06-13,4,Standard,45411,5,43140,0,MICE,MTN Nigeria,Online Travel Agent,Cancelled,American,2,Corporate Account,Fatima Bello,June,2024,%Q,Q2
BK05495,2023-07-03,2023-07-14,2023-07-25,11,Executive,117935,0,117935,1297285,Corporate,Total Energies,Direct,Completed,Nigerian,1,Credit Card,Chioma Eze,July,2023,%Q,Q3
BK05496,2023-05-23,2023-06-27,2023-07-01,4,Executive,105641,10,95077,380308,Government,Air Peace,Online Travel Agent,Completed,Nigerian,4,Cash,Direct Booking,June,2023,%Q,Q2
BK05497,2023-12-15,2024-01-23,2024-02-03,11,Suite,157932,0,157932,1737252,Group,Individual Guest,Corporate Agreement,Confirmed,British,3,Corporate Account,Fatima Bello,January,2024,%Q,Q1
BK05498,2024-10-24,2024-11-08,2024-11-20,12,Suite,147135,0,147135,1765620,Corporate,Glo Mobile,Direct,Completed,French,4,POS,Amaka Osei,November,2024,%Q,Q4
BK05499,2024-12-03,2024-12-03,2024-12-04,1,Standard,62615,20,50092,50092,Government,Total Energies,Direct,Confirmed,Nigerian,1,Credit Card,Direct Booking,December,2024,%Q,Q4
BK05500,2024-07-18,2024-08-23,2024-08-27,4,Suite,145131,0,145131,580524,Airline Crew,Dangote Group,Online Travel Agent,Completed,Nigerian,4,Bank Transfer,Emeka Okonkwo,August,2024,%Q,Q3
BK05501,2023-01-11,2023-01-16,2023-01-30,14,Suite,150812,0,150812,2111368,MICE,Total Energies,Online Travel Agent,Completed,Nigerian,1,POS,Fatima Bello,January,2023,%Q,Q1
BK05502,2024-04-07,2024-05-13,2024-05-17,4,Standard,57850,5,54958,219830,Leisure,Individual Guest,Online Travel Agent,Confirmed,Nigerian,3,POS,Direct Booking,May,2024,%Q,Q2
BK05503,2024-03-13,2024-03-15,2024-03-28,13,Deluxe,85232,20,68186,886413,Government,Julius Berger,Direct,Confirmed,Ghanaian,2,Bank Transfer,Chioma Eze,March,2024,%Q,Q1
BK05504,2023-10-19,2023-11-09,2023-11-23,14,Standard,57907,0,57907,810698,MICE,Julius Berger,Online Travel Agent,Confirmed,Ghanaian,2,Cash,Amaka Osei,November,2023,%Q,Q4
BK05505,2023-01-31,2023-04-01,2023-04-12,11,Executive,111853,0,111853,1230383,MICE,Airtel Nigeria,Direct,Completed,Nigerian,4,Corporate Account,Emeka Okonkwo,April,2023,%Q,Q2
BK05506,2024-01-03,2024-02-26,2024-03-07,10,Standard,54111,15,45994,459944,Corporate,GTCO,Direct,Confirmed,French,2,Bank Transfer,Amaka Osei,February,2024,%Q,Q1
BK05507,2023-08-30,2023-09-27,2023-10-01,4,Presidential,321098,0,321098,1284392,Leisure,Individual Guest,Travel Agent,Confirmed,Nigerian,2,Credit Card,Tunde Adeyemi,September,2023,%Q,Q3
BK05508,2023-10-14,2023-11-29,2023-12-13,14,Presidential,308462,10,277616,3886621,Corporate,NNPC,Walk In,Completed,British,2,Credit Card,Tunde Adeyemi,November,2023,%Q,Q4
BK05509,2023-11-27,2023-12-04,2023-12-05,1,Suite,138084,0,138084,138084,Corporate,Honeywell Group,Online Travel Agent,Completed,German,1,Bank Transfer,Emeka Okonkwo,December,2023,%Q,Q4
BK05510,2023-01-01,2023-02-06,2023-02-07,1,Suite,159220,20,127376,127376,Corporate,Unilever Nigeria,Online Travel Agent,Completed,British,2,Corporate Account,Chioma Eze,February,2023,%Q,Q1
BK05511,2023-07-27,2023-08-09,2023-08-20,11,Suite,153305,0,153305,1686355,Group,Individual Guest,Direct,Confirmed,Nigerian,2,Corporate Account,Fatima Bello,August,2023,%Q,Q3
BK05512,2023-11-02,2023-11-24,2023-12-06,12,Suite,164307,0,164307,1971684,Leisure,Individual Guest,Online Travel Agent,Completed,Nigerian,3,Corporate Account,Chioma Eze,November,2023,%Q,Q4
BK05513,2024-11-30,2024-12-07,2024-12-11,4,Presidential,308555,0,308555,1234220,Group,Individual Guest,Walk In,Completed,Nigerian,3,POS,Direct Booking,December,2024,%Q,Q4
BK05514,2023-08-17,2023-09-20,2023-09-27,7,Suite,121083,20,96866,678065,Corporate,Julius Berger,Direct,Completed,Nigerian,1,Cash,Direct Booking,September,2023,%Q,Q3
BK05515,2023-10-05,2023-11-13,2023-11-16,3,Deluxe,75270,5,71506,214520,Airline Crew,FBN Holdings,Online Travel Agent,Completed,Nigerian,2,Credit Card,Emeka Okonkwo,November,2023,%Q,Q4
BK05516,2024-11-03,2024-11-07,2024-11-08,1,Standard,58835,0,58835,58835,Leisure,Individual Guest,Online Travel Agent,Completed,South African,1,Corporate Account,Fatima Bello,November,2024,%Q,Q4
BK05517,2024-04-15,2024-04-29,2024-05-09,10,Standard,46247,10,41622,416223,Leisure,Individual Guest,Direct,Completed,British,4,Cash,Emeka Okonkwo,April,2024,%Q,Q2
BK05518,2024-08-04,2024-09-12,2024-09-24,12,Standard,59230,5,56268,675222,Group,Individual Guest,Online Travel Agent,Completed,British,3,Bank Transfer,Emeka Okonkwo,September,2024,%Q,Q3
BK05519,2023-12-26,2024-02-17,2024-03-02,14,Standard,47783,10,43005,602066,MICE,Total Energies,Direct,Completed,Nigerian,3,Corporate Account,Amaka Osei,February,2024,%Q,Q1
BK05520,2024-03-03,2024-03-17,2024-03-22,5,Suite,156837,0,156837,784185,MICE,Air Peace,Online Travel Agent,Completed,German,2,Corporate Account,Direct Booking,March,2024,%Q,Q1
BK05521,2023-08-02,2023-09-26,2023-10-06,10,Deluxe,86436,0,86436,864360,Group,Individual Guest,Corporate Agreement,Completed,Nigerian,4,Bank Transfer,Emeka Okonkwo,September,2023,%Q,Q3
BK05522,2024-09-20,2024-10-24,2024-10-31,7,Executive,109283,0,109283,764981,Corporate,Airtel Nigeria,Travel Agent,Completed,Indian,2,Credit Card,Chioma Eze,October,2024,%Q,Q4
BK05523,2024-01-10,2024-03-02,2024-03-15,13,Presidential,290152,20,232122,3017581,Corporate,Glo Mobile,Direct,Completed,Nigerian,1,POS,Chioma Eze,March,2024,%Q,Q1
BK05524,2024-03-22,2024-04-16,2024-04-22,6,Deluxe,78321,0,78321,469926,Group,Individual Guest,Corporate Agreement,Completed,Kenyan,3,POS,Fatima Bello,April,2024,%Q,Q2
BK05525,2023-08-28,2023-10-25,2023-11-03,9,Presidential,312913,15,265976,2393784,Government,Total Energies,Walk In,Completed,Chinese,2,POS,Emeka Okonkwo,October,2023,%Q,Q4
BK05526,2023-01-12,2023-02-18,2023-02-26,8,Deluxe,74511,20,59609,476870,Government,Access Bank,Direct,Completed,American,4,Corporate Account,Amaka Osei,February,2023,%Q,Q1
BK05527,2023-04-07,2023-04-07,2023-04-09,2,Deluxe,79322,10,71390,142780,Corporate,Dangote Group,Online Travel Agent,Completed,Nigerian,3,Corporate Account,Amaka Osei,April,2023,%Q,Q2
BK05528,2024-03-25,2024-04-10,2024-04-23,13,Standard,60523,0,60523,786799,Group,Individual Guest,Direct,Confirmed,Nigerian,1,Bank Transfer,Amaka Osei,April,2024,%Q,Q2
BK05529,2023-03-19,2023-04-03,2023-04-07,4,Standard,50521,0,50521,202084,Group,Individual Guest,Online Travel Agent,Completed,Nigerian,1,Bank Transfer,Amaka Osei,April,2023,%Q,Q2
BK05530,2024-10-09,2024-10-19,2024-10-29,10,Standard,56640,0,56640,566400,Group,Individual Guest,Corporate Agreement,Completed,Nigerian,4,Corporate Account,Tunde Adeyemi,October,2024,%Q,Q4
BK05531,2023-09-15,2023-09-30,2023-10-05,5,Executive,122558,0,122558,612790,Airline Crew,Airtel Nigeria,Online Travel Agent,Completed,French,1,Corporate Account,Chioma Eze,September,2023,%Q,Q3
BK05532,2024-11-01,2024-12-05,2024-12-16,11,Deluxe,76761,15,65247,717715,Government,Glo Mobile,Online Travel Agent,Completed,Nigerian,1,POS,Amaka Osei,December,2024,%Q,Q4
BK05533,2024-04-25,2024-06-11,2024-06-19,8,Standard,64767,10,58290,466322,Corporate,MTN Nigeria,Travel Agent,Completed,Nigerian,4,Credit Card,Fatima Bello,June,2024,%Q,Q2
BK05534,2024-02-01,2024-03-08,2024-03-10,2,Executive,119811,5,113820,227641,Leisure,Individual Guest,Online Travel Agent,Confirmed,Nigerian,1,POS,Fatima Bello,March,2024,%Q,Q1
BK05535,2024-07-05,2024-08-10,2024-08-24,14,Deluxe,93878,0,93878,1314292,Group,Individual Guest,Online Travel Agent,Completed,Nigerian,4,Corporate Account,Fatima Bello,August,2024,%Q,Q3
BK05536,2024-03-24,2024-04-11,2024-04-24,13,Presidential,361206,5,343146,4460894,Leisure,Individual Guest,Online Travel Agent,Completed,Indian,4,Corporate Account,Fatima Bello,April,2024,%Q,Q2
BK05537,2024-03-25,2024-05-08,2024-05-12,4,Presidential,254108,15,215992,863967,Corporate,Oando PLC,Corporate Agreement,Completed,Nigerian,2,Credit Card,Tunde Adeyemi,May,2024,%Q,Q2
BK05538,2023-07-03,2023-08-29,2023-09-12,14,Deluxe,88544,15,75262,1053674,Corporate,Oando PLC,Corporate Agreement,Completed,Chinese,4,Credit Card,Direct Booking,August,2023,%Q,Q3
BK05539,2024-07-04,2024-07-29,2024-08-07,9,Suite,149412,10,134471,1210237,Corporate,PZ Cussons,Online Travel Agent,Completed,Chinese,1,Corporate Account,Chioma Eze,July,2024,%Q,Q3
BK05540,2023-05-11,2023-06-09,2023-06-11,2,Deluxe,74433,20,59546,119093,Corporate,Lafarge Africa,Online Travel Agent,Confirmed,Ghanaian,2,POS,Direct Booking,June,2023,%Q,Q2
BK05541,2024-06-11,2024-06-21,2024-06-22,1,Deluxe,89281,0,89281,89281,Group,Individual Guest,Travel Agent,Completed,Kenyan,2,Corporate Account,Emeka Okonkwo,June,2024,%Q,Q2
BK05542,2024-05-05,2024-06-08,2024-06-17,9,Deluxe,86323,5,82007,738062,MICE,Conoil,Corporate Agreement,Completed,American,1,POS,Direct Booking,June,2024,%Q,Q2
BK05543,2023-03-29,2023-05-11,2023-05-15,4,Standard,56331,5,53514,0,Group,Individual Guest,Online Travel Agent,Cancelled,British,3,Corporate Account,Fatima Bello,May,2023,%Q,Q2
BK05544,2023-01-01,2023-01-04,2023-01-15,11,Suite,155470,10,139923,1539153,Group,Individual Guest,Direct,Completed,Nigerian,3,Cash,Tunde Adeyemi,January,2023,%Q,Q1
BK05545,2024-01-06,2024-01-22,2024-01-26,4,Deluxe,83844,5,79652,318607,Leisure,Individual Guest,Corporate Agreement,Completed,Nigerian,1,Cash,Fatima Bello,January,2024,%Q,Q1
BK05546,2023-04-11,2023-05-25,2023-06-05,11,Executive,124828,5,118587,1304453,Corporate,MTN Nigeria,Online Travel Agent,Completed,British,1,Bank Transfer,Emeka Okonkwo,May,2023,%Q,Q2
BK05547,2023-05-21,2023-05-27,2023-06-10,14,Suite,177314,0,177314,2482396,MICE,NNPC,Direct,Completed,Kenyan,4,POS,Amaka Osei,May,2023,%Q,Q2
BK05548,2024-04-20,2024-04-20,2024-04-22,2,Suite,171513,5,162937,325875,Corporate,Chevron Nigeria,Direct,Completed,Ghanaian,1,POS,Fatima Bello,April,2024,%Q,Q2
BK05549,2023-06-11,2023-06-26,2023-06-28,2,Standard,63194,0,63194,126388,Leisure,Individual Guest,Online Travel Agent,Completed,Nigerian,1,Corporate Account,Chioma Eze,June,2023,%Q,Q2
BK05550,2024-04-12,2024-04-30,2024-05-04,4,Standard,60809,15,51688,206751,Government,Flour Mills Nigeria,Direct,Completed,Ghanaian,3,Cash,Chioma Eze,April,2024,%Q,Q2
BK05551,2023-03-18,2023-03-29,2023-04-11,13,Deluxe,76764,15,65249,848242,Government,Glo Mobile,Direct,Completed,Ghanaian,1,POS,Chioma Eze,March,2023,%Q,Q1
BK05552,2024-10-08,2024-11-02,2024-11-09,7,Deluxe,70770,0,70770,495390,Group,Individual Guest,Direct,Completed,Nigerian,4,POS,Chioma Eze,November,2024,%Q,Q4
BK05553,2023-01-01,2023-01-20,2023-01-21,1,Suite,137164,15,116589,116589,Corporate,Total Energies,Online Travel Agent,Completed,American,1,POS,Amaka Osei,January,2023,%Q,Q1
BK05554,2023-12-16,2024-01-10,2024-01-14,4,Suite,150214,20,120171,480685,Corporate,Lagos State Government,Corporate Agreement,Completed,Kenyan,4,Corporate Account,Direct Booking,January,2024,%Q,Q1
BK05555,2024-08-11,2024-10-02,2024-10-04,2,Deluxe,78675,10,70808,141615,Corporate,Glo Mobile,Walk In,Confirmed,Nigerian,1,Cash,Emeka Okonkwo,October,2024,%Q,Q4
BK05556,2023-06-13,2023-08-10,2023-08-16,6,Standard,63702,15,54147,0,Corporate,Flour Mills Nigeria,Online Travel Agent,Cancelled,South African,1,Cash,Fatima Bello,August,2023,%Q,Q3
BK05557,2023-07-24,2023-08-02,2023-08-12,10,Presidential,317501,0,317501,3175010,Group,Individual Guest,Direct,Completed,French,1,Corporate Account,Tunde Adeyemi,August,2023,%Q,Q3
BK05558,2023-01-01,2023-02-05,2023-02-10,5,Presidential,277186,5,263327,1316634,MICE,NNPC,Walk In,Completed,South African,3,POS,Tunde Adeyemi,February,2023,%Q,Q1
BK05559,2024-11-13,2024-12-29,2024-12-30,1,Presidential,397040,5,377188,377188,Corporate,Chevron Nigeria,Online Travel Agent,Completed,Chinese,2,Corporate Account,Amaka Osei,December,2024,%Q,Q4
BK05560,2024-06-17,2024-08-03,2024-08-14,11,Deluxe,91588,15,77850,856348,Corporate,Lagos State Government,Corporate Agreement,Confirmed,Nigerian,3,Corporate Account,Fatima Bello,August,2024,%Q,Q3
BK05561,2023-03-20,2023-05-03,2023-05-05,2,Presidential,294258,0,294258,588516,Group,Individual Guest,Corporate Agreement,Completed,Nigerian,1,Credit Card,Direct Booking,May,2023,%Q,Q2
BK05562,2024-01-18,2024-03-13,2024-03-16,3,Deluxe,94843,0,94843,284529,Leisure,Individual Guest,Walk In,Completed,German,3,Credit Card,Fatima Bello,March,2024,%Q,Q1
BK05563,2023-03-29,2023-04-29,2023-05-06,7,Presidential,273404,0,273404,1913828,Leisure,Individual Guest,Corporate Agreement,Completed,British,1,Corporate Account,Amaka Osei,April,2023,%Q,Q2
BK05564,2024-03-20,2024-04-28,2024-05-01,3,Deluxe,77770,5,73882,221644,Corporate,Airtel Nigeria,Direct,Completed,Nigerian,3,Bank Transfer,Tunde Adeyemi,April,2024,%Q,Q2
BK05565,2023-12-17,2023-12-27,2024-01-03,7,Presidential,370692,0,370692,2594844,Group,Individual Guest,Walk In,Completed,American,3,Bank Transfer,Direct Booking,December,2023,%Q,Q4
BK05566,2024-08-05,2024-08-11,2024-08-16,5,Suite,171994,0,171994,859970,Leisure,Individual Guest,Travel Agent,Completed,Nigerian,2,POS,Tunde Adeyemi,August,2024,%Q,Q3
BK05567,2024-06-25,2024-07-03,2024-07-14,11,Suite,138706,0,138706,0,Leisure,Individual Guest,Walk In,Cancelled,Nigerian,4,Credit Card,Emeka Okonkwo,July,2024,%Q,Q3
BK05568,2023-07-10,2023-08-06,2023-08-15,9,Suite,162195,0,162195,1459755,MICE,Seplat Energy,Direct,Completed,American,2,Credit Card,Tunde Adeyemi,August,2023,%Q,Q3
BK05569,2023-05-16,2023-06-12,2023-06-26,14,Deluxe,84843,0,84843,1187802,Airline Crew,Lafarge Africa,Corporate Agreement,Completed,Nigerian,3,Bank Transfer,Chioma Eze,June,2023,%Q,Q2
BK05570,2023-04-01,2023-05-20,2023-05-29,9,Executive,113357,5,107689,969202,Leisure,Individual Guest,Direct,Completed,Nigerian,4,Bank Transfer,Direct Booking,May,2023,%Q,Q2
BK05571,2023-10-30,2023-11-16,2023-11-20,4,Suite,125109,10,112598,450392,Corporate,Oando PLC,Corporate Agreement,Completed,Nigerian,2,Cash,Direct Booking,November,2023,%Q,Q4
BK05572,2023-07-05,2023-08-11,2023-08-14,3,Deluxe,90711,20,72569,217706,Corporate,GTCO,Corporate Agreement,Completed,South African,1,Cash,Chioma Eze,August,2023,%Q,Q3
BK05573,2024-08-04,2024-08-24,2024-08-30,6,Standard,63026,10,56723,340340,Group,Individual Guest,Online Travel Agent,Completed,Chinese,2,Corporate Account,Chioma Eze,August,2024,%Q,Q3
BK05574,2023-04-14,2023-05-04,2023-05-16,12,Executive,96808,10,87127,0,Government,NNPC,Travel Agent,Cancelled,Nigerian,2,Corporate Account,Direct Booking,May,2023,%Q,Q2
BK05575,2023-01-15,2023-01-27,2023-02-01,5,Executive,124068,10,111661,558306,Airline Crew,Flour Mills Nigeria,Direct,Completed,Chinese,3,Cash,Tunde Adeyemi,January,2023,%Q,Q1
BK05576,2023-05-06,2023-05-13,2023-05-20,7,Suite,131265,20,105012,735084,Government,PZ Cussons,Travel Agent,Confirmed,Nigerian,1,Bank Transfer,Direct Booking,May,2023,%Q,Q2
BK05577,2023-05-14,2023-06-29,2023-06-30,1,Executive,127914,0,127914,0,MICE,Total Energies,Direct,Cancelled,Ghanaian,1,Credit Card,Chioma Eze,June,2023,%Q,Q2
BK05578,2024-09-03,2024-10-24,2024-11-05,12,Presidential,321760,0,321760,3861120,MICE,Julius Berger,Corporate Agreement,Completed,Nigerian,1,Credit Card,Amaka Osei,October,2024,%Q,Q4
BK05579,2024-03-28,2024-05-16,2024-05-30,14,Presidential,284263,0,284263,3979682,Leisure,Individual Guest,Direct,Completed,Nigerian,2,Bank Transfer,Amaka Osei,May,2024,%Q,Q2
BK05580,2024-03-31,2024-05-05,2024-05-15,10,Deluxe,81833,0,81833,818330,MICE,PZ Cussons,Corporate Agreement,Completed,Ghanaian,2,Cash,Direct Booking,May,2024,%Q,Q2
BK05581,2024-03-15,2024-03-17,2024-03-30,13,Deluxe,75839,0,75839,985907,MICE,GTCO,Direct,Confirmed,British,1,Bank Transfer,Emeka Okonkwo,March,2024,%Q,Q1
BK05582,2024-04-03,2024-05-07,2024-05-20,13,Standard,61079,20,48863,635222,Corporate,9mobile,Online Travel Agent,Confirmed,Nigerian,1,Corporate Account,Chioma Eze,May,2024,%Q,Q2
BK05583,2024-04-17,2024-06-06,2024-06-15,9,Presidential,346777,0,346777,3120993,MICE,Chevron Nigeria,Direct,Completed,Nigerian,2,Bank Transfer,Chioma Eze,June,2024,%Q,Q2
BK05584,2024-09-21,2024-10-23,2024-11-06,14,Executive,120112,0,120112,1681568,Airline Crew,Air Peace,Corporate Agreement,Completed,American,3,Cash,Direct Booking,October,2024,%Q,Q4
BK05585,2023-03-19,2023-04-16,2023-04-29,13,Standard,57231,5,54369,0,Airline Crew,Dangote Group,Direct,No Show,Chinese,2,Corporate Account,Direct Booking,April,2023,%Q,Q2
BK05586,2023-04-17,2023-05-09,2023-05-21,12,Presidential,255607,0,255607,3067284,MICE,Shell Nigeria,Corporate Agreement,Completed,Nigerian,3,Credit Card,Fatima Bello,May,2023,%Q,Q2
BK05587,2024-11-10,2024-12-16,2024-12-19,3,Executive,122943,10,110649,331946,Group,Individual Guest,Online Travel Agent,Confirmed,Chinese,3,Credit Card,Direct Booking,December,2024,%Q,Q4
BK05588,2024-07-06,2024-09-01,2024-09-14,13,Suite,172638,0,172638,2244294,Leisure,Individual Guest,Online Travel Agent,Completed,American,1,Corporate Account,Direct Booking,September,2024,%Q,Q3
BK05589,2024-03-16,2024-04-23,2024-04-25,2,Standard,46542,15,39561,0,Corporate,Julius Berger,Travel Agent,Cancelled,French,1,Credit Card,Fatima Bello,April,2024,%Q,Q2
BK05590,2023-06-16,2023-07-03,2023-07-07,4,Standard,56088,0,56088,224352,MICE,Access Bank,Online Travel Agent,Completed,American,4,Corporate Account,Fatima Bello,July,2023,%Q,Q3
BK05591,2023-03-13,2023-04-23,2023-05-04,11,Suite,163693,20,130954,1440498,Corporate,Oando PLC,Direct,Confirmed,Nigerian,1,Bank Transfer,Tunde Adeyemi,April,2023,%Q,Q2
BK05592,2024-04-06,2024-05-27,2024-06-06,10,Suite,160096,0,160096,1600960,Corporate,Unilever Nigeria,Corporate Agreement,Completed,Nigerian,3,POS,Direct Booking,May,2024,%Q,Q2
BK05593,2024-04-18,2024-05-02,2024-05-06,4,Executive,120558,0,120558,482232,Leisure,Individual Guest,Direct,Completed,Nigerian,1,Cash,Emeka Okonkwo,May,2024,%Q,Q2
BK05594,2024-11-11,2024-12-17,2024-12-19,2,Presidential,265228,10,238705,477410,Government,Nigerian Breweries,Online Travel Agent,Confirmed,British,3,Cash,Tunde Adeyemi,December,2024,%Q,Q4
BK05595,2023-05-21,2023-06-12,2023-06-19,7,Suite,157261,10,141535,990744,MICE,Airtel Nigeria,Online Travel Agent,Confirmed,British,4,Bank Transfer,Fatima Bello,June,2023,%Q,Q2
BK05596,2024-10-10,2024-10-31,2024-11-11,11,Suite,124263,0,124263,1366893,Airline Crew,Unilever Nigeria,Travel Agent,Completed,Nigerian,2,Bank Transfer,Fatima Bello,October,2024,%Q,Q4
BK05597,2023-11-27,2024-01-11,2024-01-21,10,Suite,154985,10,139486,1394865,Airline Crew,Lafarge Africa,Walk In,Confirmed,British,1,POS,Amaka Osei,January,2024,%Q,Q1
BK05598,2023-03-13,2023-03-13,2023-03-14,1,Executive,116356,5,110538,110538,Leisure,Individual Guest,Corporate Agreement,Completed,American,1,Credit Card,Tunde Adeyemi,March,2023,%Q,Q1
BK05599,2024-03-09,2024-04-26,2024-05-06,10,Deluxe,82758,0,82758,827580,MICE,UBA Group,Walk In,Confirmed,American,4,Bank Transfer,Direct Booking,April,2024,%Q,Q2
BK05600,2023-01-01,2023-01-03,2023-01-09,6,Presidential,398604,20,318883,1913299,Corporate,NNPC,Online Travel Agent,Completed,Nigerian,1,Bank Transfer,Emeka Okonkwo,January,2023,%Q,Q1
BK05601,2023-03-10,2023-04-18,2023-04-26,8,Executive,119217,15,101334,810676,Corporate,Airtel Nigeria,Travel Agent,Completed,Nigerian,2,Cash,Emeka Okonkwo,April,2023,%Q,Q2
BK05602,2023-10-07,2023-10-24,2023-11-03,10,Suite,165257,0,165257,1652570,Leisure,Individual Guest,Corporate Agreement,Completed,Nigerian,4,Corporate Account,Chioma Eze,October,2023,%Q,Q4
BK05603,2023-09-05,2023-09-20,2023-09-30,10,Suite,150292,0,150292,1502920,Airline Crew,Nigerian Breweries,Travel Agent,Completed,Nigerian,1,POS,Fatima Bello,September,2023,%Q,Q3
BK05604,2024-02-26,2024-04-25,2024-05-06,11,Presidential,348538,5,331111,0,Airline Crew,PZ Cussons,Direct,Cancelled,Nigerian,1,Credit Card,Direct Booking,April,2024,%Q,Q2
BK05605,2024-09-01,2024-10-04,2024-10-17,13,Standard,60212,0,60212,782756,Group,Individual Guest,Walk In,Confirmed,Nigerian,1,POS,Chioma Eze,October,2024,%Q,Q4
BK05606,2024-09-09,2024-10-24,2024-11-05,12,Presidential,280495,15,238421,2861049,Corporate,Seplat Energy,Direct,Completed,Nigerian,1,POS,Amaka Osei,October,2024,%Q,Q4
BK05607,2024-05-12,2024-05-29,2024-06-12,14,Suite,128310,10,115479,1616706,Corporate,Oando PLC,Corporate Agreement,Completed,Indian,2,Cash,Amaka Osei,May,2024,%Q,Q2
BK05608,2024-07-20,2024-09-14,2024-09-22,8,Executive,115680,10,104112,0,Leisure,Individual Guest,Direct,Cancelled,Kenyan,4,Cash,Fatima Bello,September,2024,%Q,Q3
BK05609,2024-10-20,2024-11-11,2024-11-24,13,Standard,64499,10,58049,0,Leisure,Individual Guest,Travel Agent,No Show,British,1,Cash,Amaka Osei,November,2024,%Q,Q4
BK05610,2023-01-03,2023-01-22,2023-01-28,6,Suite,140398,0,140398,0,MICE,NNPC,Corporate Agreement,Cancelled,Nigerian,3,Corporate Account,Amaka Osei,January,2023,%Q,Q1
BK05611,2024-06-09,2024-07-18,2024-08-01,14,Executive,109227,0,109227,1529178,MICE,Dangote Group,Online Travel Agent,Completed,South African,2,Cash,Emeka Okonkwo,July,2024,%Q,Q3
BK05612,2024-10-10,2024-10-21,2024-10-26,5,Standard,52884,0,52884,264420,Corporate,Airtel Nigeria,Corporate Agreement,Completed,Nigerian,1,POS,Chioma Eze,October,2024,%Q,Q4
BK05613,2023-04-22,2023-05-15,2023-05-20,5,Standard,60492,0,60492,0,Leisure,Individual Guest,Direct,No Show,Nigerian,1,Corporate Account,Fatima Bello,May,2023,%Q,Q2
BK05614,2024-07-27,2024-08-05,2024-08-08,3,Executive,102848,0,102848,308544,MICE,Federal Ministry of Works,Direct,Completed,French,3,Credit Card,Direct Booking,August,2024,%Q,Q3
BK05615,2024-02-29,2024-03-05,2024-03-06,1,Executive,124323,0,124323,124323,Corporate,Federal Ministry of Works,Online Travel Agent,Completed,Ghanaian,4,Credit Card,Tunde Adeyemi,March,2024,%Q,Q1
BK05616,2023-06-03,2023-07-14,2023-07-20,6,Suite,128948,0,128948,773688,MICE,MTN Nigeria,Walk In,Confirmed,Indian,2,Credit Card,Fatima Bello,July,2023,%Q,Q3
BK05617,2024-08-30,2024-10-23,2024-11-05,13,Deluxe,91090,0,91090,1184170,Group,Individual Guest,Direct,Confirmed,Kenyan,1,Credit Card,Direct Booking,October,2024,%Q,Q4
BK05618,2023-12-29,2024-02-13,2024-02-21,8,Suite,121118,0,121118,968944,MICE,Nigerian Breweries,Travel Agent,Completed,American,2,Credit Card,Chioma Eze,February,2024,%Q,Q1
BK05619,2023-02-24,2023-03-21,2023-03-27,6,Suite,165683,0,165683,994098,Leisure,Individual Guest,Online Travel Agent,Completed,Indian,4,POS,Direct Booking,March,2023,%Q,Q1
BK05620,2023-07-11,2023-07-17,2023-07-28,11,Presidential,317800,0,317800,3495800,Leisure,Individual Guest,Direct,Completed,Nigerian,1,Credit Card,Fatima Bello,July,2023,%Q,Q3
BK05621,2023-04-19,2023-06-03,2023-06-17,14,Presidential,358778,5,340839,4771747,Corporate,Oando PLC,Online Travel Agent,Completed,Nigerian,1,Credit Card,Fatima Bello,June,2023,%Q,Q2
BK05622,2023-05-10,2023-05-16,2023-05-19,3,Executive,128652,15,109354,328063,Corporate,MTN Nigeria,Direct,Confirmed,German,3,Cash,Direct Booking,May,2023,%Q,Q2
BK05623,2023-08-06,2023-09-27,2023-10-10,13,Standard,49385,10,44446,577804,Government,Nigerian Ports Authority,Direct,Confirmed,Nigerian,3,Credit Card,Direct Booking,September,2023,%Q,Q3
BK05624,2024-09-29,2024-10-29,2024-10-31,2,Presidential,268975,5,255526,511052,Leisure,Individual Guest,Walk In,Completed,American,4,Cash,Direct Booking,October,2024,%Q,Q4
BK05625,2023-12-16,2024-02-02,2024-02-12,10,Executive,104865,5,99622,996218,Corporate,Federal Ministry of Works,Direct,Completed,Nigerian,1,Credit Card,Direct Booking,February,2024,%Q,Q1
BK05626,2023-09-26,2023-11-09,2023-11-15,6,Executive,112589,0,112589,675534,Corporate,Seplat Energy,Online Travel Agent,Completed,Kenyan,2,Credit Card,Fatima Bello,November,2023,%Q,Q4
BK05627,2023-02-07,2023-02-18,2023-02-21,3,Suite,131682,0,131682,395046,Corporate,Seplat Energy,Walk In,Confirmed,Nigerian,3,Credit Card,Tunde Adeyemi,February,2023,%Q,Q1
BK05628,2024-07-28,2024-09-05,2024-09-15,10,Executive,105475,20,84380,843800,Government,Zenith Bank,Direct,Confirmed,German,1,Corporate Account,Tunde Adeyemi,September,2024,%Q,Q3
BK05629,2024-11-15,2024-11-28,2024-12-08,10,Standard,58817,5,55876,558762,MICE,NNPC,Direct,Completed,British,1,Bank Transfer,Direct Booking,November,2024,%Q,Q4
BK05630,2024-11-26,2024-12-11,2024-12-25,14,Standard,46314,5,43998,615976,Corporate,Unilever Nigeria,Corporate Agreement,Confirmed,Nigerian,3,Bank Transfer,Amaka Osei,December,2024,%Q,Q4
BK05631,2024-10-06,2024-10-25,2024-10-26,1,Presidential,339236,0,339236,339236,MICE,Federal Ministry of Works,Online Travel Agent,Completed,Nigerian,3,Credit Card,Amaka Osei,October,2024,%Q,Q4
BK05632,2024-03-19,2024-04-28,2024-05-09,11,Deluxe,74438,0,74438,818818,Leisure,Individual Guest,Online Travel Agent,Completed,Ghanaian,1,POS,Tunde Adeyemi,April,2024,%Q,Q2
BK05633,2023-12-02,2023-12-15,2023-12-28,13,Deluxe,80076,15,68065,884840,Corporate,Air Peace,Walk In,Completed,British,3,Corporate Account,Direct Booking,December,2023,%Q,Q4
BK05634,2024-04-04,2024-04-29,2024-05-12,13,Suite,140438,5,133416,1734409,Corporate,9mobile,Walk In,Completed,British,4,Cash,Amaka Osei,April,2024,%Q,Q2
BK05635,2023-01-20,2023-03-16,2023-03-19,3,Suite,142446,0,142446,0,Group,Individual Guest,Direct,No Show,American,4,Bank Transfer,Amaka Osei,March,2023,%Q,Q1
BK05636,2024-04-23,2024-06-05,2024-06-10,5,Executive,102899,0,102899,514495,Leisure,Individual Guest,Direct,Confirmed,American,3,Cash,Direct Booking,June,2024,%Q,Q2
BK05637,2024-02-18,2024-04-09,2024-04-22,13,Suite,155118,10,139606,1814881,Corporate,9mobile,Online Travel Agent,Completed,British,3,Cash,Direct Booking,April,2024,%Q,Q2
BK05638,2023-03-08,2023-03-24,2023-04-05,12,Deluxe,73868,0,73868,886416,Group,Individual Guest,Corporate Agreement,Completed,British,4,Credit Card,Chioma Eze,March,2023,%Q,Q1
BK05639,2024-04-22,2024-05-06,2024-05-08,2,Deluxe,88983,5,84534,169068,Corporate,Guinness Nigeria,Direct,Completed,Nigerian,1,Corporate Account,Chioma Eze,May,2024,%Q,Q2
BK05640,2023-06-28,2023-08-05,2023-08-17,12,Suite,141139,0,141139,1693668,Corporate,Shell Nigeria,Corporate Agreement,Completed,South African,2,Corporate Account,Tunde Adeyemi,August,2023,%Q,Q3
BK05641,2024-01-30,2024-02-28,2024-03-12,13,Executive,109269,15,92879,1207422,Corporate,Oando PLC,Direct,Completed,British,3,Credit Card,Direct Booking,February,2024,%Q,Q1
BK05642,2024-07-16,2024-07-26,2024-08-02,7,Standard,60691,20,48553,339870,Corporate,Lafarge Africa,Travel Agent,Completed,Nigerian,2,POS,Direct Booking,July,2024,%Q,Q3
BK05643,2023-04-13,2023-06-11,2023-06-20,9,Presidential,271982,10,244784,2203054,Leisure,Individual Guest,Travel Agent,Completed,American,2,Corporate Account,Amaka Osei,June,2023,%Q,Q2
BK05644,2024-04-23,2024-05-27,2024-06-01,5,Suite,142264,5,135151,675754,Corporate,Conoil,Direct,Completed,Nigerian,4,Cash,Amaka Osei,May,2024,%Q,Q2
BK05645,2024-03-26,2024-04-16,2024-04-25,9,Executive,121671,10,109504,985535,Corporate,Transcorp Hotels,Corporate Agreement,Completed,Nigerian,2,Corporate Account,Tunde Adeyemi,April,2024,%Q,Q2
BK05646,2023-07-23,2023-08-24,2023-09-07,14,Standard,54994,10,49495,692924,Corporate,Nigerian Ports Authority,Travel Agent,Completed,Nigerian,4,Cash,Direct Booking,August,2023,%Q,Q3
BK05647,2023-07-26,2023-07-28,2023-08-08,11,Standard,54701,5,51966,0,Corporate,Lafarge Africa,Direct,No Show,Nigerian,1,Bank Transfer,Chioma Eze,July,2023,%Q,Q3
BK05648,2024-10-25,2024-11-02,2024-11-05,3,Standard,62079,10,55871,167613,Group,Individual Guest,Corporate Agreement,Completed,Nigerian,3,Bank Transfer,Tunde Adeyemi,November,2024,%Q,Q4
BK05649,2023-08-04,2023-09-08,2023-09-09,1,Presidential,386419,0,386419,0,Group,Individual Guest,Walk In,No Show,American,2,Credit Card,Direct Booking,September,2023,%Q,Q3
BK05650,2023-04-20,2023-06-18,2023-06-30,12,Suite,177473,20,141978,1703741,Corporate,Honeywell Group,Walk In,Completed,British,2,Corporate Account,Amaka Osei,June,2023,%Q,Q2
BK05651,2023-06-02,2023-06-12,2023-06-21,9,Executive,121788,0,121788,1096092,Leisure,Individual Guest,Walk In,Confirmed,American,4,Corporate Account,Fatima Bello,June,2023,%Q,Q2
BK05652,2023-10-09,2023-12-02,2023-12-14,12,Suite,158032,0,158032,0,Group,Individual Guest,Corporate Agreement,Cancelled,British,1,Bank Transfer,Fatima Bello,December,2023,%Q,Q4
BK05653,2023-03-11,2023-04-03,2023-04-07,4,Suite,132379,15,112522,450089,Corporate,Chevron Nigeria,Direct,Completed,German,4,Cash,Emeka Okonkwo,April,2023,%Q,Q2
BK05654,2024-07-20,2024-08-18,2024-08-22,4,Standard,58965,10,53068,212274,Leisure,Individual Guest,Online Travel Agent,Completed,Nigerian,3,Bank Transfer,Tunde Adeyemi,August,2024,%Q,Q3
BK05655,2023-06-22,2023-06-29,2023-07-02,3,Standard,53531,15,45501,136504,Government,Glo Mobile,Travel Agent,Completed,Nigerian,3,Cash,Amaka Osei,June,2023,%Q,Q2
BK05656,2023-08-15,2023-08-21,2023-08-24,3,Executive,116258,10,104632,313897,Government,9mobile,Direct,Completed,Ghanaian,3,Cash,Fatima Bello,August,2023,%Q,Q3
BK05657,2023-11-06,2023-12-28,2024-01-06,9,Deluxe,93831,10,84448,760031,Leisure,Individual Guest,Direct,Completed,British,2,POS,Chioma Eze,December,2023,%Q,Q4
BK05658,2023-04-18,2023-06-03,2023-06-16,13,Presidential,396551,0,396551,5155163,Group,Individual Guest,Travel Agent,Completed,Nigerian,1,Bank Transfer,Fatima Bello,June,2023,%Q,Q2
BK05659,2024-01-02,2024-02-14,2024-02-25,11,Suite,170383,10,153345,1686792,Government,Total Energies,Direct,Completed,Nigerian,3,Bank Transfer,Tunde Adeyemi,February,2024,%Q,Q1
BK05660,2024-09-21,2024-11-07,2024-11-11,4,Executive,101764,15,86499,345998,Government,Nigerian Breweries,Travel Agent,Completed,Indian,1,Corporate Account,Direct Booking,November,2024,%Q,Q4
BK05661,2024-09-14,2024-10-15,2024-10-18,3,Suite,166232,5,157920,473761,Corporate,Air Peace,Walk In,Confirmed,French,1,Cash,Direct Booking,October,2024,%Q,Q4
BK05662,2024-10-09,2024-10-27,2024-11-06,10,Standard,59501,0,59501,595010,Leisure,Individual Guest,Corporate Agreement,Completed,Nigerian,1,POS,Direct Booking,October,2024,%Q,Q4
BK05663,2023-09-03,2023-09-26,2023-10-05,9,Presidential,276292,20,221034,1989302,Government,Air Peace,Travel Agent,Completed,Nigerian,4,POS,Chioma Eze,September,2023,%Q,Q3
BK05664,2023-10-15,2023-10-17,2023-10-28,11,Suite,126864,10,114178,1255954,MICE,Honeywell Group,Direct,Completed,American,4,Corporate Account,Fatima Bello,October,2023,%Q,Q4
BK05665,2023-11-04,2023-12-24,2024-01-07,14,Standard,55592,5,52812,739374,Group,Individual Guest,Corporate Agreement,Completed,Nigerian,2,Bank Transfer,Fatima Bello,December,2023,%Q,Q4
BK05666,2024-09-02,2024-10-09,2024-10-22,13,Standard,47066,0,47066,611858,Leisure,Individual Guest,Corporate Agreement,Completed,Nigerian,2,Corporate Account,Emeka Okonkwo,October,2024,%Q,Q4
BK05667,2023-01-01,2023-01-12,2023-01-25,13,Presidential,331229,10,298106,3875379,Leisure,Individual Guest,Direct,Completed,Nigerian,2,POS,Chioma Eze,January,2023,%Q,Q1
BK05668,2023-10-08,2023-11-06,2023-11-09,3,Executive,127134,5,120777,362332,MICE,Oando PLC,Online Travel Agent,Completed,Nigerian,4,Cash,Emeka Okonkwo,November,2023,%Q,Q4
BK05669,2024-03-06,2024-03-27,2024-04-05,9,Executive,108498,5,103073,927658,Group,Individual Guest,Direct,Confirmed,Nigerian,1,Bank Transfer,Direct Booking,March,2024,%Q,Q1
BK05670,2024-05-08,2024-06-14,2024-06-20,6,Suite,177599,10,159839,959035,Corporate,Zenith Bank,Direct,Completed,Nigerian,2,Corporate Account,Chioma Eze,June,2024,%Q,Q2
BK05671,2024-02-06,2024-02-21,2024-03-03,11,Suite,167978,10,151180,0,Group,Individual Guest,Direct,Cancelled,Nigerian,2,Bank Transfer,Amaka Osei,February,2024,%Q,Q1
BK05672,2024-05-06,2024-06-19,2024-06-23,4,Standard,53779,0,53779,215116,Leisure,Individual Guest,Direct,Completed,Nigerian,1,Credit Card,Amaka Osei,June,2024,%Q,Q2
BK05673,2024-09-03,2024-10-24,2024-11-01,8,Suite,150632,5,143100,1144803,Corporate,Access Bank,Corporate Agreement,Completed,British,3,POS,Amaka Osei,October,2024,%Q,Q4
BK05674,2023-06-11,2023-07-13,2023-07-26,13,Standard,51098,0,51098,0,Group,Individual Guest,Online Travel Agent,Cancelled,American,4,Cash,Tunde Adeyemi,July,2023,%Q,Q3
BK05675,2024-04-19,2024-06-05,2024-06-06,1,Executive,97831,0,97831,97831,Leisure,Individual Guest,Corporate Agreement,Completed,Nigerian,4,Credit Card,Chioma Eze,June,2024,%Q,Q2
BK05676,2023-05-31,2023-06-17,2023-06-23,6,Deluxe,92179,15,78352,470113,Corporate,Oando PLC,Direct,Confirmed,British,3,Cash,Amaka Osei,June,2023,%Q,Q2
BK05677,2024-01-13,2024-02-20,2024-02-27,7,Deluxe,70049,0,70049,490343,Leisure,Individual Guest,Corporate Agreement,Completed,Nigerian,4,Bank Transfer,Tunde Adeyemi,February,2024,%Q,Q1
BK05678,2024-04-05,2024-06-04,2024-06-11,7,Deluxe,76818,10,69136,483953,MICE,GTCO,Direct,Completed,Nigerian,1,Cash,Emeka Okonkwo,June,2024,%Q,Q2
BK05679,2023-04-30,2023-06-26,2023-07-06,10,Standard,51590,0,51590,515900,Airline Crew,Airtel Nigeria,Travel Agent,Completed,Nigerian,3,POS,Tunde Adeyemi,June,2023,%Q,Q2
BK05680,2023-01-01,2023-01-02,2023-01-05,3,Presidential,302472,0,302472,907416,Leisure,Individual Guest,Online Travel Agent,Confirmed,Indian,3,Cash,Direct Booking,January,2023,%Q,Q1
BK05681,2024-10-07,2024-12-02,2024-12-13,11,Suite,172928,5,164282,1807098,Airline Crew,Dangote Group,Online Travel Agent,Completed,Nigerian,2,Corporate Account,Tunde Adeyemi,December,2024,%Q,Q4
BK05682,2024-08-23,2024-10-15,2024-10-16,1,Executive,96380,20,77104,0,Government,Nestle Nigeria,Online Travel Agent,No Show,Nigerian,1,Bank Transfer,Direct Booking,October,2024,%Q,Q4
BK05683,2024-09-05,2024-10-13,2024-10-16,3,Executive,95561,0,95561,286683,Leisure,Individual Guest,Travel Agent,Completed,Nigerian,3,Corporate Account,Chioma Eze,October,2024,%Q,Q4
BK05684,2023-06-18,2023-07-27,2023-07-28,1,Deluxe,74890,10,67401,67401,Corporate,Chevron Nigeria,Online Travel Agent,Confirmed,Nigerian,2,Bank Transfer,Fatima Bello,July,2023,%Q,Q3
BK05685,2024-06-20,2024-07-03,2024-07-17,14,Deluxe,93491,15,79467,0,Government,Guinness Nigeria,Direct,Cancelled,Nigerian,1,Cash,Tunde Adeyemi,July,2024,%Q,Q3
BK05686,2023-02-16,2023-03-01,2023-03-10,9,Presidential,387636,20,310109,0,Government,Access Bank,Online Travel Agent,No Show,British,2,POS,Chioma Eze,March,2023,%Q,Q1
BK05687,2023-05-06,2023-06-18,2023-06-22,4,Deluxe,74158,0,74158,296632,Corporate,GTCO,Travel Agent,Completed,Nigerian,4,POS,Fatima Bello,June,2023,%Q,Q2
BK05688,2023-01-02,2023-02-16,2023-02-25,9,Standard,61679,0,61679,555111,Leisure,Individual Guest,Walk In,Confirmed,Nigerian,4,Credit Card,Direct Booking,February,2023,%Q,Q1
BK05689,2024-11-17,2024-11-28,2024-12-12,14,Standard,53518,10,48166,674327,Corporate,9mobile,Direct,Completed,Nigerian,1,Bank Transfer,Emeka Okonkwo,November,2024,%Q,Q4
BK05690,2024-04-15,2024-06-12,2024-06-22,10,Presidential,379085,0,379085,0,MICE,Flour Mills Nigeria,Direct,Cancelled,Nigerian,2,Corporate Account,Direct Booking,June,2024,%Q,Q2
BK05691,2023-07-27,2023-08-12,2023-08-20,8,Presidential,345614,0,345614,2764912,Group,Individual Guest,Travel Agent,Completed,Nigerian,2,Credit Card,Chioma Eze,August,2023,%Q,Q3
BK05692,2023-01-12,2023-02-23,2023-03-02,7,Standard,63046,20,50437,353058,Corporate,Oando PLC,Walk In,Completed,South African,3,Corporate Account,Emeka Okonkwo,February,2023,%Q,Q1
BK05693,2023-11-28,2023-12-31,2024-01-10,10,Executive,126884,5,120540,1205398,Airline Crew,Airtel Nigeria,Direct,Completed,Nigerian,2,POS,Tunde Adeyemi,December,2023,%Q,Q4
BK05694,2024-08-15,2024-08-26,2024-08-27,1,Deluxe,87503,5,83128,83128,Group,Individual Guest,Corporate Agreement,Completed,Indian,3,Bank Transfer,Direct Booking,August,2024,%Q,Q3
BK05695,2024-08-13,2024-08-31,2024-09-12,12,Executive,119891,10,107902,1294823,MICE,Chevron Nigeria,Corporate Agreement,Completed,Nigerian,4,Bank Transfer,Tunde Adeyemi,August,2024,%Q,Q3
BK05696,2024-09-30,2024-10-09,2024-10-16,7,Suite,155452,0,155452,0,Corporate,9mobile,Direct,Cancelled,Nigerian,4,Cash,Emeka Okonkwo,October,2024,%Q,Q4
BK05697,2024-03-21,2024-04-05,2024-04-17,12,Executive,104910,10,94419,1133028,Corporate,Transcorp Hotels,Corporate Agreement,Completed,Chinese,4,Bank Transfer,Amaka Osei,April,2024,%Q,Q2
BK05698,2024-09-24,2024-10-15,2024-10-21,6,Executive,124797,0,124797,748782,Leisure,Individual Guest,Direct,Completed,Nigerian,3,Corporate Account,Emeka Okonkwo,October,2024,%Q,Q4
BK05699,2023-08-17,2023-09-24,2023-10-06,12,Presidential,383193,5,364033,4368400,Leisure,Individual Guest,Corporate Agreement,Confirmed,Chinese,4,Corporate Account,Direct Booking,September,2023,%Q,Q3
BK05700,2024-04-29,2024-06-15,2024-06-29,14,Presidential,263713,0,263713,3691982,Corporate,Chevron Nigeria,Walk In,Completed,British,1,Credit Card,Tunde Adeyemi,June,2024,%Q,Q2
BK05701,2024-07-13,2024-07-27,2024-07-31,4,Suite,127907,20,102326,409302,Government,Transcorp Hotels,Direct,Completed,Nigerian,2,Bank Transfer,Chioma Eze,July,2024,%Q,Q3
BK05702,2024-09-29,2024-10-02,2024-10-06,4,Deluxe,86697,10,78027,0,Government,MTN Nigeria,Online Travel Agent,Cancelled,Nigerian,2,Corporate Account,Tunde Adeyemi,October,2024,%Q,Q4
BK05703,2023-04-29,2023-06-04,2023-06-16,12,Suite,172166,10,154949,1859393,Group,Individual Guest,Direct,Completed,French,1,POS,Direct Booking,June,2023,%Q,Q2
BK05704,2024-05-25,2024-07-08,2024-07-16,8,Suite,157037,10,141333,0,MICE,Oando PLC,Corporate Agreement,Cancelled,British,1,Corporate Account,Tunde Adeyemi,July,2024,%Q,Q3
BK05705,2024-06-30,2024-08-27,2024-08-30,3,Presidential,311678,15,264926,0,Government,Lagos State Government,Corporate Agreement,Cancelled,British,1,Credit Card,Emeka Okonkwo,August,2024,%Q,Q3
BK05706,2024-02-15,2024-03-15,2024-03-29,14,Presidential,358722,20,286978,4017686,Government,Conoil,Online Travel Agent,Completed,Kenyan,3,Bank Transfer,Fatima Bello,March,2024,%Q,Q1
BK05707,2024-02-05,2024-02-07,2024-02-15,8,Executive,119892,10,107903,863222,Group,Individual Guest,Corporate Agreement,Completed,Kenyan,3,Cash,Chioma Eze,February,2024,%Q,Q1
BK05708,2023-02-01,2023-03-07,2023-03-09,2,Suite,125364,15,106559,213119,Corporate,Glo Mobile,Direct,Completed,South African,3,Cash,Tunde Adeyemi,March,2023,%Q,Q1
BK05709,2023-07-07,2023-08-23,2023-08-24,1,Standard,61518,0,61518,61518,Group,Individual Guest,Direct,Completed,Nigerian,1,Credit Card,Tunde Adeyemi,August,2023,%Q,Q3
BK05710,2023-04-30,2023-06-15,2023-06-26,11,Executive,106776,0,106776,1174536,Leisure,Individual Guest,Online Travel Agent,Completed,Nigerian,4,Credit Card,Chioma Eze,June,2023,%Q,Q2
BK05711,2023-07-12,2023-09-05,2023-09-07,2,Standard,53729,15,45670,91339,Corporate,Zenith Bank,Online Travel Agent,Completed,Kenyan,4,Credit Card,Fatima Bello,September,2023,%Q,Q3
BK05712,2024-03-02,2024-03-25,2024-04-07,13,Presidential,365126,10,328613,4271974,Corporate,Seplat Energy,Corporate Agreement,Completed,Nigerian,1,Corporate Account,Chioma Eze,March,2024,%Q,Q1
BK05713,2023-05-15,2023-07-13,2023-07-25,12,Suite,145825,20,116660,1399920,Government,Glo Mobile,Online Travel Agent,Completed,French,4,POS,Amaka Osei,July,2023,%Q,Q3
BK05714,2023-07-13,2023-08-26,2023-08-31,5,Presidential,364465,10,328018,1640092,MICE,Honeywell Group,Corporate Agreement,Confirmed,South African,2,Credit Card,Emeka Okonkwo,August,2023,%Q,Q3
BK05715,2023-03-06,2023-04-06,2023-04-19,13,Executive,107650,0,107650,1399450,Leisure,Individual Guest,Direct,Confirmed,Ghanaian,1,POS,Amaka Osei,April,2023,%Q,Q2
BK05716,2023-01-12,2023-01-14,2023-01-15,1,Executive,125860,5,119567,119567,Leisure,Individual Guest,Direct,Completed,Ghanaian,2,Corporate Account,Tunde Adeyemi,January,2023,%Q,Q1
BK05717,2024-10-12,2024-10-16,2024-10-21,5,Presidential,391556,10,352400,1762002,Leisure,Individual Guest,Direct,Completed,Nigerian,1,Bank Transfer,Chioma Eze,October,2024,%Q,Q4
BK05718,2023-06-14,2023-07-23,2023-07-27,4,Deluxe,75272,0,75272,301088,Leisure,Individual Guest,Corporate Agreement,Completed,Kenyan,3,Cash,Chioma Eze,July,2023,%Q,Q3
BK05719,2024-04-10,2024-05-08,2024-05-11,3,Presidential,379574,5,360595,1081786,Group,Individual Guest,Direct,Completed,Ghanaian,1,Corporate Account,Direct Booking,May,2024,%Q,Q2
BK05720,2023-10-21,2023-11-16,2023-11-17,1,Executive,120394,0,120394,120394,Leisure,Individual Guest,Corporate Agreement,Completed,Nigerian,1,Corporate Account,Amaka Osei,November,2023,%Q,Q4
BK05721,2024-03-21,2024-04-28,2024-05-05,7,Presidential,293332,0,293332,2053324,Corporate,FAAN,Corporate Agreement,Confirmed,Nigerian,2,POS,Direct Booking,April,2024,%Q,Q2
BK05722,2024-06-08,2024-07-11,2024-07-19,8,Executive,96905,0,96905,0,Group,Individual Guest,Walk In,Cancelled,Nigerian,4,Credit Card,Amaka Osei,July,2024,%Q,Q3
BK05723,2023-09-23,2023-11-20,2023-12-03,13,Presidential,279268,0,279268,3630484,Leisure,Individual Guest,Direct,Completed,Indian,2,Credit Card,Emeka Okonkwo,November,2023,%Q,Q4
BK05724,2023-04-03,2023-04-15,2023-04-25,10,Deluxe,80384,0,80384,803840,Leisure,Individual Guest,Travel Agent,Completed,Kenyan,4,Credit Card,Chioma Eze,April,2023,%Q,Q2
BK05725,2024-05-13,2024-07-08,2024-07-11,3,Presidential,316621,5,300790,902370,Corporate,Nigerian Breweries,Online Travel Agent,Completed,American,3,Bank Transfer,Amaka Osei,July,2024,%Q,Q3
BK05726,2023-06-04,2023-07-10,2023-07-11,1,Standard,62722,15,53314,0,Corporate,Unilever Nigeria,Online Travel Agent,Cancelled,British,4,Corporate Account,Direct Booking,July,2023,%Q,Q3
BK05727,2024-06-08,2024-06-09,2024-06-13,4,Deluxe,73195,0,73195,292780,Leisure,Individual Guest,Direct,Completed,British,3,Corporate Account,Tunde Adeyemi,June,2024,%Q,Q2
BK05728,2023-07-12,2023-08-07,2023-08-15,8,Presidential,317598,10,285838,2286706,Leisure,Individual Guest,Corporate Agreement,Completed,American,4,Corporate Account,Direct Booking,August,2023,%Q,Q3
BK05729,2024-09-15,2024-09-21,2024-10-05,14,Presidential,326170,0,326170,4566380,MICE,Zenith Bank,Direct,Completed,American,4,POS,Chioma Eze,September,2024,%Q,Q3
BK05730,2023-08-12,2023-09-13,2023-09-26,13,Suite,125975,20,100780,1310140,Government,Flour Mills Nigeria,Walk In,Confirmed,Nigerian,2,Cash,Direct Booking,September,2023,%Q,Q3
BK05731,2023-07-19,2023-09-16,2023-09-17,1,Standard,46540,0,46540,46540,MICE,Nigerian Ports Authority,Online Travel Agent,Completed,American,4,POS,Fatima Bello,September,2023,%Q,Q3
BK05732,2023-03-28,2023-05-23,2023-06-06,14,Suite,150972,0,150972,2113608,MICE,Airtel Nigeria,Walk In,Confirmed,Nigerian,2,Bank Transfer,Tunde Adeyemi,May,2023,%Q,Q2
BK05733,2024-04-08,2024-05-01,2024-05-04,3,Suite,177688,20,142150,426451,Corporate,Nigerian Ports Authority,Corporate Agreement,Completed,Nigerian,3,Corporate Account,Amaka Osei,May,2024,%Q,Q2
BK05734,2023-04-30,2023-05-16,2023-05-22,6,Executive,125763,5,119475,0,Airline Crew,Shell Nigeria,Online Travel Agent,No Show,American,1,Credit Card,Fatima Bello,May,2023,%Q,Q2
BK05735,2023-10-29,2023-11-24,2023-11-26,2,Deluxe,87808,15,74637,0,Corporate,NNPC,Travel Agent,Cancelled,British,1,Bank Transfer,Chioma Eze,November,2023,%Q,Q4
BK05736,2023-06-17,2023-08-02,2023-08-10,8,Deluxe,75564,0,75564,604512,Group,Individual Guest,Online Travel Agent,Completed,Nigerian,4,Credit Card,Amaka Osei,August,2023,%Q,Q3
BK05737,2023-09-08,2023-10-20,2023-10-31,11,Suite,139903,10,125913,1385040,Corporate,Total Energies,Walk In,Completed,British,1,Cash,Emeka Okonkwo,October,2023,%Q,Q4
BK05738,2024-05-15,2024-06-19,2024-06-24,5,Suite,124649,0,124649,623245,Airline Crew,FBN Holdings,Travel Agent,Completed,Nigerian,1,Corporate Account,Chioma Eze,June,2024,%Q,Q2
BK05739,2023-04-12,2023-05-19,2023-06-02,14,Deluxe,81682,15,69430,972016,Government,Access Bank,Travel Agent,Completed,Kenyan,2,Corporate Account,Fatima Bello,May,2023,%Q,Q2
BK05740,2024-07-31,2024-09-28,2024-10-02,4,Presidential,262107,0,262107,0,Leisure,Individual Guest,Walk In,No Show,Nigerian,2,Cash,Direct Booking,September,2024,%Q,Q3
BK05741,2024-11-11,2024-11-17,2024-11-29,12,Executive,119548,0,119548,1434576,Group,Individual Guest,Direct,Confirmed,Chinese,3,Bank Transfer,Amaka Osei,November,2024,%Q,Q4
BK05742,2023-12-14,2024-02-11,2024-02-15,4,Standard,53223,10,47901,191603,Leisure,Individual Guest,Online Travel Agent,Completed,South African,1,Cash,Emeka Okonkwo,February,2024,%Q,Q1
BK05743,2024-05-25,2024-07-02,2024-07-14,12,Presidential,377491,10,339742,4076903,Leisure,Individual Guest,Travel Agent,Completed,Nigerian,4,POS,Emeka Okonkwo,July,2024,%Q,Q3
BK05744,2024-06-02,2024-06-07,2024-06-21,14,Executive,122476,0,122476,1714664,Leisure,Individual Guest,Online Travel Agent,Confirmed,Nigerian,4,POS,Fatima Bello,June,2024,%Q,Q2
BK05745,2024-09-06,2024-10-21,2024-10-26,5,Executive,107723,5,102337,511684,MICE,Access Bank,Online Travel Agent,Completed,Nigerian,3,Cash,Chioma Eze,October,2024,%Q,Q4
BK05746,2023-08-22,2023-10-20,2023-10-28,8,Executive,96530,0,96530,772240,Leisure,Individual Guest,Corporate Agreement,Completed,Nigerian,2,POS,Chioma Eze,October,2023,%Q,Q4
BK05747,2024-06-14,2024-07-07,2024-07-20,13,Executive,113584,0,113584,1476592,MICE,Guinness Nigeria,Travel Agent,Completed,American,1,Bank Transfer,Chioma Eze,July,2024,%Q,Q3
BK05748,2024-03-03,2024-03-12,2024-03-18,6,Executive,124749,15,106037,636220,Corporate,Access Bank,Online Travel Agent,Completed,Chinese,4,Credit Card,Emeka Okonkwo,March,2024,%Q,Q1
BK05749,2024-08-27,2024-09-30,2024-10-10,10,Standard,62689,10,56420,564201,Corporate,Nigerian Ports Authority,Walk In,Confirmed,British,3,Bank Transfer,Amaka Osei,September,2024,%Q,Q3
BK05750,2023-12-22,2024-02-12,2024-02-16,4,Standard,58840,0,58840,235360,Group,Individual Guest,Walk In,Completed,Chinese,4,Corporate Account,Amaka Osei,February,2024,%Q,Q1
BK05751,2024-07-19,2024-07-31,2024-08-13,13,Deluxe,77823,0,77823,1011699,Leisure,Individual Guest,Travel Agent,Completed,Nigerian,2,Credit Card,Fatima Bello,July,2024,%Q,Q3
BK05752,2024-10-15,2024-10-31,2024-11-02,2,Presidential,315273,0,315273,630546,Group,Individual Guest,Direct,Completed,Nigerian,2,Credit Card,Fatima Bello,October,2024,%Q,Q4
BK05753,2024-01-12,2024-02-08,2024-02-15,7,Suite,133607,20,106886,748199,Corporate,Seplat Energy,Travel Agent,Completed,Nigerian,2,Bank Transfer,Amaka Osei,February,2024,%Q,Q1
BK05754,2023-03-24,2023-03-26,2023-03-27,1,Standard,51724,15,43965,43965,Government,Federal Ministry of Works,Travel Agent,Completed,Nigerian,4,POS,Amaka Osei,March,2023,%Q,Q1
BK05755,2023-10-04,2023-11-12,2023-11-24,12,Presidential,268218,0,268218,3218616,Leisure,Individual Guest,Walk In,Completed,American,1,Cash,Emeka Okonkwo,November,2023,%Q,Q4
BK05756,2024-08-28,2024-09-15,2024-09-28,13,Deluxe,81615,5,77534,0,Corporate,Access Bank,Travel Agent,Cancelled,British,3,Credit Card,Chioma Eze,September,2024,%Q,Q3
BK05757,2024-03-06,2024-04-12,2024-04-18,6,Deluxe,85766,5,81478,488866,Corporate,Oando PLC,Corporate Agreement,Completed,French,3,Credit Card,Emeka Okonkwo,April,2024,%Q,Q2
BK05758,2024-07-24,2024-09-12,2024-09-25,13,Deluxe,76966,5,73118,950530,Leisure,Individual Guest,Corporate Agreement,Confirmed,South African,1,Bank Transfer,Emeka Okonkwo,September,2024,%Q,Q3
BK05759,2024-02-19,2024-04-17,2024-04-30,13,Suite,140218,5,133207,1731692,Leisure,Individual Guest,Direct,Completed,British,1,Cash,Emeka Okonkwo,April,2024,%Q,Q2
BK05760,2023-10-30,2023-11-28,2023-11-29,1,Presidential,303007,20,242406,242406,Corporate,Nestle Nigeria,Direct,Completed,Kenyan,3,Credit Card,Direct Booking,November,2023,%Q,Q4
BK05761,2024-05-14,2024-05-25,2024-06-01,7,Standard,61057,0,61057,427399,Corporate,Air Peace,Walk In,Completed,Nigerian,3,Bank Transfer,Chioma Eze,May,2024,%Q,Q2
BK05762,2023-12-20,2024-01-24,2024-01-29,5,Executive,120198,0,120198,600990,Leisure,Individual Guest,Direct,Completed,Indian,2,Corporate Account,Fatima Bello,January,2024,%Q,Q1
BK05763,2024-03-06,2024-03-31,2024-04-09,9,Standard,50221,0,50221,451989,MICE,UBA Group,Walk In,Completed,South African,3,Credit Card,Emeka Okonkwo,March,2024,%Q,Q1
BK05764,2023-11-19,2023-12-31,2024-01-11,11,Standard,47229,5,44868,493543,Corporate,Access Bank,Corporate Agreement,Completed,American,3,Credit Card,Chioma Eze,December,2023,%Q,Q4
BK05765,2023-11-18,2023-12-11,2023-12-21,10,Deluxe,70247,10,63222,632223,Corporate,FAAN,Corporate Agreement,Completed,Nigerian,3,POS,Chioma Eze,December,2023,%Q,Q4
BK05766,2023-11-24,2024-01-05,2024-01-16,11,Presidential,398792,0,398792,4386712,Corporate,Airtel Nigeria,Walk In,Confirmed,Nigerian,4,Credit Card,Amaka Osei,January,2024,%Q,Q1
BK05767,2024-10-04,2024-10-08,2024-10-16,8,Deluxe,94436,0,94436,755488,Group,Individual Guest,Direct,Confirmed,Nigerian,1,Bank Transfer,Tunde Adeyemi,October,2024,%Q,Q4
BK05768,2023-09-17,2023-10-21,2023-10-28,7,Executive,125902,0,125902,881314,Leisure,Individual Guest,Travel Agent,Confirmed,Nigerian,3,Corporate Account,Fatima Bello,October,2023,%Q,Q4
BK05769,2023-05-17,2023-06-29,2023-07-05,6,Suite,166373,0,166373,998238,Leisure,Individual Guest,Online Travel Agent,Completed,Nigerian,1,POS,Tunde Adeyemi,June,2023,%Q,Q2
BK05770,2023-08-10,2023-09-30,2023-10-05,5,Standard,60072,15,51061,255306,Corporate,9mobile,Online Travel Agent,Completed,Nigerian,2,Credit Card,Direct Booking,September,2023,%Q,Q3
BK05771,2024-08-08,2024-08-10,2024-08-24,14,Executive,95603,10,86043,1204598,MICE,Flour Mills Nigeria,Corporate Agreement,Completed,Nigerian,2,Cash,Tunde Adeyemi,August,2024,%Q,Q3
BK05772,2024-08-28,2024-10-09,2024-10-19,10,Suite,125414,0,125414,1254140,Leisure,Individual Guest,Direct,Completed,Nigerian,1,Bank Transfer,Emeka Okonkwo,October,2024,%Q,Q4
BK05773,2024-05-04,2024-06-17,2024-06-21,4,Standard,59636,5,56654,226617,Leisure,Individual Guest,Direct,Completed,Nigerian,2,Credit Card,Chioma Eze,June,2024,%Q,Q2
BK05774,2023-10-07,2023-11-11,2023-11-15,4,Deluxe,75111,0,75111,300444,Group,Individual Guest,Travel Agent,Completed,Kenyan,4,Bank Transfer,Chioma Eze,November,2023,%Q,Q4
BK05775,2023-10-26,2023-11-08,2023-11-17,9,Executive,110442,15,93876,844881,Government,Nestle Nigeria,Direct,Completed,Nigerian,3,Corporate Account,Chioma Eze,November,2023,%Q,Q4
BK05776,2024-03-11,2024-05-09,2024-05-15,6,Standard,53158,0,53158,318948,Leisure,Individual Guest,Walk In,Completed,South African,3,POS,Amaka Osei,May,2024,%Q,Q2
BK05777,2023-01-27,2023-03-05,2023-03-09,4,Executive,101889,0,101889,407556,MICE,Unilever Nigeria,Direct,Completed,South African,1,Credit Card,Tunde Adeyemi,March,2023,%Q,Q1
BK05778,2023-01-11,2023-02-14,2023-02-24,10,Standard,64035,0,64035,640350,Leisure,Individual Guest,Travel Agent,Completed,Nigerian,1,Corporate Account,Fatima Bello,February,2023,%Q,Q1
BK05779,2024-04-30,2024-06-25,2024-07-03,8,Executive,128018,15,108815,870522,Corporate,Lagos State Government,Online Travel Agent,Completed,Nigerian,2,Cash,Tunde Adeyemi,June,2024,%Q,Q2
BK05780,2024-02-22,2024-03-26,2024-04-02,7,Suite,150642,15,128046,896320,Corporate,NNPC,Travel Agent,Completed,Nigerian,2,POS,Tunde Adeyemi,March,2024,%Q,Q1
BK05781,2024-05-19,2024-05-20,2024-05-26,6,Standard,64759,5,61521,369126,Corporate,Nigerian Ports Authority,Online Travel Agent,Confirmed,Nigerian,2,Cash,Fatima Bello,May,2024,%Q,Q2
BK05782,2023-05-31,2023-06-27,2023-06-29,2,Executive,98802,0,98802,197604,Group,Individual Guest,Direct,Completed,Nigerian,4,Cash,Amaka Osei,June,2023,%Q,Q2
BK05783,2024-11-25,2024-12-06,2024-12-11,5,Standard,52287,0,52287,261435,Group,Individual Guest,Online Travel Agent,Completed,British,3,Credit Card,Amaka Osei,December,2024,%Q,Q4
BK05784,2023-10-09,2023-10-24,2023-11-03,10,Presidential,350467,0,350467,0,Group,Individual Guest,Direct,Cancelled,Nigerian,3,Corporate Account,Amaka Osei,October,2023,%Q,Q4
BK05785,2023-06-12,2023-07-28,2023-08-01,4,Executive,108113,0,108113,432452,Group,Individual Guest,Walk In,Completed,American,4,Bank Transfer,Tunde Adeyemi,July,2023,%Q,Q3
BK05786,2024-06-01,2024-07-03,2024-07-09,6,Deluxe,84877,15,72145,432873,Government,NNPC,Online Travel Agent,Completed,Ghanaian,1,POS,Emeka Okonkwo,July,2024,%Q,Q3
BK05787,2024-09-28,2024-11-23,2024-12-04,11,Presidential,399417,0,399417,4393587,Leisure,Individual Guest,Corporate Agreement,Completed,American,1,Cash,Fatima Bello,November,2024,%Q,Q4
BK05788,2024-10-04,2024-11-16,2024-11-29,13,Suite,161782,0,161782,2103166,MICE,Julius Berger,Online Travel Agent,Completed,Nigerian,3,Corporate Account,Amaka Osei,November,2024,%Q,Q4
BK05789,2023-11-16,2023-11-21,2023-11-28,7,Standard,56375,20,45100,315700,Government,9mobile,Direct,Completed,Nigerian,1,POS,Chioma Eze,November,2023,%Q,Q4
BK05790,2024-04-28,2024-06-17,2024-06-24,7,Presidential,349911,10,314920,2204439,Government,Access Bank,Online Travel Agent,Completed,Nigerian,4,Bank Transfer,Emeka Okonkwo,June,2024,%Q,Q2
BK05791,2024-07-03,2024-08-29,2024-09-06,8,Standard,47594,0,47594,380752,Group,Individual Guest,Online Travel Agent,Completed,British,2,Corporate Account,Chioma Eze,August,2024,%Q,Q3
BK05792,2023-06-16,2023-07-10,2023-07-11,1,Standard,57264,0,57264,57264,Group,Individual Guest,Travel Agent,Completed,Nigerian,1,Corporate Account,Emeka Okonkwo,July,2023,%Q,Q3
BK05793,2023-09-09,2023-09-30,2023-10-04,4,Deluxe,83286,20,66629,266515,Government,Nestle Nigeria,Travel Agent,Completed,British,1,Corporate Account,Chioma Eze,September,2023,%Q,Q3
BK05794,2023-01-01,2023-01-02,2023-01-14,12,Deluxe,75672,5,71888,862661,Leisure,Individual Guest,Walk In,Confirmed,American,3,Credit Card,Tunde Adeyemi,January,2023,%Q,Q1
BK05795,2023-11-18,2024-01-10,2024-01-20,10,Deluxe,73946,15,62854,628541,Government,PZ Cussons,Travel Agent,Completed,Nigerian,1,POS,Chioma Eze,January,2024,%Q,Q1
BK05796,2024-02-08,2024-02-24,2024-03-07,12,Deluxe,72675,0,72675,872100,Leisure,Individual Guest,Direct,Completed,Nigerian,4,Cash,Direct Booking,February,2024,%Q,Q1
BK05797,2023-03-06,2023-03-10,2023-03-23,13,Presidential,351261,0,351261,4566393,MICE,Oando PLC,Corporate Agreement,Completed,British,2,POS,Emeka Okonkwo,March,2023,%Q,Q1
BK05798,2023-01-01,2023-01-21,2023-02-01,11,Suite,139344,0,139344,0,Leisure,Individual Guest,Online Travel Agent,Cancelled,Nigerian,3,Credit Card,Amaka Osei,January,2023,%Q,Q1
BK05799,2024-01-30,2024-03-29,2024-03-30,1,Presidential,380974,15,323828,0,Corporate,Nigerian Breweries,Corporate Agreement,No Show,Ghanaian,1,Cash,Chioma Eze,March,2024,%Q,Q1
BK05800,2024-01-09,2024-02-26,2024-03-02,5,Executive,102180,5,97071,485355,Group,Individual Guest,Online Travel Agent,Completed,Nigerian,2,Cash,Fatima Bello,February,2024,%Q,Q1
BK05801,2024-07-08,2024-07-15,2024-07-27,12,Deluxe,72888,15,61955,743458,Corporate,Glo Mobile,Walk In,Completed,South African,1,POS,Chioma Eze,July,2024,%Q,Q3
BK05802,2023-05-16,2023-05-17,2023-05-30,13,Executive,129863,0,129863,1688219,MICE,9mobile,Online Travel Agent,Completed,Nigerian,2,Bank Transfer,Chioma Eze,May,2023,%Q,Q2
BK05803,2023-04-30,2023-06-15,2023-06-23,8,Executive,119828,0,119828,958624,Group,Individual Guest,Corporate Agreement,Confirmed,Nigerian,2,Corporate Account,Emeka Okonkwo,June,2023,%Q,Q2
BK05804,2023-05-25,2023-07-01,2023-07-09,8,Deluxe,94613,5,89882,719059,Group,Individual Guest,Direct,Completed,Nigerian,1,POS,Amaka Osei,July,2023,%Q,Q3
BK05805,2024-03-07,2024-03-26,2024-04-03,8,Deluxe,72141,0,72141,577128,Group,Individual Guest,Travel Agent,Confirmed,British,2,Corporate Account,Amaka Osei,March,2024,%Q,Q1
BK05806,2023-09-07,2023-10-30,2023-11-03,4,Executive,101739,5,96652,0,Corporate,Flour Mills Nigeria,Online Travel Agent,Cancelled,American,2,Cash,Chioma Eze,October,2023,%Q,Q4
BK05807,2024-03-26,2024-04-16,2024-04-20,4,Deluxe,92555,5,87927,351709,Corporate,Oando PLC,Online Travel Agent,Confirmed,Nigerian,2,POS,Fatima Bello,April,2024,%Q,Q2
BK05808,2023-04-22,2023-06-15,2023-06-21,6,Deluxe,81031,5,76979,461877,Corporate,Total Energies,Online Travel Agent,Completed,American,1,POS,Direct Booking,June,2023,%Q,Q2
BK05809,2023-08-08,2023-08-24,2023-09-02,9,Executive,102253,5,97140,874263,Corporate,Transcorp Hotels,Online Travel Agent,Completed,French,3,Corporate Account,Direct Booking,August,2023,%Q,Q3
BK05810,2023-04-27,2023-06-16,2023-06-19,3,Standard,50248,0,50248,150744,Airline Crew,Conoil,Online Travel Agent,Confirmed,British,2,Cash,Tunde Adeyemi,June,2023,%Q,Q2
BK05811,2023-05-30,2023-07-12,2023-07-16,4,Presidential,375455,0,375455,1501820,Group,Individual Guest,Online Travel Agent,Completed,South African,1,Cash,Tunde Adeyemi,July,2023,%Q,Q3
BK05812,2023-04-19,2023-05-09,2023-05-11,2,Executive,110721,10,99649,199298,Leisure,Individual Guest,Online Travel Agent,Completed,Nigerian,3,Corporate Account,Tunde Adeyemi,May,2023,%Q,Q2
BK05813,2023-12-12,2024-01-20,2024-02-01,12,Suite,160391,10,144352,1732223,Corporate,Transcorp Hotels,Travel Agent,Completed,Kenyan,3,Credit Card,Amaka Osei,January,2024,%Q,Q1
BK05814,2023-10-30,2023-11-19,2023-12-01,12,Deluxe,92815,20,74252,891024,Corporate,FAAN,Direct,Completed,Kenyan,2,Cash,Fatima Bello,November,2023,%Q,Q4
BK05815,2023-07-02,2023-08-03,2023-08-05,2,Presidential,387716,10,348944,697889,Group,Individual Guest,Walk In,Confirmed,Nigerian,2,Cash,Tunde Adeyemi,August,2023,%Q,Q3
BK05816,2023-01-31,2023-02-05,2023-02-15,10,Standard,56113,10,50502,505017,Corporate,Unilever Nigeria,Direct,Completed,British,1,Corporate Account,Emeka Okonkwo,February,2023,%Q,Q1
BK05817,2024-10-13,2024-11-24,2024-11-29,5,Presidential,279836,15,237861,1189303,Corporate,Flour Mills Nigeria,Walk In,Completed,Nigerian,4,Cash,Direct Booking,November,2024,%Q,Q4
BK05818,2023-12-17,2023-12-28,2023-12-30,2,Executive,126619,0,126619,253238,Group,Individual Guest,Corporate Agreement,Completed,Indian,3,Corporate Account,Amaka Osei,December,2023,%Q,Q4
BK05819,2023-12-11,2023-12-23,2023-12-25,2,Presidential,315082,15,267820,535639,Corporate,Nigerian Ports Authority,Travel Agent,Completed,Nigerian,3,POS,Chioma Eze,December,2023,%Q,Q4
BK05820,2023-11-14,2023-12-05,2023-12-07,2,Presidential,290246,10,261221,522443,Corporate,Lafarge Africa,Corporate Agreement,Completed,German,1,Corporate Account,Emeka Okonkwo,December,2023,%Q,Q4
BK05821,2024-07-07,2024-08-04,2024-08-11,7,Executive,118857,0,118857,831999,Group,Individual Guest,Direct,Completed,British,2,Credit Card,Fatima Bello,August,2024,%Q,Q3
BK05822,2023-09-03,2023-09-22,2023-09-24,2,Executive,126834,0,126834,253668,MICE,FAAN,Corporate Agreement,Completed,Nigerian,3,Credit Card,Fatima Bello,September,2023,%Q,Q3
BK05823,2024-08-01,2024-09-21,2024-09-23,2,Suite,162114,10,145903,291805,Leisure,Individual Guest,Walk In,Completed,South African,1,Credit Card,Direct Booking,September,2024,%Q,Q3
BK05824,2023-07-02,2023-08-19,2023-08-21,2,Standard,57805,10,52024,104049,Group,Individual Guest,Online Travel Agent,Completed,Nigerian,4,Corporate Account,Chioma Eze,August,2023,%Q,Q3
BK05825,2024-03-29,2024-04-06,2024-04-10,4,Standard,59991,15,50992,203969,Corporate,Access Bank,Online Travel Agent,Completed,Nigerian,2,POS,Amaka Osei,April,2024,%Q,Q2
BK05826,2024-07-11,2024-09-09,2024-09-17,8,Standard,61526,0,61526,492208,Group,Individual Guest,Direct,Completed,Nigerian,4,POS,Tunde Adeyemi,September,2024,%Q,Q3
BK05827,2023-01-01,2023-01-22,2023-01-28,6,Suite,125062,0,125062,750372,Leisure,Individual Guest,Travel Agent,Completed,British,3,POS,Chioma Eze,January,2023,%Q,Q1
BK05828,2023-04-18,2023-05-06,2023-05-14,8,Deluxe,82795,5,78655,629242,Corporate,Nestle Nigeria,Online Travel Agent,Confirmed,Nigerian,2,Bank Transfer,Chioma Eze,May,2023,%Q,Q2
BK05829,2024-05-30,2024-06-20,2024-07-01,11,Presidential,398297,0,398297,4381267,Group,Individual Guest,Corporate Agreement,Completed,Nigerian,2,Bank Transfer,Amaka Osei,June,2024,%Q,Q2
BK05830,2024-03-22,2024-04-08,2024-04-19,11,Deluxe,72861,5,69218,761397,Leisure,Individual Guest,Direct,Completed,Nigerian,3,Credit Card,Fatima Bello,April,2024,%Q,Q2
BK05831,2023-01-01,2023-02-07,2023-02-21,14,Standard,49938,5,47441,664175,Leisure,Individual Guest,Corporate Agreement,Completed,British,2,Corporate Account,Direct Booking,February,2023,%Q,Q1
BK05832,2023-07-12,2023-08-22,2023-08-24,2,Suite,123446,10,111101,222203,Leisure,Individual Guest,Online Travel Agent,Confirmed,Nigerian,2,Cash,Amaka Osei,August,2023,%Q,Q3
BK05833,2023-11-21,2024-01-03,2024-01-17,14,Executive,96209,0,96209,1346926,Airline Crew,Airtel Nigeria,Direct,Completed,Ghanaian,2,Credit Card,Chioma Eze,January,2024,%Q,Q1
BK05834,2023-11-11,2024-01-04,2024-01-14,10,Presidential,323374,10,291037,2910366,MICE,Honeywell Group,Corporate Agreement,Completed,Nigerian,3,Corporate Account,Direct Booking,January,2024,%Q,Q1
BK05835,2024-12-07,2024-12-11,2024-12-16,5,Deluxe,72637,0,72637,363185,Corporate,UBA Group,Direct,Completed,British,4,Credit Card,Direct Booking,December,2024,%Q,Q4
BK05836,2024-12-14,2024-12-23,2024-12-30,7,Executive,104384,5,99165,694154,Corporate,Nestle Nigeria,Corporate Agreement,Completed,Ghanaian,1,Bank Transfer,Emeka Okonkwo,December,2024,%Q,Q4
BK05837,2024-04-19,2024-06-14,2024-06-27,13,Presidential,374316,15,318169,4136192,Corporate,Airtel Nigeria,Travel Agent,Completed,Nigerian,3,POS,Fatima Bello,June,2024,%Q,Q2
BK05838,2023-12-17,2024-01-18,2024-01-23,5,Executive,97929,10,88136,440680,Group,Individual Guest,Online Travel Agent,Confirmed,Nigerian,3,Corporate Account,Chioma Eze,January,2024,%Q,Q1
BK05839,2023-07-20,2023-09-08,2023-09-21,13,Presidential,342396,5,325276,4228591,Leisure,Individual Guest,Online Travel Agent,Confirmed,Nigerian,4,POS,Chioma Eze,September,2023,%Q,Q3
BK05840,2024-02-17,2024-03-26,2024-04-04,9,Suite,135126,0,135126,1216134,Group,Individual Guest,Online Travel Agent,Completed,Nigerian,2,POS,Tunde Adeyemi,March,2024,%Q,Q1
BK05841,2023-07-27,2023-08-21,2023-09-01,11,Standard,63699,0,63699,700689,Leisure,Individual Guest,Corporate Agreement,Confirmed,Nigerian,1,Corporate Account,Fatima Bello,August,2023,%Q,Q3
BK05842,2024-02-03,2024-03-24,2024-04-04,11,Suite,128681,5,122247,1344716,MICE,Julius Berger,Online Travel Agent,Completed,Nigerian,2,Bank Transfer,Fatima Bello,March,2024,%Q,Q1
BK05843,2023-03-19,2023-03-23,2023-03-31,8,Presidential,363589,10,327230,2617841,Corporate,Air Peace,Walk In,Completed,South African,1,Credit Card,Direct Booking,March,2023,%Q,Q1
BK05844,2024-02-09,2024-02-28,2024-03-05,6,Suite,144762,5,137524,0,Corporate,FAAN,Online Travel Agent,Cancelled,South African,1,Credit Card,Emeka Okonkwo,February,2024,%Q,Q1
BK05845,2024-08-06,2024-09-25,2024-09-28,3,Deluxe,75766,20,60613,181838,Corporate,Dangote Group,Walk In,Completed,Nigerian,4,Credit Card,Amaka Osei,September,2024,%Q,Q3
BK05846,2024-06-16,2024-08-07,2024-08-16,9,Deluxe,71004,5,67454,607084,Corporate,Seplat Energy,Corporate Agreement,Completed,Nigerian,1,Bank Transfer,Direct Booking,August,2024,%Q,Q3
BK05847,2023-08-05,2023-08-26,2023-08-30,4,Executive,109268,10,98341,393365,Group,Individual Guest,Corporate Agreement,Completed,Nigerian,2,Bank Transfer,Amaka Osei,August,2023,%Q,Q3
BK05848,2023-03-21,2023-05-13,2023-05-23,10,Presidential,284022,5,269821,2698209,Group,Individual Guest,Direct,Completed,Nigerian,3,Cash,Amaka Osei,May,2023,%Q,Q2
BK05849,2023-10-01,2023-10-01,2023-10-13,12,Presidential,334371,20,267497,3209962,Corporate,Transcorp Hotels,Corporate Agreement,Completed,Nigerian,2,Credit Card,Amaka Osei,October,2023,%Q,Q4
BK05850,2023-03-24,2023-05-18,2023-05-22,4,Executive,122691,0,122691,490764,Group,Individual Guest,Online Travel Agent,Completed,Nigerian,2,POS,Emeka Okonkwo,May,2023,%Q,Q2
BK05851,2023-09-02,2023-09-02,2023-09-11,9,Standard,52146,10,46931,422383,Government,Julius Berger,Walk In,Completed,South African,4,Credit Card,Direct Booking,September,2023,%Q,Q3
BK05852,2023-09-04,2023-11-03,2023-11-15,12,Standard,54301,10,48871,586451,Leisure,Individual Guest,Corporate Agreement,Completed,French,3,Bank Transfer,Emeka Okonkwo,November,2023,%Q,Q4
BK05853,2023-04-14,2023-04-21,2023-04-30,9,Standard,45382,0,45382,408438,Leisure,Individual Guest,Corporate Agreement,Completed,American,2,POS,Tunde Adeyemi,April,2023,%Q,Q2
BK05854,2023-07-14,2023-08-30,2023-09-01,2,Presidential,378563,0,378563,757126,Group,Individual Guest,Walk In,Completed,Nigerian,2,POS,Direct Booking,August,2023,%Q,Q3
BK05855,2023-01-01,2023-02-12,2023-02-14,2,Standard,63335,0,63335,126670,Leisure,Individual Guest,Direct,Completed,Nigerian,2,Credit Card,Tunde Adeyemi,February,2023,%Q,Q1
BK05856,2024-09-18,2024-10-31,2024-11-14,14,Executive,114660,0,114660,1605240,Airline Crew,Seplat Energy,Travel Agent,Completed,Nigerian,1,Cash,Chioma Eze,October,2024,%Q,Q4
BK05857,2024-05-23,2024-06-05,2024-06-14,9,Suite,169915,10,152924,0,Government,Flour Mills Nigeria,Direct,Cancelled,Nigerian,3,POS,Chioma Eze,June,2024,%Q,Q2
BK05858,2024-05-01,2024-05-22,2024-05-31,9,Presidential,318924,0,318924,2870316,Leisure,Individual Guest,Direct,Completed,British,1,Credit Card,Fatima Bello,May,2024,%Q,Q2
BK05859,2024-08-17,2024-09-09,2024-09-11,2,Executive,99490,0,99490,198980,Leisure,Individual Guest,Direct,Confirmed,Nigerian,2,Corporate Account,Fatima Bello,September,2024,%Q,Q3
BK05860,2023-11-13,2023-11-14,2023-11-16,2,Deluxe,79857,15,67878,135757,Corporate,Conoil,Corporate Agreement,Completed,Nigerian,2,Corporate Account,Amaka Osei,November,2023,%Q,Q4
BK05861,2024-07-09,2024-07-27,2024-08-01,5,Standard,62962,0,62962,314810,Leisure,Individual Guest,Travel Agent,Completed,Ghanaian,4,POS,Fatima Bello,July,2024,%Q,Q3
BK05862,2024-10-09,2024-12-07,2024-12-15,8,Executive,129946,10,116951,0,Leisure,Individual Guest,Walk In,Cancelled,Nigerian,2,Cash,Amaka Osei,December,2024,%Q,Q4
BK05863,2024-03-30,2024-05-19,2024-05-25,6,Presidential,273098,10,245788,1474729,Corporate,Access Bank,Travel Agent,Completed,Nigerian,2,Bank Transfer,Direct Booking,May,2024,%Q,Q2
BK05864,2024-08-18,2024-08-29,2024-09-09,11,Deluxe,71551,0,71551,787061,Leisure,Individual Guest,Online Travel Agent,Confirmed,British,3,Bank Transfer,Chioma Eze,August,2024,%Q,Q3
BK05865,2024-05-31,2024-06-01,2024-06-10,9,Standard,55157,0,55157,496413,Group,Individual Guest,Direct,Completed,Nigerian,1,POS,Emeka Okonkwo,June,2024,%Q,Q2
BK05866,2023-01-26,2023-02-14,2023-02-23,9,Presidential,337614,0,337614,3038526,Group,Individual Guest,Corporate Agreement,Confirmed,Nigerian,1,Credit Card,Chioma Eze,February,2023,%Q,Q1
BK05867,2024-03-13,2024-05-05,2024-05-09,4,Standard,62161,0,62161,248644,MICE,Seplat Energy,Direct,Completed,Nigerian,3,POS,Tunde Adeyemi,May,2024,%Q,Q2
BK05868,2023-04-15,2023-04-29,2023-05-03,4,Deluxe,80538,5,76511,306044,Leisure,Individual Guest,Direct,Confirmed,Chinese,4,Credit Card,Amaka Osei,April,2023,%Q,Q2
BK05869,2023-01-07,2023-01-16,2023-01-17,1,Deluxe,77029,10,69326,0,Corporate,Nestle Nigeria,Travel Agent,Cancelled,Kenyan,4,Credit Card,Emeka Okonkwo,January,2023,%Q,Q1
BK05870,2024-09-30,2024-11-16,2024-11-18,2,Suite,151022,10,135920,0,Government,Julius Berger,Walk In,Cancelled,Kenyan,4,Bank Transfer,Chioma Eze,November,2024,%Q,Q4
BK05871,2023-10-26,2023-11-16,2023-11-20,4,Suite,134407,0,134407,537628,MICE,GTCO,Direct,Completed,South African,2,POS,Direct Booking,November,2023,%Q,Q4
BK05872,2023-12-01,2023-12-21,2024-01-01,11,Executive,113766,0,113766,1251426,Group,Individual Guest,Corporate Agreement,Completed,Nigerian,3,Bank Transfer,Tunde Adeyemi,December,2023,%Q,Q4
BK05873,2023-06-30,2023-08-11,2023-08-12,1,Suite,155882,0,155882,155882,MICE,Unilever Nigeria,Online Travel Agent,Completed,Nigerian,4,Bank Transfer,Chioma Eze,August,2023,%Q,Q3
BK05874,2024-08-16,2024-09-08,2024-09-11,3,Presidential,258756,5,245818,737455,Group,Individual Guest,Corporate Agreement,Completed,British,2,Cash,Fatima Bello,September,2024,%Q,Q3
BK05875,2023-07-07,2023-07-20,2023-07-24,4,Standard,50772,10,45695,182779,MICE,Lafarge Africa,Online Travel Agent,Completed,Kenyan,4,Cash,Chioma Eze,July,2023,%Q,Q3
BK05876,2023-11-04,2023-12-16,2023-12-30,14,Standard,50122,20,40098,561366,Government,MTN Nigeria,Direct,Completed,Nigerian,4,Cash,Direct Booking,December,2023,%Q,Q4
BK05877,2024-09-27,2024-11-22,2024-12-02,10,Deluxe,84742,0,84742,847420,Leisure,Individual Guest,Travel Agent,Confirmed,Indian,4,Cash,Direct Booking,November,2024,%Q,Q4
BK05878,2023-03-07,2023-03-19,2023-03-28,9,Suite,177570,20,142056,0,Government,Nigerian Breweries,Direct,No Show,Nigerian,1,Cash,Amaka Osei,March,2023,%Q,Q1
BK05879,2024-02-12,2024-04-09,2024-04-19,10,Presidential,309196,0,309196,3091960,Corporate,MTN Nigeria,Online Travel Agent,Completed,Nigerian,1,Corporate Account,Direct Booking,April,2024,%Q,Q2
BK05880,2023-01-01,2023-02-01,2023-02-10,9,Deluxe,73597,0,73597,662373,MICE,Seplat Energy,Online Travel Agent,Completed,British,2,Corporate Account,Fatima Bello,February,2023,%Q,Q1
BK05881,2023-03-16,2023-04-08,2023-04-14,6,Deluxe,91316,0,91316,547896,MICE,Oando PLC,Online Travel Agent,Completed,Nigerian,4,Credit Card,Chioma Eze,April,2023,%Q,Q2
BK05882,2023-06-29,2023-07-09,2023-07-20,11,Suite,121508,20,97206,1069270,Government,Dangote Group,Online Travel Agent,Confirmed,Nigerian,1,Cash,Direct Booking,July,2023,%Q,Q3
BK05883,2023-08-20,2023-08-22,2023-08-28,6,Standard,51063,10,45957,275740,Corporate,Transcorp Hotels,Direct,Completed,Indian,4,POS,Fatima Bello,August,2023,%Q,Q3
BK05884,2024-09-07,2024-10-22,2024-10-30,8,Presidential,318468,0,318468,2547744,MICE,Guinness Nigeria,Corporate Agreement,Completed,Chinese,4,Credit Card,Amaka Osei,October,2024,%Q,Q4
BK05885,2023-05-26,2023-07-05,2023-07-07,2,Suite,158365,15,134610,269220,Corporate,GTCO,Corporate Agreement,Confirmed,Chinese,3,Cash,Direct Booking,July,2023,%Q,Q3
BK05886,2024-03-18,2024-04-24,2024-05-05,11,Deluxe,85889,0,85889,944779,Group,Individual Guest,Travel Agent,Completed,Ghanaian,2,POS,Tunde Adeyemi,April,2024,%Q,Q2
BK05887,2023-10-29,2023-12-21,2023-12-27,6,Standard,57020,0,57020,342120,Group,Individual Guest,Travel Agent,Completed,Ghanaian,2,Credit Card,Direct Booking,December,2023,%Q,Q4
BK05888,2023-10-08,2023-10-24,2023-10-28,4,Presidential,321421,0,321421,1285684,Leisure,Individual Guest,Corporate Agreement,Completed,French,4,Corporate Account,Tunde Adeyemi,October,2023,%Q,Q4
BK05889,2023-10-11,2023-10-26,2023-10-30,4,Executive,108518,20,86814,347258,Corporate,Flour Mills Nigeria,Direct,Completed,British,1,Bank Transfer,Tunde Adeyemi,October,2023,%Q,Q4
BK05890,2023-03-07,2023-04-19,2023-05-02,13,Standard,52277,10,47049,611641,Group,Individual Guest,Corporate Agreement,Confirmed,Nigerian,4,Cash,Chioma Eze,April,2023,%Q,Q2
BK05891,2024-03-19,2024-03-23,2024-03-26,3,Executive,109087,10,98178,294535,Corporate,GTCO,Walk In,Completed,Nigerian,2,Cash,Amaka Osei,March,2024,%Q,Q1
BK05892,2023-08-16,2023-09-25,2023-10-08,13,Executive,117062,15,99503,1293535,Government,Air Peace,Direct,Completed,Nigerian,1,POS,Tunde Adeyemi,September,2023,%Q,Q3
BK05893,2023-01-23,2023-03-24,2023-03-28,4,Executive,100586,0,100586,402344,Leisure,Individual Guest,Online Travel Agent,Completed,Kenyan,2,Corporate Account,Amaka Osei,March,2023,%Q,Q1
BK05894,2024-04-22,2024-05-11,2024-05-13,2,Executive,109631,5,104149,208299,Corporate,UBA Group,Online Travel Agent,Confirmed,Ghanaian,4,Credit Card,Emeka Okonkwo,May,2024,%Q,Q2
BK05895,2023-01-01,2023-02-23,2023-02-27,4,Deluxe,76534,0,76534,306136,Leisure,Individual Guest,Travel Agent,Completed,Nigerian,3,POS,Chioma Eze,February,2023,%Q,Q1
BK05896,2023-04-10,2023-05-24,2023-06-01,8,Suite,121862,5,115769,926151,Corporate,9mobile,Online Travel Agent,Completed,Nigerian,1,POS,Chioma Eze,May,2023,%Q,Q2
BK05897,2023-07-15,2023-08-30,2023-09-11,12,Deluxe,73954,0,73954,887448,Corporate,Nigerian Breweries,Corporate Agreement,Completed,American,3,Bank Transfer,Direct Booking,August,2023,%Q,Q3
BK05898,2023-08-06,2023-09-17,2023-09-21,4,Presidential,386830,10,348147,1392588,Group,Individual Guest,Online Travel Agent,Completed,South African,1,POS,Chioma Eze,September,2023,%Q,Q3
BK05899,2024-06-28,2024-08-09,2024-08-14,5,Suite,152594,0,152594,762970,Airline Crew,Zenith Bank,Travel Agent,Completed,Nigerian,2,Corporate Account,Amaka Osei,August,2024,%Q,Q3
BK05900,2023-10-13,2023-10-19,2023-10-26,7,Deluxe,77097,0,77097,539679,Leisure,Individual Guest,Travel Agent,Completed,Nigerian,3,Credit Card,Amaka Osei,October,2023,%Q,Q4
BK05901,2023-10-31,2023-12-22,2024-01-04,13,Executive,107516,0,107516,1397708,Corporate,Unilever Nigeria,Direct,Completed,Kenyan,4,Corporate Account,Chioma Eze,December,2023,%Q,Q4
BK05902,2024-06-08,2024-07-25,2024-07-26,1,Executive,111496,5,105921,105921,Leisure,Individual Guest,Corporate Agreement,Confirmed,Chinese,4,POS,Tunde Adeyemi,July,2024,%Q,Q3
BK05903,2023-12-02,2024-01-05,2024-01-08,3,Suite,166054,10,149449,448346,Corporate,Flour Mills Nigeria,Direct,Confirmed,South African,3,Corporate Account,Tunde Adeyemi,January,2024,%Q,Q1
BK05904,2024-10-18,2024-11-04,2024-11-12,8,Suite,146967,5,139619,1116949,Corporate,Shell Nigeria,Direct,Completed,Nigerian,4,Credit Card,Tunde Adeyemi,November,2024,%Q,Q4
BK05905,2024-01-07,2024-03-01,2024-03-06,5,Deluxe,82247,0,82247,411235,MICE,Guinness Nigeria,Direct,Completed,Nigerian,4,Bank Transfer,Tunde Adeyemi,March,2024,%Q,Q1
BK05906,2024-10-23,2024-10-26,2024-11-09,14,Presidential,336151,0,336151,4706114,Leisure,Individual Guest,Direct,Completed,South African,2,Corporate Account,Fatima Bello,October,2024,%Q,Q4
BK05907,2023-08-31,2023-09-03,2023-09-05,2,Deluxe,83224,5,79063,158126,Leisure,Individual Guest,Walk In,Completed,Nigerian,2,Cash,Chioma Eze,September,2023,%Q,Q3
BK05908,2024-01-24,2024-02-07,2024-02-15,8,Suite,129419,10,116477,931817,Corporate,Air Peace,Direct,Completed,Nigerian,4,POS,Fatima Bello,February,2024,%Q,Q1
BK05909,2023-01-01,2023-01-04,2023-01-14,10,Presidential,303354,20,242683,2426832,Corporate,Lagos State Government,Travel Agent,Completed,British,2,Cash,Tunde Adeyemi,January,2023,%Q,Q1
BK05910,2024-11-03,2024-12-28,2025-01-10,13,Suite,176875,5,168031,2184406,Leisure,Individual Guest,Corporate Agreement,Completed,Nigerian,2,Corporate Account,Direct Booking,December,2024,%Q,Q4
BK05911,2024-04-05,2024-04-10,2024-04-24,14,Presidential,391186,0,391186,5476604,Group,Individual Guest,Direct,Completed,Nigerian,1,Bank Transfer,Emeka Okonkwo,April,2024,%Q,Q2
BK05912,2024-02-09,2024-03-17,2024-03-19,2,Standard,58512,0,58512,0,Leisure,Individual Guest,Travel Agent,Cancelled,Nigerian,4,Corporate Account,Direct Booking,March,2024,%Q,Q1
BK05913,2024-07-06,2024-08-26,2024-08-31,5,Standard,54780,15,46563,232815,Corporate,Transcorp Hotels,Direct,Completed,Nigerian,4,Credit Card,Tunde Adeyemi,August,2024,%Q,Q3
BK05914,2024-06-26,2024-08-25,2024-09-07,13,Executive,101633,0,101633,1321229,Group,Individual Guest,Online Travel Agent,Confirmed,Ghanaian,4,Credit Card,Chioma Eze,August,2024,%Q,Q3
BK05915,2024-02-13,2024-02-15,2024-02-19,4,Standard,60260,5,57247,228988,Leisure,Individual Guest,Direct,Completed,American,1,POS,Direct Booking,February,2024,%Q,Q1
BK05916,2024-04-09,2024-05-27,2024-06-04,8,Deluxe,91768,10,82591,660730,Group,Individual Guest,Direct,Completed,Nigerian,4,POS,Amaka Osei,May,2024,%Q,Q2
BK05917,2023-03-23,2023-04-16,2023-04-28,12,Deluxe,82553,0,82553,990636,Group,Individual Guest,Online Travel Agent,Completed,Nigerian,1,Bank Transfer,Chioma Eze,April,2023,%Q,Q2
BK05918,2024-10-13,2024-12-03,2024-12-16,13,Presidential,371179,15,315502,4101528,Corporate,GTCO,Online Travel Agent,Completed,Nigerian,3,Bank Transfer,Amaka Osei,December,2024,%Q,Q4
BK05919,2024-09-07,2024-09-23,2024-10-04,11,Executive,105727,5,100441,1104847,Leisure,Individual Guest,Online Travel Agent,Completed,German,4,Bank Transfer,Direct Booking,September,2024,%Q,Q3
BK05920,2023-04-24,2023-06-07,2023-06-19,12,Presidential,260636,5,247604,2971250,Leisure,Individual Guest,Travel Agent,Completed,British,2,Corporate Account,Fatima Bello,June,2023,%Q,Q2
BK05921,2024-03-25,2024-05-16,2024-05-24,8,Executive,110117,0,110117,880936,Group,Individual Guest,Travel Agent,Completed,Nigerian,1,Corporate Account,Tunde Adeyemi,May,2024,%Q,Q2
BK05922,2024-03-16,2024-04-08,2024-04-14,6,Standard,53415,0,53415,320490,Corporate,FBN Holdings,Direct,Confirmed,Nigerian,1,POS,Fatima Bello,April,2024,%Q,Q2
BK05923,2023-02-17,2023-03-09,2023-03-17,8,Deluxe,87826,5,83435,667478,Group,Individual Guest,Walk In,Confirmed,British,4,Bank Transfer,Fatima Bello,March,2023,%Q,Q1
BK05924,2024-09-06,2024-10-18,2024-10-28,10,Presidential,390780,5,371241,3712410,Group,Individual Guest,Online Travel Agent,Confirmed,Nigerian,4,Bank Transfer,Direct Booking,October,2024,%Q,Q4
BK05925,2023-07-31,2023-09-25,2023-09-26,1,Deluxe,88096,0,88096,88096,Group,Individual Guest,Walk In,Confirmed,Nigerian,3,Credit Card,Tunde Adeyemi,September,2023,%Q,Q3
BK05926,2024-01-28,2024-02-02,2024-02-09,7,Executive,116348,0,116348,814436,Corporate,Nigerian Ports Authority,Online Travel Agent,Completed,German,4,Cash,Emeka Okonkwo,February,2024,%Q,Q1
BK05927,2023-09-29,2023-11-02,2023-11-06,4,Presidential,302718,5,287582,0,Corporate,Total Energies,Walk In,Cancelled,South African,1,Bank Transfer,Chioma Eze,November,2023,%Q,Q4
BK05928,2024-02-05,2024-02-09,2024-02-19,10,Executive,121556,10,109400,1094004,MICE,Nigerian Ports Authority,Walk In,Completed,Nigerian,3,Credit Card,Emeka Okonkwo,February,2024,%Q,Q1
BK05929,2024-05-21,2024-07-20,2024-07-25,5,Standard,59975,15,50979,254894,Corporate,Airtel Nigeria,Direct,Completed,South African,3,Corporate Account,Tunde Adeyemi,July,2024,%Q,Q3
BK05930,2024-10-15,2024-12-05,2024-12-11,6,Deluxe,89241,5,84779,508674,Airline Crew,Oando PLC,Travel Agent,Completed,French,1,POS,Amaka Osei,December,2024,%Q,Q4
BK05931,2024-02-22,2024-02-24,2024-03-04,9,Executive,110224,15,93690,843214,Government,Unilever Nigeria,Direct,Completed,Chinese,4,POS,Emeka Okonkwo,February,2024,%Q,Q1
BK05932,2023-12-18,2024-02-16,2024-02-23,7,Standard,46716,5,44380,310661,Corporate,MTN Nigeria,Walk In,Confirmed,American,2,Cash,Emeka Okonkwo,February,2024,%Q,Q1
BK05933,2024-05-30,2024-06-07,2024-06-10,3,Deluxe,81261,5,77198,231594,Corporate,Shell Nigeria,Online Travel Agent,Confirmed,Nigerian,4,Cash,Chioma Eze,June,2024,%Q,Q2
BK05934,2024-10-04,2024-10-10,2024-10-21,11,Deluxe,94274,10,84847,0,Government,Air Peace,Direct,Cancelled,Ghanaian,3,POS,Amaka Osei,October,2024,%Q,Q4
BK05935,2023-02-15,2023-03-23,2023-03-27,4,Executive,116843,20,93474,373898,Corporate,Chevron Nigeria,Online Travel Agent,Completed,Nigerian,4,Cash,Emeka Okonkwo,March,2023,%Q,Q1
BK05936,2024-07-01,2024-07-27,2024-07-31,4,Suite,175580,10,158022,632088,Group,Individual Guest,Travel Agent,Completed,American,2,Corporate Account,Tunde Adeyemi,July,2024,%Q,Q3
BK05937,2024-08-23,2024-09-22,2024-10-05,13,Suite,164330,0,164330,2136290,Airline Crew,Shell Nigeria,Corporate Agreement,Confirmed,American,3,Bank Transfer,Direct Booking,September,2024,%Q,Q3
BK05938,2023-01-05,2023-01-11,2023-01-18,7,Suite,135488,5,128714,900995,MICE,Nigerian Ports Authority,Corporate Agreement,Completed,Nigerian,1,POS,Amaka Osei,January,2023,%Q,Q1
BK05939,2024-07-20,2024-09-04,2024-09-14,10,Presidential,279794,10,251815,2518146,Leisure,Individual Guest,Travel Agent,Confirmed,Nigerian,3,Cash,Amaka Osei,September,2024,%Q,Q3
BK05940,2023-02-24,2023-03-02,2023-03-10,8,Standard,52325,10,47092,0,Group,Individual Guest,Online Travel Agent,No Show,British,4,POS,Emeka Okonkwo,March,2023,%Q,Q1
BK05941,2023-09-20,2023-11-18,2023-11-27,9,Standard,51205,0,51205,460845,Leisure,Individual Guest,Travel Agent,Confirmed,Ghanaian,1,POS,Emeka Okonkwo,November,2023,%Q,Q4
BK05942,2023-06-11,2023-07-15,2023-07-26,11,Executive,116815,5,110974,0,Corporate,Glo Mobile,Travel Agent,Cancelled,Indian,1,Corporate Account,Fatima Bello,July,2023,%Q,Q3
BK05943,2024-06-09,2024-08-05,2024-08-17,12,Executive,127349,15,108247,1298960,Corporate,MTN Nigeria,Direct,Completed,Nigerian,2,Credit Card,Direct Booking,August,2024,%Q,Q3
BK05944,2024-10-04,2024-12-03,2024-12-14,11,Presidential,331899,0,331899,3650889,Group,Individual Guest,Direct,Confirmed,Nigerian,2,Credit Card,Tunde Adeyemi,December,2024,%Q,Q4
BK05945,2023-01-01,2023-02-04,2023-02-16,12,Presidential,351381,10,316243,3794915,Leisure,Individual Guest,Corporate Agreement,Completed,American,4,Cash,Tunde Adeyemi,February,2023,%Q,Q1
BK05946,2023-02-24,2023-03-10,2023-03-20,10,Suite,176289,15,149846,1498456,Corporate,Access Bank,Direct,Confirmed,British,3,Corporate Account,Emeka Okonkwo,March,2023,%Q,Q1
BK05947,2023-06-30,2023-08-13,2023-08-16,3,Suite,125543,0,125543,0,Group,Individual Guest,Online Travel Agent,No Show,Nigerian,1,Credit Card,Emeka Okonkwo,August,2023,%Q,Q3
BK05948,2023-10-05,2023-10-14,2023-10-18,4,Standard,64044,5,60842,243367,Leisure,Individual Guest,Direct,Completed,Nigerian,1,Corporate Account,Direct Booking,October,2023,%Q,Q4
BK05949,2023-09-24,2023-10-08,2023-10-09,1,Suite,161723,0,161723,161723,Group,Individual Guest,Direct,Completed,Nigerian,3,POS,Emeka Okonkwo,October,2023,%Q,Q4
BK05950,2024-03-04,2024-04-04,2024-04-07,3,Deluxe,78880,0,78880,236640,Corporate,Honeywell Group,Direct,Completed,Nigerian,2,Corporate Account,Tunde Adeyemi,April,2024,%Q,Q2
BK05951,2024-09-25,2024-11-15,2024-11-17,2,Suite,123592,10,111233,222466,Government,Nestle Nigeria,Online Travel Agent,Confirmed,Nigerian,1,Credit Card,Tunde Adeyemi,November,2024,%Q,Q4
BK05952,2023-07-30,2023-07-31,2023-08-08,8,Suite,163753,20,131002,0,Corporate,Conoil,Walk In,Cancelled,Nigerian,2,Corporate Account,Amaka Osei,July,2023,%Q,Q3
BK05953,2023-10-31,2023-11-02,2023-11-06,4,Executive,104143,10,93729,0,Leisure,Individual Guest,Direct,Cancelled,Nigerian,1,Cash,Fatima Bello,November,2023,%Q,Q4
BK05954,2024-02-14,2024-03-28,2024-04-08,11,Deluxe,87595,0,87595,963545,Group,Individual Guest,Online Travel Agent,Completed,British,4,Bank Transfer,Tunde Adeyemi,March,2024,%Q,Q1
BK05955,2024-09-22,2024-10-22,2024-10-25,3,Presidential,361448,5,343376,1030127,Corporate,UBA Group,Online Travel Agent,Completed,Nigerian,1,Corporate Account,Chioma Eze,October,2024,%Q,Q4
BK05956,2024-06-23,2024-06-26,2024-07-10,14,Executive,117846,10,106061,1484860,Government,Chevron Nigeria,Direct,Completed,American,2,Cash,Fatima Bello,June,2024,%Q,Q2
BK05957,2024-02-05,2024-02-12,2024-02-26,14,Suite,145057,0,145057,2030798,MICE,Transcorp Hotels,Corporate Agreement,Completed,British,3,Credit Card,Amaka Osei,February,2024,%Q,Q1
BK05958,2023-04-19,2023-04-27,2023-05-11,14,Presidential,288641,0,288641,4040974,Group,Individual Guest,Online Travel Agent,Completed,Nigerian,3,Credit Card,Tunde Adeyemi,April,2023,%Q,Q2
BK05959,2023-08-09,2023-09-17,2023-09-25,8,Executive,115940,0,115940,927520,Group,Individual Guest,Walk In,Completed,Nigerian,3,Cash,Fatima Bello,September,2023,%Q,Q3
BK05960,2024-05-12,2024-07-07,2024-07-16,9,Suite,159362,10,143426,1290832,Leisure,Individual Guest,Walk In,Completed,British,4,Bank Transfer,Direct Booking,July,2024,%Q,Q3
BK05961,2023-02-06,2023-02-21,2023-02-26,5,Presidential,393826,0,393826,1969130,Leisure,Individual Guest,Walk In,Completed,British,3,POS,Chioma Eze,February,2023,%Q,Q1
BK05962,2023-01-01,2023-01-02,2023-01-09,7,Deluxe,82719,0,82719,579033,Leisure,Individual Guest,Corporate Agreement,Completed,Nigerian,3,Bank Transfer,Chioma Eze,January,2023,%Q,Q1
BK05963,2023-03-16,2023-04-18,2023-04-28,10,Presidential,254843,10,229359,2293587,Corporate,MTN Nigeria,Online Travel Agent,Completed,Nigerian,1,POS,Amaka Osei,April,2023,%Q,Q2
BK05964,2023-08-14,2023-08-24,2023-08-25,1,Presidential,307779,20,246223,246223,Corporate,FAAN,Online Travel Agent,Completed,Nigerian,4,POS,Tunde Adeyemi,August,2023,%Q,Q3
BK05965,2023-05-06,2023-05-20,2023-05-26,6,Presidential,330630,10,297567,1785402,Corporate,Shell Nigeria,Corporate Agreement,Completed,British,2,Credit Card,Amaka Osei,May,2023,%Q,Q2
BK05966,2023-08-06,2023-08-14,2023-08-18,4,Suite,154082,0,154082,616328,MICE,Flour Mills Nigeria,Travel Agent,Completed,American,4,Bank Transfer,Chioma Eze,August,2023,%Q,Q3
BK05967,2024-05-01,2024-05-12,2024-05-17,5,Deluxe,73184,10,65866,329328,Corporate,Unilever Nigeria,Travel Agent,Confirmed,Ghanaian,3,Cash,Chioma Eze,May,2024,%Q,Q2
BK05968,2024-09-06,2024-10-24,2024-11-02,9,Suite,121008,20,96806,871258,Corporate,GTCO,Corporate Agreement,Completed,Nigerian,4,Bank Transfer,Direct Booking,October,2024,%Q,Q4
BK05969,2023-03-06,2023-04-06,2023-04-07,1,Standard,53087,10,47778,47778,Government,Honeywell Group,Travel Agent,Completed,Nigerian,3,POS,Amaka Osei,April,2023,%Q,Q2
BK05970,2024-11-13,2024-12-23,2024-12-28,5,Executive,95682,0,95682,478410,Leisure,Individual Guest,Direct,Completed,Nigerian,3,Credit Card,Tunde Adeyemi,December,2024,%Q,Q4
BK05971,2023-08-20,2023-10-18,2023-10-23,5,Standard,48361,5,45943,229715,Corporate,Seplat Energy,Walk In,Completed,Indian,3,Credit Card,Direct Booking,October,2023,%Q,Q4
BK05972,2024-01-28,2024-02-14,2024-02-16,2,Suite,143897,10,129507,0,MICE,Access Bank,Direct,Cancelled,Nigerian,4,POS,Tunde Adeyemi,February,2024,%Q,Q1
BK05973,2024-02-11,2024-03-11,2024-03-18,7,Executive,117625,0,117625,823375,Leisure,Individual Guest,Corporate Agreement,Completed,Ghanaian,4,Credit Card,Fatima Bello,March,2024,%Q,Q1
BK05974,2023-07-22,2023-07-31,2023-08-13,13,Standard,63632,20,50906,661773,Corporate,Nigerian Breweries,Travel Agent,Completed,Nigerian,1,POS,Fatima Bello,July,2023,%Q,Q3
BK05975,2024-04-26,2024-04-28,2024-05-12,14,Standard,54971,0,54971,769594,Leisure,Individual Guest,Online Travel Agent,Completed,Indian,4,Credit Card,Direct Booking,April,2024,%Q,Q2
BK05976,2024-09-11,2024-09-28,2024-10-01,3,Executive,125248,0,125248,0,Leisure,Individual Guest,Online Travel Agent,No Show,American,2,Cash,Emeka Okonkwo,September,2024,%Q,Q3
BK05977,2023-01-01,2023-01-30,2023-02-08,9,Presidential,296072,15,251661,2264951,Corporate,Flour Mills Nigeria,Corporate Agreement,Completed,Ghanaian,4,Cash,Emeka Okonkwo,January,2023,%Q,Q1
BK05978,2023-07-23,2023-08-07,2023-08-10,3,Executive,105287,15,89494,268482,Corporate,Chevron Nigeria,Corporate Agreement,Completed,Nigerian,1,Cash,Tunde Adeyemi,August,2023,%Q,Q3
BK05979,2023-02-18,2023-03-15,2023-03-24,9,Presidential,325651,0,325651,2930859,Leisure,Individual Guest,Corporate Agreement,Completed,French,3,Cash,Emeka Okonkwo,March,2023,%Q,Q1
BK05980,2023-11-28,2024-01-11,2024-01-23,12,Executive,118496,0,118496,0,Group,Individual Guest,Direct,Cancelled,Kenyan,1,POS,Emeka Okonkwo,January,2024,%Q,Q1
BK05981,2023-09-01,2023-10-11,2023-10-15,4,Presidential,268510,20,214808,859232,Corporate,Glo Mobile,Direct,Completed,Nigerian,1,Credit Card,Emeka Okonkwo,October,2023,%Q,Q4
BK05982,2024-02-28,2024-03-29,2024-04-03,5,Executive,98114,15,83397,416984,Corporate,GTCO,Direct,Confirmed,Nigerian,3,Corporate Account,Tunde Adeyemi,March,2024,%Q,Q1
BK05983,2023-06-04,2023-06-08,2023-06-15,7,Executive,98591,15,83802,0,Corporate,GTCO,Travel Agent,No Show,Nigerian,4,Cash,Tunde Adeyemi,June,2023,%Q,Q2
BK05984,2024-02-01,2024-02-01,2024-02-13,12,Suite,170815,0,170815,2049780,Group,Individual Guest,Direct,Confirmed,American,4,Credit Card,Fatima Bello,February,2024,%Q,Q1
BK05985,2024-04-10,2024-05-04,2024-05-11,7,Presidential,308788,0,308788,2161516,Leisure,Individual Guest,Walk In,Completed,Nigerian,3,Credit Card,Direct Booking,May,2024,%Q,Q2
BK05986,2024-04-20,2024-05-09,2024-05-18,9,Standard,50772,5,48233,434101,MICE,Honeywell Group,Travel Agent,Completed,Indian,2,Credit Card,Amaka Osei,May,2024,%Q,Q2
BK05987,2023-04-02,2023-04-19,2023-04-22,3,Presidential,395151,0,395151,1185453,Leisure,Individual Guest,Corporate Agreement,Completed,Nigerian,3,Bank Transfer,Fatima Bello,April,2023,%Q,Q2
BK05988,2024-01-17,2024-02-21,2024-03-04,12,Standard,50816,5,48275,579302,MICE,9mobile,Direct,Completed,Nigerian,4,POS,Amaka Osei,February,2024,%Q,Q1
BK05989,2023-06-22,2023-07-12,2023-07-15,3,Presidential,352958,0,352958,1058874,Leisure,Individual Guest,Direct,Completed,Nigerian,4,Cash,Tunde Adeyemi,July,2023,%Q,Q3
BK05990,2023-12-05,2024-02-01,2024-02-07,6,Executive,107729,0,107729,646374,Group,Individual Guest,Travel Agent,Completed,Nigerian,1,Cash,Emeka Okonkwo,February,2024,%Q,Q1
BK05991,2023-01-11,2023-01-27,2023-02-02,6,Standard,56627,0,56627,339762,MICE,Air Peace,Online Travel Agent,Completed,French,4,Corporate Account,Chioma Eze,January,2023,%Q,Q1
BK05992,2023-02-26,2023-04-27,2023-05-04,7,Presidential,348389,0,348389,2438723,Airline Crew,Air Peace,Direct,Completed,Nigerian,4,Credit Card,Emeka Okonkwo,April,2023,%Q,Q2
BK05993,2023-12-27,2024-02-14,2024-02-20,6,Deluxe,92072,0,92072,0,Leisure,Individual Guest,Online Travel Agent,Cancelled,British,2,Credit Card,Emeka Okonkwo,February,2024,%Q,Q1
BK05994,2023-10-15,2023-10-29,2023-11-12,14,Suite,162583,20,130066,1820930,Government,Chevron Nigeria,Direct,Completed,Nigerian,2,Corporate Account,Fatima Bello,October,2023,%Q,Q4
BK05995,2024-05-26,2024-07-18,2024-07-24,6,Presidential,345390,15,293582,1761489,Corporate,Dangote Group,Direct,Completed,Nigerian,1,Bank Transfer,Chioma Eze,July,2024,%Q,Q3
BK05996,2024-09-02,2024-10-20,2024-10-27,7,Executive,95831,10,86248,603735,Leisure,Individual Guest,Corporate Agreement,Completed,British,2,Cash,Direct Booking,October,2024,%Q,Q4
BK05997,2024-09-15,2024-10-17,2024-10-28,11,Standard,56038,0,56038,0,Airline Crew,PZ Cussons,Walk In,Cancelled,Ghanaian,1,Credit Card,Amaka Osei,October,2024,%Q,Q4
BK05998,2024-01-10,2024-02-26,2024-03-06,9,Executive,121370,0,121370,0,Airline Crew,Conoil,Online Travel Agent,Cancelled,American,1,Credit Card,Direct Booking,February,2024,%Q,Q1
BK05999,2024-08-14,2024-09-21,2024-09-30,9,Executive,117928,15,100239,902149,Government,Nigerian Breweries,Online Travel Agent,Completed,Nigerian,2,Cash,Chioma Eze,September,2024,%Q,Q3
BK06000,2023-02-09,2023-03-30,2023-04-11,12,Standard,55352,10,49817,0,Corporate,Guinness Nigeria,Online Travel Agent,Cancelled,South African,2,Cash,Chioma Eze,March,2023,%Q,Q1
BK06001,2024-04-04,2024-04-22,2024-05-04,12,Deluxe,71718,15,60960,731524,Corporate,Shell Nigeria,Walk In,Completed,Nigerian,4,Cash,Chioma Eze,April,2024,%Q,Q2
BK06002,2023-01-18,2023-03-08,2023-03-10,2,Suite,142945,0,142945,285890,Leisure,Individual Guest,Travel Agent,Completed,Chinese,3,Corporate Account,Fatima Bello,March,2023,%Q,Q1
BK06003,2023-12-13,2024-01-14,2024-01-22,8,Executive,123036,0,123036,984288,Leisure,Individual Guest,Corporate Agreement,Completed,Nigerian,4,Credit Card,Fatima Bello,January,2024,%Q,Q1
BK06004,2023-09-09,2023-10-19,2023-10-31,12,Executive,109910,15,93424,1121082,Corporate,UBA Group,Corporate Agreement,Completed,Nigerian,2,Corporate Account,Fatima Bello,October,2023,%Q,Q4
BK06005,2023-07-20,2023-07-27,2023-07-28,1,Presidential,362025,0,362025,362025,Group,Individual Guest,Online Travel Agent,Completed,Ghanaian,4,Bank Transfer,Tunde Adeyemi,July,2023,%Q,Q3
BK06006,2023-12-22,2024-01-16,2024-01-27,11,Suite,156430,0,156430,1720730,Leisure,Individual Guest,Online Travel Agent,Completed,Nigerian,3,Corporate Account,Fatima Bello,January,2024,%Q,Q1
BK06007,2023-07-16,2023-08-20,2023-09-01,12,Standard,57837,20,46270,555235,Government,FBN Holdings,Online Travel Agent,Confirmed,Nigerian,3,Cash,Fatima Bello,August,2023,%Q,Q3
BK06008,2024-03-06,2024-04-10,2024-04-14,4,Standard,56217,0,56217,224868,Group,Individual Guest,Corporate Agreement,Completed,British,1,Credit Card,Emeka Okonkwo,April,2024,%Q,Q2
BK06009,2024-02-27,2024-03-10,2024-03-12,2,Standard,49099,5,46644,93288,Airline Crew,Guinness Nigeria,Travel Agent,Completed,Kenyan,1,Credit Card,Emeka Okonkwo,March,2024,%Q,Q1
BK06010,2024-11-10,2024-12-29,2025-01-09,11,Presidential,324465,5,308242,0,MICE,Honeywell Group,Travel Agent,Cancelled,British,4,POS,Emeka Okonkwo,December,2024,%Q,Q4
BK06011,2023-11-14,2024-01-11,2024-01-21,10,Executive,114365,0,114365,1143650,Airline Crew,Honeywell Group,Travel Agent,Confirmed,Nigerian,2,Cash,Emeka Okonkwo,January,2024,%Q,Q1
BK06012,2023-01-13,2023-02-09,2023-02-19,10,Standard,63817,10,57435,574353,Government,Seplat Energy,Travel Agent,Completed,Nigerian,4,Cash,Emeka Okonkwo,February,2023,%Q,Q1
BK06013,2023-09-30,2023-10-17,2023-10-31,14,Standard,58515,20,46812,655368,Corporate,Unilever Nigeria,Direct,Confirmed,Nigerian,4,Corporate Account,Tunde Adeyemi,October,2023,%Q,Q4
BK06014,2024-02-24,2024-03-05,2024-03-13,8,Executive,128051,5,121648,973188,Group,Individual Guest,Direct,Completed,Nigerian,2,Corporate Account,Tunde Adeyemi,March,2024,%Q,Q1
BK06015,2023-06-18,2023-07-24,2023-07-26,2,Executive,128856,15,109528,219055,Corporate,Julius Berger,Online Travel Agent,Completed,Nigerian,1,Bank Transfer,Tunde Adeyemi,July,2023,%Q,Q3
BK06016,2024-03-16,2024-04-29,2024-05-08,9,Presidential,367635,0,367635,3308715,Corporate,Oando PLC,Online Travel Agent,Confirmed,Nigerian,4,Cash,Amaka Osei,April,2024,%Q,Q2
BK06017,2023-02-05,2023-03-16,2023-03-19,3,Presidential,305415,0,305415,916245,Airline Crew,Flour Mills Nigeria,Direct,Completed,Kenyan,4,Cash,Emeka Okonkwo,March,2023,%Q,Q1
BK06018,2024-05-08,2024-05-14,2024-05-25,11,Suite,122763,10,110487,1215354,Corporate,Lagos State Government,Direct,Completed,Nigerian,1,Bank Transfer,Tunde Adeyemi,May,2024,%Q,Q2
BK06019,2023-11-02,2023-12-02,2023-12-08,6,Presidential,354877,5,337133,2022799,Leisure,Individual Guest,Corporate Agreement,Completed,Nigerian,1,Bank Transfer,Tunde Adeyemi,December,2023,%Q,Q4
BK06020,2023-11-08,2023-12-21,2024-01-02,12,Presidential,375388,10,337849,4054190,Group,Individual Guest,Direct,Completed,Nigerian,1,Bank Transfer,Direct Booking,December,2023,%Q,Q4
BK06021,2024-10-23,2024-11-05,2024-11-06,1,Suite,129432,0,129432,129432,Corporate,FAAN,Walk In,Completed,Nigerian,4,Bank Transfer,Tunde Adeyemi,November,2024,%Q,Q4
BK06022,2023-08-30,2023-10-15,2023-10-29,14,Executive,122378,5,116259,1627627,Leisure,Individual Guest,Travel Agent,Completed,Indian,1,POS,Direct Booking,October,2023,%Q,Q4
BK06023,2024-09-08,2024-09-17,2024-09-24,7,Standard,47640,5,45258,316806,Airline Crew,Transcorp Hotels,Direct,Confirmed,Nigerian,2,Cash,Direct Booking,September,2024,%Q,Q3
BK06024,2023-12-02,2024-01-09,2024-01-19,10,Presidential,250592,0,250592,2505920,Group,Individual Guest,Corporate Agreement,Completed,Nigerian,1,Cash,Emeka Okonkwo,January,2024,%Q,Q1
BK06025,2024-02-11,2024-03-08,2024-03-21,13,Deluxe,75475,0,75475,981175,MICE,Shell Nigeria,Travel Agent,Completed,Nigerian,1,Bank Transfer,Emeka Okonkwo,March,2024,%Q,Q1
BK06026,2023-02-18,2023-04-13,2023-04-17,4,Standard,56911,20,45529,182115,Corporate,FAAN,Corporate Agreement,Completed,Nigerian,3,Credit Card,Fatima Bello,April,2023,%Q,Q2
BK06027,2024-05-31,2024-07-14,2024-07-16,2,Suite,145986,5,138687,277373,Corporate,Shell Nigeria,Online Travel Agent,Completed,Nigerian,3,Corporate Account,Direct Booking,July,2024,%Q,Q3
BK06028,2023-10-28,2023-11-15,2023-11-20,5,Standard,60305,0,60305,301525,MICE,FAAN,Online Travel Agent,Completed,Ghanaian,2,Corporate Account,Fatima Bello,November,2023,%Q,Q4
BK06029,2023-08-01,2023-08-16,2023-08-19,3,Presidential,297336,0,297336,892008,Group,Individual Guest,Walk In,Confirmed,Indian,4,Corporate Account,Fatima Bello,August,2023,%Q,Q3
BK06030,2023-01-29,2023-02-10,2023-02-23,13,Deluxe,73353,5,69685,905910,Leisure,Individual Guest,Online Travel Agent,Completed,Nigerian,2,Corporate Account,Fatima Bello,February,2023,%Q,Q1
BK06031,2024-10-03,2024-11-15,2024-11-23,8,Standard,55878,10,50290,402322,Group,Individual Guest,Corporate Agreement,Completed,Kenyan,1,Credit Card,Fatima Bello,November,2024,%Q,Q4
BK06032,2023-01-01,2023-01-19,2023-01-24,5,Presidential,272941,0,272941,1364705,Leisure,Individual Guest,Travel Agent,Completed,British,2,POS,Amaka Osei,January,2023,%Q,Q1
BK06033,2023-08-17,2023-10-05,2023-10-08,3,Standard,47868,10,43081,129244,Airline Crew,Nigerian Ports Authority,Travel Agent,Completed,Nigerian,1,Bank Transfer,Tunde Adeyemi,October,2023,%Q,Q4
BK06034,2024-03-03,2024-03-25,2024-04-01,7,Executive,127196,20,101757,712298,Government,Total Energies,Direct,Completed,Nigerian,2,Bank Transfer,Chioma Eze,March,2024,%Q,Q1
BK06035,2023-11-13,2023-11-16,2023-11-18,2,Standard,63578,0,63578,127156,Leisure,Individual Guest,Walk In,Completed,British,2,Credit Card,Tunde Adeyemi,November,2023,%Q,Q4
BK06036,2024-07-09,2024-08-22,2024-08-25,3,Suite,136698,0,136698,410094,MICE,Flour Mills Nigeria,Corporate Agreement,Confirmed,Nigerian,2,Cash,Amaka Osei,August,2024,%Q,Q3
BK06037,2023-03-23,2023-05-18,2023-05-19,1,Presidential,378631,0,378631,378631,MICE,FBN Holdings,Online Travel Agent,Completed,British,2,POS,Direct Booking,May,2023,%Q,Q2
BK06038,2023-11-05,2023-12-12,2023-12-24,12,Standard,54654,10,49189,590263,Corporate,Zenith Bank,Corporate Agreement,Completed,Nigerian,1,Corporate Account,Chioma Eze,December,2023,%Q,Q4
BK06039,2023-03-09,2023-03-20,2023-03-29,9,Standard,62274,0,62274,560466,Group,Individual Guest,Direct,Completed,Indian,4,Bank Transfer,Fatima Bello,March,2023,%Q,Q1
BK06040,2023-07-10,2023-07-24,2023-07-30,6,Presidential,330458,0,330458,0,Leisure,Individual Guest,Walk In,Cancelled,Nigerian,4,Cash,Amaka Osei,July,2023,%Q,Q3
BK06041,2023-07-25,2023-08-17,2023-08-24,7,Presidential,348053,10,313248,2192734,Leisure,Individual Guest,Direct,Completed,American,2,POS,Emeka Okonkwo,August,2023,%Q,Q3
BK06042,2023-01-01,2023-01-02,2023-01-14,12,Executive,99715,10,89744,1076922,Government,Zenith Bank,Direct,Completed,Nigerian,1,Corporate Account,Tunde Adeyemi,January,2023,%Q,Q1
BK06043,2024-11-04,2024-12-20,2024-12-27,7,Standard,57547,0,57547,402829,Leisure,Individual Guest,Corporate Agreement,Completed,Nigerian,2,Bank Transfer,Emeka Okonkwo,December,2024,%Q,Q4
BK06044,2023-10-25,2023-10-27,2023-10-29,2,Deluxe,83691,10,75322,150644,Corporate,Air Peace,Direct,Completed,Nigerian,1,Bank Transfer,Tunde Adeyemi,October,2023,%Q,Q4
BK06045,2024-11-17,2024-12-27,2024-12-31,4,Standard,63912,20,51130,204518,Corporate,Flour Mills Nigeria,Travel Agent,Completed,Ghanaian,1,Bank Transfer,Tunde Adeyemi,December,2024,%Q,Q4
BK06046,2024-08-17,2024-08-31,2024-09-03,3,Standard,60786,10,54707,0,MICE,Access Bank,Online Travel Agent,No Show,British,2,Corporate Account,Fatima Bello,August,2024,%Q,Q3
BK06047,2024-04-02,2024-04-06,2024-04-14,8,Deluxe,94516,0,94516,756128,Corporate,Shell Nigeria,Online Travel Agent,Completed,American,1,Bank Transfer,Fatima Bello,April,2024,%Q,Q2
BK06048,2024-03-28,2024-05-10,2024-05-24,14,Executive,122977,5,116828,1635594,Corporate,Oando PLC,Corporate Agreement,Completed,British,3,POS,Emeka Okonkwo,May,2024,%Q,Q2
BK06049,2023-11-26,2024-01-18,2024-01-22,4,Presidential,267206,10,240485,961942,Corporate,Airtel Nigeria,Walk In,Completed,Nigerian,3,Corporate Account,Direct Booking,January,2024,%Q,Q1
BK06050,2024-05-24,2024-07-04,2024-07-15,11,Suite,172995,0,172995,1902945,Group,Individual Guest,Online Travel Agent,Completed,Nigerian,2,Credit Card,Tunde Adeyemi,July,2024,%Q,Q3
BK06051,2023-09-08,2023-09-19,2023-09-20,1,Suite,167033,0,167033,167033,Leisure,Individual Guest,Online Travel Agent,Completed,Nigerian,2,Bank Transfer,Amaka Osei,September,2023,%Q,Q3
BK06052,2024-03-30,2024-03-30,2024-04-01,2,Presidential,368782,10,331904,0,Corporate,Airtel Nigeria,Online Travel Agent,No Show,Ghanaian,4,POS,Direct Booking,March,2024,%Q,Q1
BK06053,2024-10-27,2024-11-21,2024-12-05,14,Standard,63321,0,63321,886494,Group,Individual Guest,Travel Agent,Completed,Nigerian,4,Corporate Account,Emeka Okonkwo,November,2024,%Q,Q4
BK06054,2023-07-13,2023-08-30,2023-09-08,9,Presidential,281019,10,252917,2276254,Group,Individual Guest,Online Travel Agent,Completed,Nigerian,4,Cash,Tunde Adeyemi,August,2023,%Q,Q3
BK06055,2023-01-29,2023-03-23,2023-04-05,13,Standard,45378,0,45378,589914,MICE,Unilever Nigeria,Direct,Completed,Indian,4,POS,Fatima Bello,March,2023,%Q,Q1
BK06056,2023-09-12,2023-10-19,2023-10-26,7,Deluxe,72949,5,69302,485111,Leisure,Individual Guest,Travel Agent,Completed,Kenyan,1,Cash,Direct Booking,October,2023,%Q,Q4
BK06057,2023-10-15,2023-10-22,2023-11-01,10,Presidential,254952,10,229457,2294568,Leisure,Individual Guest,Walk In,Completed,Nigerian,3,Corporate Account,Fatima Bello,October,2023,%Q,Q4
BK06058,2023-05-19,2023-07-05,2023-07-09,4,Standard,57464,0,57464,229856,Group,Individual Guest,Travel Agent,Completed,Chinese,4,Bank Transfer,Amaka Osei,July,2023,%Q,Q3
BK06059,2024-05-27,2024-06-14,2024-06-28,14,Deluxe,80488,10,72439,1014149,Corporate,Federal Ministry of Works,Walk In,Completed,Nigerian,4,Bank Transfer,Tunde Adeyemi,June,2024,%Q,Q2
BK06060,2024-03-31,2024-05-14,2024-05-18,4,Presidential,256414,0,256414,1025656,MICE,Transcorp Hotels,Online Travel Agent,Completed,American,2,Credit Card,Fatima Bello,May,2024,%Q,Q2
BK06061,2023-06-21,2023-08-02,2023-08-08,6,Presidential,344716,15,293009,0,Government,Unilever Nigeria,Direct,No Show,French,3,POS,Emeka Okonkwo,August,2023,%Q,Q3
BK06062,2023-07-06,2023-07-21,2023-07-24,3,Deluxe,79039,5,75087,0,Leisure,Individual Guest,Online Travel Agent,Cancelled,Nigerian,2,POS,Emeka Okonkwo,July,2023,%Q,Q3
BK06063,2024-03-10,2024-04-29,2024-05-07,8,Deluxe,94906,5,90161,721286,Corporate,Guinness Nigeria,Walk In,Completed,Kenyan,3,POS,Fatima Bello,April,2024,%Q,Q2
BK06064,2024-04-14,2024-04-21,2024-05-05,14,Executive,122883,0,122883,1720362,Corporate,UBA Group,Online Travel Agent,Completed,Nigerian,3,Credit Card,Fatima Bello,April,2024,%Q,Q2
BK06065,2023-06-27,2023-07-28,2023-08-02,5,Executive,121308,5,115243,576213,Corporate,Nigerian Ports Authority,Walk In,Completed,Nigerian,3,Corporate Account,Emeka Okonkwo,July,2023,%Q,Q3
BK06066,2023-12-05,2023-12-15,2023-12-19,4,Presidential,299498,10,269548,0,Leisure,Individual Guest,Travel Agent,No Show,Chinese,1,Bank Transfer,Amaka Osei,December,2023,%Q,Q4
BK06067,2024-05-09,2024-05-16,2024-05-19,3,Deluxe,88603,5,84173,0,Leisure,Individual Guest,Direct,Cancelled,Nigerian,3,Bank Transfer,Direct Booking,May,2024,%Q,Q2
BK06068,2024-09-13,2024-10-04,2024-10-15,11,Executive,105772,0,105772,1163492,Group,Individual Guest,Corporate Agreement,Completed,Nigerian,4,Bank Transfer,Amaka Osei,October,2024,%Q,Q4
BK06069,2024-06-23,2024-08-18,2024-08-20,2,Deluxe,93865,15,79785,159570,Government,NNPC,Walk In,Completed,American,1,Cash,Fatima Bello,August,2024,%Q,Q3
BK06070,2023-01-26,2023-03-19,2023-03-28,9,Suite,123041,20,98433,885895,Corporate,Honeywell Group,Direct,Completed,Nigerian,3,POS,Amaka Osei,March,2023,%Q,Q1
BK06071,2024-03-29,2024-04-16,2024-04-30,14,Standard,57708,15,49052,686725,Corporate,Chevron Nigeria,Online Travel Agent,Completed,Nigerian,4,Credit Card,Tunde Adeyemi,April,2024,%Q,Q2
BK06072,2024-09-19,2024-11-10,2024-11-11,1,Deluxe,77309,20,61847,61847,Corporate,Access Bank,Corporate Agreement,Completed,Nigerian,2,Bank Transfer,Amaka Osei,November,2024,%Q,Q4
BK06073,2024-07-26,2024-08-10,2024-08-12,2,Standard,55568,10,50011,100022,Corporate,Shell Nigeria,Corporate Agreement,Completed,Nigerian,1,POS,Direct Booking,August,2024,%Q,Q3
BK06074,2024-03-06,2024-04-15,2024-04-29,14,Presidential,360009,5,342009,4788120,Group,Individual Guest,Online Travel Agent,Completed,Nigerian,3,Bank Transfer,Tunde Adeyemi,April,2024,%Q,Q2
BK06075,2024-06-16,2024-08-13,2024-08-25,12,Executive,121474,20,97179,1166150,Government,Glo Mobile,Direct,Completed,Ghanaian,3,Cash,Emeka Okonkwo,August,2024,%Q,Q3
BK06076,2023-05-20,2023-06-09,2023-06-19,10,Suite,146404,5,139084,0,MICE,Transcorp Hotels,Direct,Cancelled,Nigerian,3,Bank Transfer,Tunde Adeyemi,June,2023,%Q,Q2
BK06077,2023-03-01,2023-04-12,2023-04-19,7,Executive,104933,20,83946,587625,Corporate,Total Energies,Corporate Agreement,Completed,Ghanaian,1,Credit Card,Amaka Osei,April,2023,%Q,Q2
BK06078,2023-09-05,2023-10-23,2023-10-24,1,Standard,48558,10,43702,43702,Corporate,9mobile,Online Travel Agent,Confirmed,American,4,POS,Amaka Osei,October,2023,%Q,Q4
BK06079,2023-03-18,2023-04-11,2023-04-16,5,Suite,147269,0,147269,736345,MICE,PZ Cussons,Online Travel Agent,Completed,British,4,Credit Card,Direct Booking,April,2023,%Q,Q2
BK06080,2024-03-19,2024-04-11,2024-04-23,12,Standard,53363,5,50695,608338,Corporate,PZ Cussons,Online Travel Agent,Completed,Nigerian,2,Credit Card,Direct Booking,April,2024,%Q,Q2
BK06081,2024-10-03,2024-11-28,2024-12-07,9,Suite,150028,0,150028,1350252,MICE,Lagos State Government,Direct,Completed,Nigerian,1,Bank Transfer,Fatima Bello,November,2024,%Q,Q4
BK06082,2023-12-18,2024-01-25,2024-01-27,2,Deluxe,82239,0,82239,164478,Leisure,Individual Guest,Direct,Completed,Nigerian,3,POS,Chioma Eze,January,2024,%Q,Q1
BK06083,2023-01-28,2023-03-01,2023-03-06,5,Presidential,355280,15,301988,1509940,Corporate,MTN Nigeria,Online Travel Agent,Completed,Nigerian,3,Cash,Direct Booking,March,2023,%Q,Q1
BK06084,2024-10-27,2024-12-18,2024-12-28,10,Executive,125302,0,125302,1253020,Leisure,Individual Guest,Travel Agent,Completed,Nigerian,1,Cash,Tunde Adeyemi,December,2024,%Q,Q4
BK06085,2023-02-09,2023-03-25,2023-04-07,13,Suite,128749,5,122312,1590050,Corporate,Air Peace,Direct,Completed,Nigerian,4,Corporate Account,Amaka Osei,March,2023,%Q,Q1
BK06086,2024-07-10,2024-08-30,2024-09-11,12,Suite,131184,5,124625,1495498,Corporate,Shell Nigeria,Online Travel Agent,Completed,South African,3,POS,Amaka Osei,August,2024,%Q,Q3
BK06087,2023-09-08,2023-09-19,2023-09-22,3,Standard,61967,15,52672,158016,Government,GTCO,Walk In,Completed,American,4,Cash,Fatima Bello,September,2023,%Q,Q3
BK06088,2024-05-26,2024-06-08,2024-06-16,8,Suite,127234,0,127234,0,Group,Individual Guest,Online Travel Agent,No Show,Nigerian,2,Corporate Account,Direct Booking,June,2024,%Q,Q2
BK06089,2024-04-09,2024-05-19,2024-05-21,2,Deluxe,82785,0,82785,165570,Group,Individual Guest,Online Travel Agent,Completed,British,3,POS,Fatima Bello,May,2024,%Q,Q2
BK06090,2024-10-03,2024-11-30,2024-12-06,6,Deluxe,80516,0,80516,483096,Leisure,Individual Guest,Travel Agent,Completed,Nigerian,3,POS,Direct Booking,November,2024,%Q,Q4
BK06091,2023-11-13,2023-11-19,2023-11-24,5,Suite,136262,10,122636,613179,Leisure,Individual Guest,Direct,Confirmed,Nigerian,1,Credit Card,Chioma Eze,November,2023,%Q,Q4
BK06092,2024-05-04,2024-06-08,2024-06-13,5,Executive,97135,0,97135,485675,Leisure,Individual Guest,Direct,Completed,Chinese,3,Credit Card,Chioma Eze,June,2024,%Q,Q2
BK06093,2024-06-22,2024-08-04,2024-08-18,14,Executive,107589,0,107589,1506246,Corporate,Honeywell Group,Online Travel Agent,Completed,American,3,Cash,Amaka Osei,August,2024,%Q,Q3
BK06094,2024-06-25,2024-06-25,2024-07-04,9,Executive,108243,10,97419,876768,Leisure,Individual Guest,Online Travel Agent,Completed,Nigerian,2,Cash,Direct Booking,June,2024,%Q,Q2
BK06095,2024-01-19,2024-02-03,2024-02-09,6,Executive,98009,5,93109,558651,MICE,Flour Mills Nigeria,Corporate Agreement,Completed,French,3,POS,Fatima Bello,February,2024,%Q,Q1
BK06096,2024-05-18,2024-07-15,2024-07-19,4,Suite,123552,0,123552,494208,Leisure,Individual Guest,Direct,Completed,Nigerian,4,Credit Card,Amaka Osei,July,2024,%Q,Q3
BK06097,2023-11-28,2024-01-07,2024-01-12,5,Executive,98466,20,78773,0,Corporate,FBN Holdings,Walk In,Cancelled,Nigerian,4,Credit Card,Tunde Adeyemi,January,2024,%Q,Q1
BK06098,2023-08-05,2023-09-08,2023-09-15,7,Deluxe,79802,10,71822,502753,Corporate,Nigerian Breweries,Direct,Confirmed,Nigerian,1,POS,Fatima Bello,September,2023,%Q,Q3
BK06099,2024-01-09,2024-02-03,2024-02-04,1,Suite,132292,15,112448,112448,Government,Lafarge Africa,Online Travel Agent,Confirmed,Kenyan,1,Cash,Tunde Adeyemi,February,2024,%Q,Q1
BK06100,2024-01-17,2024-01-20,2024-02-03,14,Suite,168656,10,151790,2125066,Corporate,Seplat Energy,Travel Agent,Completed,British,3,Cash,Chioma Eze,January,2024,%Q,Q1
BK06101,2023-07-05,2023-07-16,2023-07-23,7,Deluxe,76322,0,76322,534254,Corporate,Lafarge Africa,Direct,Confirmed,Nigerian,1,POS,Amaka Osei,July,2023,%Q,Q3
BK06102,2024-11-16,2024-11-29,2024-11-30,1,Presidential,378213,5,359302,359302,Leisure,Individual Guest,Walk In,Completed,French,4,Bank Transfer,Amaka Osei,November,2024,%Q,Q4
BK06103,2024-06-06,2024-07-26,2024-08-05,10,Presidential,274658,5,260925,2609251,MICE,Lagos State Government,Walk In,Completed,French,4,Corporate Account,Direct Booking,July,2024,%Q,Q3
BK06104,2024-05-04,2024-06-05,2024-06-16,11,Suite,133102,0,133102,1464122,MICE,Access Bank,Direct,Completed,Nigerian,1,POS,Tunde Adeyemi,June,2024,%Q,Q2
BK06105,2024-03-28,2024-05-17,2024-05-20,3,Suite,159738,0,159738,479214,Group,Individual Guest,Walk In,Confirmed,Nigerian,2,Credit Card,Chioma Eze,May,2024,%Q,Q2
BK06106,2023-12-19,2024-01-21,2024-01-31,10,Presidential,386620,10,347958,3479580,Corporate,PZ Cussons,Direct,Completed,British,2,Corporate Account,Tunde Adeyemi,January,2024,%Q,Q1
BK06107,2024-06-08,2024-06-13,2024-06-14,1,Suite,170503,5,161978,161978,Corporate,Nigerian Ports Authority,Corporate Agreement,Completed,Nigerian,2,Bank Transfer,Amaka Osei,June,2024,%Q,Q2
BK06108,2023-08-09,2023-08-19,2023-08-20,1,Standard,48658,15,41359,41359,Government,Nestle Nigeria,Online Travel Agent,Completed,French,1,Bank Transfer,Emeka Okonkwo,August,2023,%Q,Q3
BK06109,2023-08-01,2023-08-23,2023-09-01,9,Suite,165196,0,165196,1486764,Leisure,Individual Guest,Online Travel Agent,Completed,British,4,Corporate Account,Amaka Osei,August,2023,%Q,Q3
BK06110,2023-10-12,2023-11-05,2023-11-08,3,Executive,104080,0,104080,312240,Corporate,Guinness Nigeria,Online Travel Agent,Completed,American,1,Bank Transfer,Chioma Eze,November,2023,%Q,Q4
BK06111,2024-05-25,2024-05-28,2024-05-29,1,Deluxe,91110,10,81999,81999,MICE,FBN Holdings,Direct,Completed,Nigerian,3,Corporate Account,Fatima Bello,May,2024,%Q,Q2
BK06112,2024-06-30,2024-08-29,2024-09-04,6,Executive,112426,0,112426,674556,Corporate,Shell Nigeria,Corporate Agreement,Completed,Nigerian,1,POS,Emeka Okonkwo,August,2024,%Q,Q3
BK06113,2023-12-24,2024-01-07,2024-01-20,13,Executive,106462,0,106462,1384006,Airline Crew,Federal Ministry of Works,Direct,Completed,Nigerian,2,Cash,Tunde Adeyemi,January,2024,%Q,Q1
BK06114,2024-06-05,2024-07-13,2024-07-22,9,Standard,46983,15,39936,359420,Corporate,Air Peace,Direct,Completed,Nigerian,4,Credit Card,Amaka Osei,July,2024,%Q,Q3
BK06115,2024-01-19,2024-01-20,2024-02-02,13,Executive,121074,0,121074,1573962,Airline Crew,Nestle Nigeria,Corporate Agreement,Completed,Indian,4,POS,Emeka Okonkwo,January,2024,%Q,Q1
BK06116,2023-10-27,2023-11-02,2023-11-04,2,Deluxe,93982,0,93982,187964,Leisure,Individual Guest,Direct,Completed,Nigerian,4,Credit Card,Direct Booking,November,2023,%Q,Q4
BK06117,2024-10-04,2024-10-08,2024-10-11,3,Presidential,317163,15,269589,808766,Corporate,UBA Group,Online Travel Agent,Completed,American,2,Bank Transfer,Direct Booking,October,2024,%Q,Q4
BK06118,2024-04-09,2024-05-06,2024-05-08,2,Standard,58682,0,58682,117364,Leisure,Individual Guest,Corporate Agreement,Completed,Kenyan,1,POS,Direct Booking,May,2024,%Q,Q2
BK06119,2024-01-14,2024-01-29,2024-02-12,14,Presidential,283267,0,283267,3965738,Leisure,Individual Guest,Direct,Completed,Nigerian,4,Bank Transfer,Chioma Eze,January,2024,%Q,Q1
BK06120,2023-06-09,2023-08-05,2023-08-09,4,Standard,64773,20,51818,207274,Government,Transcorp Hotels,Travel Agent,Confirmed,Nigerian,2,Cash,Direct Booking,August,2023,%Q,Q3
BK06121,2024-05-27,2024-07-13,2024-07-19,6,Deluxe,86260,10,77634,465804,Corporate,Seplat Energy,Direct,Completed,Nigerian,2,Corporate Account,Chioma Eze,July,2024,%Q,Q3
BK06122,2023-12-29,2024-01-28,2024-02-02,5,Suite,157307,0,157307,786535,Leisure,Individual Guest,Direct,Completed,Nigerian,3,Bank Transfer,Amaka Osei,January,2024,%Q,Q1
BK06123,2023-06-15,2023-06-19,2023-07-01,12,Presidential,274453,5,260730,3128764,Leisure,Individual Guest,Online Travel Agent,Completed,Nigerian,2,Credit Card,Amaka Osei,June,2023,%Q,Q2
BK06124,2024-07-02,2024-07-28,2024-08-06,9,Executive,97168,0,97168,874512,Leisure,Individual Guest,Direct,Completed,Nigerian,1,Bank Transfer,Chioma Eze,July,2024,%Q,Q3
BK06125,2024-10-13,2024-11-03,2024-11-13,10,Deluxe,75657,15,64308,643084,Corporate,Flour Mills Nigeria,Travel Agent,Completed,Nigerian,1,Credit Card,Amaka Osei,November,2024,%Q,Q4
BK06126,2024-01-05,2024-02-16,2024-02-25,9,Standard,46832,5,44490,400414,MICE,Access Bank,Corporate Agreement,Completed,Ghanaian,1,Corporate Account,Chioma Eze,February,2024,%Q,Q1
BK06127,2023-06-10,2023-07-12,2023-07-13,1,Standard,54585,10,49126,49126,Corporate,Total Energies,Online Travel Agent,Completed,Nigerian,3,Cash,Chioma Eze,July,2023,%Q,Q3
BK06128,2024-08-28,2024-10-27,2024-10-29,2,Executive,110191,5,104681,209363,MICE,Julius Berger,Online Travel Agent,Confirmed,American,4,POS,Chioma Eze,October,2024,%Q,Q4
BK06129,2023-12-11,2024-01-13,2024-01-21,8,Standard,57175,5,54316,434530,Group,Individual Guest,Online Travel Agent,Confirmed,Indian,1,Cash,Chioma Eze,January,2024,%Q,Q1
BK06130,2023-04-24,2023-05-29,2023-06-11,13,Executive,111420,5,105849,1376037,Corporate,Lafarge Africa,Travel Agent,Completed,Nigerian,4,Cash,Amaka Osei,May,2023,%Q,Q2
BK06131,2023-05-15,2023-06-27,2023-07-11,14,Deluxe,89900,5,85405,1195670,Airline Crew,UBA Group,Walk In,Completed,British,1,Cash,Direct Booking,June,2023,%Q,Q2
BK06132,2023-09-28,2023-10-16,2023-10-29,13,Standard,62931,10,56638,736293,Group,Individual Guest,Direct,Completed,Nigerian,2,Cash,Fatima Bello,October,2023,%Q,Q4
BK06133,2023-01-01,2023-01-14,2023-01-25,11,Presidential,321620,10,289458,3184038,MICE,Air Peace,Travel Agent,Completed,South African,1,Bank Transfer,Emeka Okonkwo,January,2023,%Q,Q1
BK06134,2024-03-16,2024-04-19,2024-04-29,10,Presidential,361661,20,289329,0,Corporate,Access Bank,Direct,Cancelled,French,4,POS,Amaka Osei,April,2024,%Q,Q2
BK06135,2023-02-20,2023-03-20,2023-03-26,6,Suite,165487,5,157213,943276,Leisure,Individual Guest,Online Travel Agent,Completed,Nigerian,4,Cash,Emeka Okonkwo,March,2023,%Q,Q1
BK06136,2023-01-15,2023-02-20,2023-03-03,11,Presidential,362764,0,362764,3990404,Leisure,Individual Guest,Online Travel Agent,Completed,Nigerian,2,Corporate Account,Direct Booking,February,2023,%Q,Q1
BK06137,2023-05-28,2023-07-26,2023-08-04,9,Suite,129565,0,129565,1166085,Group,Individual Guest,Corporate Agreement,Completed,Ghanaian,3,Cash,Amaka Osei,July,2023,%Q,Q3
BK06138,2024-09-14,2024-11-13,2024-11-19,6,Standard,58073,5,55169,331016,Leisure,Individual Guest,Online Travel Agent,Completed,Nigerian,1,Bank Transfer,Fatima Bello,November,2024,%Q,Q4
BK06139,2024-10-07,2024-11-25,2024-12-08,13,Executive,127107,15,108041,1404532,Corporate,Dangote Group,Online Travel Agent,Completed,American,4,Corporate Account,Fatima Bello,November,2024,%Q,Q4
BK06140,2023-12-08,2024-01-19,2024-01-27,8,Standard,57472,5,54598,436787,Leisure,Individual Guest,Direct,Completed,Nigerian,2,Cash,Tunde Adeyemi,January,2024,%Q,Q1
BK06141,2024-06-18,2024-07-27,2024-07-31,4,Executive,117550,0,117550,470200,Leisure,Individual Guest,Travel Agent,Completed,British,4,Cash,Fatima Bello,July,2024,%Q,Q3
BK06142,2023-01-20,2023-02-16,2023-02-18,2,Presidential,326618,20,261294,0,Corporate,Shell Nigeria,Direct,Cancelled,British,2,Credit Card,Amaka Osei,February,2023,%Q,Q1
BK06143,2024-02-01,2024-03-31,2024-04-13,13,Presidential,299571,20,239657,3115538,Corporate,Unilever Nigeria,Corporate Agreement,Completed,Nigerian,1,Cash,Amaka Osei,March,2024,%Q,Q1
BK06144,2023-12-28,2024-02-10,2024-02-24,14,Deluxe,94165,15,80040,1120564,Government,Shell Nigeria,Walk In,Completed,Nigerian,2,Cash,Fatima Bello,February,2024,%Q,Q1
BK06145,2024-03-05,2024-03-12,2024-03-15,3,Standard,63527,5,60351,181052,Leisure,Individual Guest,Direct,Completed,Nigerian,1,Credit Card,Emeka Okonkwo,March,2024,%Q,Q1
BK06146,2024-01-19,2024-02-11,2024-02-19,8,Suite,177708,0,177708,1421664,Leisure,Individual Guest,Walk In,Confirmed,Nigerian,4,Credit Card,Amaka Osei,February,2024,%Q,Q1
BK06147,2024-10-14,2024-11-13,2024-11-17,4,Suite,144542,10,130088,520351,Airline Crew,Dangote Group,Travel Agent,Completed,Nigerian,2,Corporate Account,Amaka Osei,November,2024,%Q,Q4
BK06148,2023-09-17,2023-09-24,2023-10-03,9,Executive,98381,20,78705,708343,Corporate,Federal Ministry of Works,Corporate Agreement,Completed,Nigerian,1,POS,Direct Booking,September,2023,%Q,Q3
BK06149,2023-01-14,2023-03-13,2023-03-20,7,Deluxe,84810,0,84810,593670,Group,Individual Guest,Walk In,Completed,Nigerian,1,Credit Card,Emeka Okonkwo,March,2023,%Q,Q1
BK06150,2024-11-07,2024-12-10,2024-12-22,12,Presidential,395931,5,376134,4513613,Group,Individual Guest,Corporate Agreement,Completed,British,4,Bank Transfer,Emeka Okonkwo,December,2024,%Q,Q4
BK06151,2023-02-05,2023-02-09,2023-02-23,14,Suite,163749,20,130999,1833989,Corporate,GTCO,Walk In,Completed,Nigerian,2,Bank Transfer,Amaka Osei,February,2023,%Q,Q1
BK06152,2024-06-20,2024-08-10,2024-08-14,4,Deluxe,73101,10,65791,263164,Corporate,Lafarge Africa,Online Travel Agent,Completed,Kenyan,2,Bank Transfer,Amaka Osei,August,2024,%Q,Q3
BK06153,2024-10-28,2024-11-13,2024-11-25,12,Deluxe,86282,10,77654,931846,Corporate,Lafarge Africa,Travel Agent,Confirmed,Kenyan,2,Bank Transfer,Fatima Bello,November,2024,%Q,Q4
BK06154,2023-05-15,2023-07-12,2023-07-13,1,Executive,101857,20,81486,81486,Corporate,Lafarge Africa,Walk In,Completed,South African,1,Cash,Chioma Eze,July,2023,%Q,Q3
BK06155,2023-04-06,2023-05-16,2023-05-24,8,Suite,164928,15,140189,1121510,Government,Lagos State Government,Walk In,Completed,Nigerian,3,Cash,Emeka Okonkwo,May,2023,%Q,Q2
BK06156,2024-10-17,2024-11-02,2024-11-10,8,Presidential,290959,10,261863,2094905,Corporate,Chevron Nigeria,Online Travel Agent,Completed,German,1,Cash,Tunde Adeyemi,November,2024,%Q,Q4
BK06157,2024-01-24,2024-02-22,2024-02-27,5,Standard,60905,15,51769,258846,Corporate,FAAN,Travel Agent,Completed,Nigerian,4,Bank Transfer,Chioma Eze,February,2024,%Q,Q1
BK06158,2023-03-11,2023-03-28,2023-03-31,3,Suite,121670,20,97336,292008,Corporate,NNPC,Travel Agent,Completed,Nigerian,1,Cash,Direct Booking,March,2023,%Q,Q1
BK06159,2023-03-05,2023-04-18,2023-04-20,2,Executive,98458,5,93535,0,Leisure,Individual Guest,Direct,Cancelled,British,2,POS,Emeka Okonkwo,April,2023,%Q,Q2
BK06160,2023-06-11,2023-07-05,2023-07-07,2,Presidential,321105,0,321105,642210,Leisure,Individual Guest,Direct,Completed,Nigerian,1,Cash,Amaka Osei,July,2023,%Q,Q3
BK06161,2024-08-11,2024-08-28,2024-08-31,3,Suite,134048,10,120643,361930,Corporate,9mobile,Walk In,Completed,Nigerian,4,Corporate Account,Chioma Eze,August,2024,%Q,Q3
BK06162,2023-04-11,2023-06-01,2023-06-11,10,Executive,103087,0,103087,1030870,Group,Individual Guest,Travel Agent,Completed,Ghanaian,4,Credit Card,Emeka Okonkwo,June,2023,%Q,Q2
BK06163,2023-01-15,2023-03-11,2023-03-20,9,Presidential,399265,5,379302,3413716,Leisure,Individual Guest,Direct,Completed,Nigerian,2,Bank Transfer,Tunde Adeyemi,March,2023,%Q,Q1
BK06164,2023-08-31,2023-10-16,2023-10-21,5,Suite,151164,10,136048,680238,Corporate,Zenith Bank,Corporate Agreement,Completed,Nigerian,1,Credit Card,Direct Booking,October,2023,%Q,Q4
BK06165,2023-05-23,2023-05-29,2023-05-31,2,Suite,121621,10,109459,218918,Leisure,Individual Guest,Direct,Completed,Nigerian,3,Corporate Account,Emeka Okonkwo,May,2023,%Q,Q2
BK06166,2023-04-09,2023-05-16,2023-05-30,14,Standard,61207,5,58147,814053,Corporate,Guinness Nigeria,Direct,Completed,Nigerian,3,Credit Card,Direct Booking,May,2023,%Q,Q2
BK06167,2023-10-29,2023-11-01,2023-11-09,8,Executive,114485,5,108761,870086,Group,Individual Guest,Direct,Completed,Nigerian,1,Corporate Account,Direct Booking,November,2023,%Q,Q4
BK06168,2023-09-05,2023-10-25,2023-10-26,1,Standard,54180,5,51471,51471,MICE,Nigerian Ports Authority,Direct,Completed,Nigerian,3,Cash,Direct Booking,October,2023,%Q,Q4
BK06169,2023-09-15,2023-11-12,2023-11-19,7,Executive,109300,0,109300,765100,Group,Individual Guest,Online Travel Agent,Confirmed,Kenyan,4,Bank Transfer,Tunde Adeyemi,November,2023,%Q,Q4
BK06170,2023-07-07,2023-09-04,2023-09-10,6,Executive,118376,5,112457,674743,Group,Individual Guest,Online Travel Agent,Completed,Nigerian,4,Cash,Emeka Okonkwo,September,2023,%Q,Q3
BK06171,2023-12-14,2023-12-31,2024-01-07,7,Executive,122661,0,122661,858627,Leisure,Individual Guest,Online Travel Agent,Completed,Nigerian,2,Bank Transfer,Fatima Bello,December,2023,%Q,Q4
BK06172,2024-12-14,2024-12-20,2024-12-29,9,Executive,113240,10,101916,0,Government,Lafarge Africa,Travel Agent,Cancelled,Nigerian,3,Cash,Emeka Okonkwo,December,2024,%Q,Q4
BK06173,2024-10-25,2024-12-19,2024-12-22,3,Suite,167281,0,167281,501843,Airline Crew,Nestle Nigeria,Online Travel Agent,Confirmed,Nigerian,2,POS,Chioma Eze,December,2024,%Q,Q4
BK06174,2024-08-05,2024-09-27,2024-09-28,1,Standard,55956,5,53158,53158,MICE,Nigerian Breweries,Walk In,Completed,Nigerian,3,Bank Transfer,Chioma Eze,September,2024,%Q,Q3
BK06175,2024-07-29,2024-08-18,2024-08-19,1,Presidential,272440,0,272440,0,Leisure,Individual Guest,Online Travel Agent,Cancelled,Nigerian,1,POS,Emeka Okonkwo,August,2024,%Q,Q3
BK06176,2023-10-22,2023-11-25,2023-12-03,8,Deluxe,78373,10,70536,564286,Corporate,Dangote Group,Direct,Completed,French,2,Bank Transfer,Chioma Eze,November,2023,%Q,Q4
BK06177,2023-09-29,2023-10-06,2023-10-12,6,Deluxe,84083,10,75675,454048,Airline Crew,Conoil,Corporate Agreement,Confirmed,French,1,Credit Card,Tunde Adeyemi,October,2023,%Q,Q4
BK06178,2023-11-17,2023-12-07,2023-12-17,10,Standard,51265,10,46138,461385,Airline Crew,Nigerian Breweries,Travel Agent,Confirmed,Ghanaian,3,Cash,Chioma Eze,December,2023,%Q,Q4
BK06179,2024-07-24,2024-09-20,2024-10-04,14,Suite,157389,0,157389,2203446,MICE,FBN Holdings,Corporate Agreement,Confirmed,Nigerian,3,Cash,Emeka Okonkwo,September,2024,%Q,Q3
BK06180,2024-01-22,2024-01-24,2024-02-06,13,Standard,62887,10,56598,735778,Corporate,Transcorp Hotels,Direct,Completed,Nigerian,2,Credit Card,Direct Booking,January,2024,%Q,Q1
BK06181,2023-07-13,2023-07-25,2023-08-03,9,Executive,99640,10,89676,807084,Government,FBN Holdings,Corporate Agreement,Completed,British,2,POS,Emeka Okonkwo,July,2023,%Q,Q3
BK06182,2024-10-11,2024-11-01,2024-11-08,7,Standard,55208,0,55208,386456,MICE,Unilever Nigeria,Direct,Completed,Chinese,4,Corporate Account,Chioma Eze,November,2024,%Q,Q4
BK06183,2024-01-17,2024-01-24,2024-01-26,2,Executive,110371,0,110371,0,Leisure,Individual Guest,Online Travel Agent,Cancelled,Nigerian,1,Cash,Chioma Eze,January,2024,%Q,Q1
BK06184,2023-11-28,2024-01-07,2024-01-13,6,Presidential,354142,15,301021,1806124,Government,Guinness Nigeria,Corporate Agreement,Confirmed,Nigerian,2,Bank Transfer,Tunde Adeyemi,January,2024,%Q,Q1
BK06185,2023-06-07,2023-07-22,2023-07-27,5,Executive,119875,0,119875,599375,Group,Individual Guest,Corporate Agreement,Confirmed,Indian,2,Corporate Account,Direct Booking,July,2023,%Q,Q3
BK06186,2023-11-02,2023-12-09,2023-12-13,4,Suite,176364,0,176364,705456,Corporate,FAAN,Travel Agent,Confirmed,Nigerian,2,Bank Transfer,Direct Booking,December,2023,%Q,Q4
BK06187,2023-11-13,2023-12-18,2023-12-30,12,Suite,159057,0,159057,0,Leisure,Individual Guest,Online Travel Agent,No Show,Nigerian,1,Corporate Account,Tunde Adeyemi,December,2023,%Q,Q4
BK06188,2024-04-03,2024-05-06,2024-05-11,5,Standard,51621,0,51621,258105,MICE,Julius Berger,Direct,Completed,American,3,POS,Emeka Okonkwo,May,2024,%Q,Q2
BK06189,2024-03-22,2024-03-29,2024-04-04,6,Presidential,257705,0,257705,1546230,Group,Individual Guest,Online Travel Agent,Completed,Nigerian,3,Cash,Tunde Adeyemi,March,2024,%Q,Q1
BK06190,2024-05-22,2024-06-06,2024-06-18,12,Presidential,361618,0,361618,4339416,Leisure,Individual Guest,Walk In,Completed,Ghanaian,2,Credit Card,Amaka Osei,June,2024,%Q,Q2
BK06191,2024-05-09,2024-06-17,2024-06-25,8,Standard,56077,20,44862,358893,Corporate,Lafarge Africa,Corporate Agreement,Confirmed,Nigerian,3,POS,Tunde Adeyemi,June,2024,%Q,Q2
BK06192,2023-09-29,2023-11-18,2023-11-25,7,Deluxe,82673,10,74406,520840,Leisure,Individual Guest,Direct,Completed,Chinese,2,Corporate Account,Fatima Bello,November,2023,%Q,Q4
BK06193,2024-01-29,2024-02-11,2024-02-15,4,Presidential,370294,20,296235,1184941,Corporate,Honeywell Group,Corporate Agreement,Confirmed,Nigerian,3,Credit Card,Chioma Eze,February,2024,%Q,Q1
BK06194,2023-07-01,2023-07-15,2023-07-25,10,Presidential,318044,10,286240,2862396,Corporate,Seplat Energy,Online Travel Agent,Completed,South African,1,POS,Tunde Adeyemi,July,2023,%Q,Q3
BK06195,2024-01-15,2024-03-02,2024-03-08,6,Presidential,350122,15,297604,0,Corporate,Dangote Group,Corporate Agreement,Cancelled,Nigerian,1,Corporate Account,Emeka Okonkwo,March,2024,%Q,Q1
BK06196,2023-10-10,2023-10-15,2023-10-24,9,Deluxe,77855,5,73962,665660,Corporate,Chevron Nigeria,Corporate Agreement,Completed,Nigerian,2,Cash,Direct Booking,October,2023,%Q,Q4
BK06197,2023-11-27,2023-11-29,2023-12-12,13,Executive,128884,15,109551,1424168,Corporate,PZ Cussons,Direct,Completed,Ghanaian,1,Corporate Account,Fatima Bello,November,2023,%Q,Q4
BK06198,2024-10-23,2024-12-17,2024-12-20,3,Executive,107866,10,97079,291238,Leisure,Individual Guest,Corporate Agreement,Confirmed,British,4,Cash,Fatima Bello,December,2024,%Q,Q4
BK06199,2024-11-04,2024-12-04,2024-12-15,11,Suite,143257,10,128931,1418244,MICE,Nigerian Ports Authority,Corporate Agreement,Completed,Ghanaian,4,Bank Transfer,Tunde Adeyemi,December,2024,%Q,Q4
BK06200,2023-12-24,2024-01-30,2024-02-05,6,Deluxe,85558,0,85558,513348,Leisure,Individual Guest,Online Travel Agent,Completed,Nigerian,4,Credit Card,Direct Booking,January,2024,%Q,Q1
BK06201,2023-10-24,2023-11-26,2023-12-01,5,Deluxe,85093,0,85093,425465,Leisure,Individual Guest,Corporate Agreement,Completed,British,3,Bank Transfer,Direct Booking,November,2023,%Q,Q4
BK06202,2023-08-02,2023-08-21,2023-08-28,7,Suite,164514,0,164514,0,Leisure,Individual Guest,Direct,Cancelled,Nigerian,1,Cash,Chioma Eze,August,2023,%Q,Q3
BK06203,2023-08-01,2023-09-19,2023-09-27,8,Standard,63238,20,50590,404723,Corporate,Julius Berger,Corporate Agreement,Confirmed,Nigerian,3,Credit Card,Emeka Okonkwo,September,2023,%Q,Q3
BK06204,2024-05-31,2024-07-13,2024-07-16,3,Presidential,317745,0,317745,953235,Group,Individual Guest,Direct,Completed,Nigerian,1,POS,Amaka Osei,July,2024,%Q,Q3
BK06205,2023-11-27,2024-01-05,2024-01-11,6,Standard,50759,15,43145,258871,Government,Nigerian Ports Authority,Direct,Confirmed,Ghanaian,3,Cash,Emeka Okonkwo,January,2024,%Q,Q1
BK06206,2023-12-02,2024-01-19,2024-01-26,7,Deluxe,82829,15,70405,492833,Corporate,Lafarge Africa,Online Travel Agent,Completed,Nigerian,2,Credit Card,Amaka Osei,January,2024,%Q,Q1
BK06207,2023-03-24,2023-05-07,2023-05-18,11,Deluxe,81887,5,77793,855719,Corporate,Total Energies,Walk In,Confirmed,Nigerian,1,Cash,Tunde Adeyemi,May,2023,%Q,Q2
BK06208,2024-08-12,2024-09-23,2024-10-04,11,Executive,116695,10,105026,1155280,Corporate,NNPC,Corporate Agreement,Completed,Nigerian,3,Bank Transfer,Chioma Eze,September,2024,%Q,Q3
BK06209,2024-05-04,2024-06-02,2024-06-12,10,Deluxe,77633,0,77633,776330,MICE,Nigerian Ports Authority,Travel Agent,Completed,British,3,POS,Direct Booking,June,2024,%Q,Q2
BK06210,2023-05-31,2023-06-10,2023-06-24,14,Presidential,290857,0,290857,4071998,Group,Individual Guest,Direct,Completed,Nigerian,3,POS,Fatima Bello,June,2023,%Q,Q2
BK06211,2024-07-07,2024-07-27,2024-08-09,13,Suite,175184,20,140147,1821914,Corporate,Chevron Nigeria,Online Travel Agent,Completed,American,2,Corporate Account,Fatima Bello,July,2024,%Q,Q3
BK06212,2023-03-17,2023-04-24,2023-04-27,3,Presidential,397647,0,397647,0,Leisure,Individual Guest,Corporate Agreement,No Show,American,4,Credit Card,Direct Booking,April,2023,%Q,Q2
BK06213,2024-08-23,2024-10-09,2024-10-16,7,Deluxe,74788,15,63570,444989,Corporate,MTN Nigeria,Online Travel Agent,Completed,British,3,Cash,Direct Booking,October,2024,%Q,Q4
BK06214,2024-03-08,2024-03-16,2024-03-20,4,Presidential,348092,0,348092,1392368,Group,Individual Guest,Travel Agent,Confirmed,Nigerian,4,Corporate Account,Chioma Eze,March,2024,%Q,Q1
BK06215,2024-06-30,2024-07-24,2024-08-05,12,Deluxe,86279,0,86279,1035348,Corporate,Honeywell Group,Corporate Agreement,Confirmed,Nigerian,4,Credit Card,Emeka Okonkwo,July,2024,%Q,Q3
BK06216,2023-04-01,2023-05-11,2023-05-18,7,Presidential,369273,0,369273,2584911,MICE,Oando PLC,Online Travel Agent,Completed,French,2,Cash,Amaka Osei,May,2023,%Q,Q2
BK06217,2024-05-24,2024-06-28,2024-07-09,11,Executive,116757,0,116757,0,Leisure,Individual Guest,Online Travel Agent,Cancelled,British,4,Bank Transfer,Emeka Okonkwo,June,2024,%Q,Q2
BK06218,2024-02-22,2024-04-18,2024-04-23,5,Executive,98797,0,98797,493985,Corporate,UBA Group,Travel Agent,Confirmed,Kenyan,4,Credit Card,Fatima Bello,April,2024,%Q,Q2
BK06219,2023-08-25,2023-08-30,2023-09-05,6,Executive,100663,0,100663,603978,Leisure,Individual Guest,Corporate Agreement,Completed,British,1,Cash,Chioma Eze,August,2023,%Q,Q3
BK06220,2024-09-07,2024-09-10,2024-09-18,8,Executive,112521,10,101269,810151,Government,Flour Mills Nigeria,Walk In,Confirmed,Nigerian,3,Credit Card,Amaka Osei,September,2024,%Q,Q3
BK06221,2023-10-16,2023-10-22,2023-10-29,7,Standard,55644,5,52862,370033,MICE,Glo Mobile,Direct,Completed,Kenyan,2,Bank Transfer,Direct Booking,October,2023,%Q,Q4
BK06222,2024-06-14,2024-07-27,2024-08-09,13,Deluxe,71763,5,68175,886273,Corporate,Zenith Bank,Walk In,Confirmed,French,3,Credit Card,Direct Booking,July,2024,%Q,Q3
BK06223,2023-03-06,2023-04-24,2023-04-26,2,Executive,116186,0,116186,232372,Group,Individual Guest,Direct,Completed,Ghanaian,3,Credit Card,Tunde Adeyemi,April,2023,%Q,Q2
BK06224,2023-01-05,2023-02-26,2023-03-12,14,Presidential,398045,5,378143,5293998,Leisure,Individual Guest,Walk In,Completed,South African,4,Credit Card,Direct Booking,February,2023,%Q,Q1
BK06225,2023-12-30,2024-01-28,2024-02-10,13,Standard,63372,15,53866,700261,Government,FAAN,Online Travel Agent,Completed,Chinese,4,Bank Transfer,Direct Booking,January,2024,%Q,Q1
BK06226,2023-01-23,2023-01-29,2023-02-04,6,Standard,62707,15,53301,319806,Corporate,FBN Holdings,Corporate Agreement,Confirmed,Nigerian,1,Cash,Chioma Eze,January,2023,%Q,Q1
BK06227,2024-09-10,2024-09-27,2024-09-28,1,Deluxe,86913,0,86913,86913,Airline Crew,Julius Berger,Direct,Completed,Nigerian,4,Cash,Tunde Adeyemi,September,2024,%Q,Q3
BK06228,2023-12-04,2023-12-26,2024-01-06,11,Deluxe,75081,15,63819,702007,Corporate,Access Bank,Walk In,Confirmed,Nigerian,2,Bank Transfer,Fatima Bello,December,2023,%Q,Q4
BK06229,2024-07-08,2024-07-16,2024-07-26,10,Executive,119242,10,107318,0,Leisure,Individual Guest,Walk In,Cancelled,Nigerian,2,POS,Tunde Adeyemi,July,2024,%Q,Q3
BK06230,2024-01-23,2024-02-24,2024-03-08,13,Presidential,334896,5,318151,4135966,Leisure,Individual Guest,Online Travel Agent,Completed,French,3,Cash,Fatima Bello,February,2024,%Q,Q1
BK06231,2024-04-13,2024-06-06,2024-06-17,11,Suite,148775,10,133898,1472872,Corporate,Lafarge Africa,Corporate Agreement,Completed,Nigerian,4,POS,Direct Booking,June,2024,%Q,Q2
BK06232,2024-07-21,2024-08-01,2024-08-03,2,Deluxe,89476,0,89476,178952,Group,Individual Guest,Travel Agent,Completed,Indian,2,Cash,Fatima Bello,August,2024,%Q,Q3
BK06233,2024-03-06,2024-04-19,2024-04-30,11,Presidential,330986,15,281338,0,Corporate,Flour Mills Nigeria,Corporate Agreement,No Show,Nigerian,1,Credit Card,Tunde Adeyemi,April,2024,%Q,Q2
BK06234,2024-03-05,2024-04-30,2024-05-02,2,Suite,162966,0,162966,325932,Leisure,Individual Guest,Corporate Agreement,Completed,American,4,Credit Card,Direct Booking,April,2024,%Q,Q2
BK06235,2023-02-14,2023-03-18,2023-03-20,2,Deluxe,84567,0,84567,169134,Leisure,Individual Guest,Direct,Completed,Nigerian,1,POS,Fatima Bello,March,2023,%Q,Q1
BK06236,2024-04-26,2024-04-29,2024-05-08,9,Standard,48631,10,43768,393911,Corporate,Oando PLC,Corporate Agreement,Confirmed,Nigerian,3,Cash,Direct Booking,April,2024,%Q,Q2
BK06237,2023-07-02,2023-08-24,2023-09-06,13,Deluxe,81439,0,81439,1058707,Leisure,Individual Guest,Walk In,Confirmed,French,3,POS,Amaka Osei,August,2023,%Q,Q3
BK06238,2023-02-22,2023-03-30,2023-03-31,1,Suite,143741,5,136554,136554,Group,Individual Guest,Direct,Completed,Nigerian,1,Credit Card,Fatima Bello,March,2023,%Q,Q1
BK06239,2023-12-11,2023-12-16,2023-12-22,6,Suite,172791,5,164151,984909,Leisure,Individual Guest,Travel Agent,Completed,Kenyan,4,POS,Amaka Osei,December,2023,%Q,Q4
BK06240,2023-09-13,2023-11-02,2023-11-14,12,Standard,55102,0,55102,0,Corporate,Seplat Energy,Direct,Cancelled,Nigerian,2,POS,Emeka Okonkwo,November,2023,%Q,Q4
BK06241,2023-09-29,2023-10-13,2023-10-23,10,Suite,138831,5,131889,1318894,Leisure,Individual Guest,Direct,Confirmed,Chinese,4,Credit Card,Tunde Adeyemi,October,2023,%Q,Q4
BK06242,2024-12-25,2024-12-29,2025-01-12,14,Presidential,260689,15,221586,3102199,Corporate,Transcorp Hotels,Direct,Completed,Nigerian,2,Cash,Tunde Adeyemi,December,2024,%Q,Q4
BK06243,2024-09-13,2024-11-06,2024-11-12,6,Presidential,307484,0,307484,1844904,Corporate,Airtel Nigeria,Walk In,Confirmed,American,3,Cash,Direct Booking,November,2024,%Q,Q4
BK06244,2024-10-11,2024-11-11,2024-11-12,1,Suite,173745,0,173745,173745,Leisure,Individual Guest,Direct,Completed,British,1,POS,Fatima Bello,November,2024,%Q,Q4
BK06245,2024-06-12,2024-06-21,2024-06-30,9,Standard,46539,0,46539,418851,Leisure,Individual Guest,Travel Agent,Completed,Nigerian,3,POS,Direct Booking,June,2024,%Q,Q2
BK06246,2024-05-23,2024-07-02,2024-07-13,11,Executive,97954,5,93056,0,Corporate,Nigerian Ports Authority,Online Travel Agent,Cancelled,Nigerian,4,Corporate Account,Fatima Bello,July,2024,%Q,Q3
BK06247,2023-04-22,2023-05-15,2023-05-29,14,Suite,158506,0,158506,2219084,Leisure,Individual Guest,Travel Agent,Confirmed,Nigerian,4,Credit Card,Amaka Osei,May,2023,%Q,Q2
BK06248,2024-05-14,2024-05-22,2024-06-05,14,Deluxe,88017,20,70414,985790,Corporate,Oando PLC,Direct,Confirmed,Nigerian,2,Corporate Account,Direct Booking,May,2024,%Q,Q2
BK06249,2023-12-03,2024-01-29,2024-02-09,11,Executive,129239,0,129239,1421629,Group,Individual Guest,Online Travel Agent,Completed,Nigerian,1,POS,Fatima Bello,January,2024,%Q,Q1
BK06250,2023-05-21,2023-06-24,2023-07-01,7,Suite,168385,10,151546,1060826,Group,Individual Guest,Travel Agent,Completed,British,3,Corporate Account,Direct Booking,June,2023,%Q,Q2
BK06251,2024-07-23,2024-09-11,2024-09-21,10,Deluxe,74769,10,67292,672921,Corporate,Zenith Bank,Travel Agent,Completed,Nigerian,3,Bank Transfer,Direct Booking,September,2024,%Q,Q3
BK06252,2023-04-10,2023-05-10,2023-05-12,2,Presidential,335285,0,335285,670570,Airline Crew,GTCO,Online Travel Agent,Completed,Nigerian,1,Cash,Chioma Eze,May,2023,%Q,Q2
BK06253,2023-11-06,2023-11-16,2023-11-23,7,Suite,121624,0,121624,851368,MICE,GTCO,Travel Agent,Completed,British,2,Corporate Account,Amaka Osei,November,2023,%Q,Q4
BK06254,2024-01-28,2024-03-10,2024-03-22,12,Executive,113863,5,108170,1298038,MICE,Honeywell Group,Direct,Confirmed,Nigerian,3,Bank Transfer,Fatima Bello,March,2024,%Q,Q1
BK06255,2023-09-22,2023-09-30,2023-10-13,13,Standard,49347,10,44412,577360,Group,Individual Guest,Travel Agent,Confirmed,American,1,Cash,Amaka Osei,September,2023,%Q,Q3
BK06256,2023-10-24,2023-11-30,2023-12-07,7,Standard,49317,5,46851,327958,Group,Individual Guest,Direct,Completed,Nigerian,1,POS,Fatima Bello,November,2023,%Q,Q4
BK06257,2023-05-16,2023-05-25,2023-05-30,5,Standard,60642,15,51546,257728,Corporate,Air Peace,Corporate Agreement,Completed,American,2,Credit Card,Emeka Okonkwo,May,2023,%Q,Q2
BK06258,2024-07-17,2024-09-04,2024-09-11,7,Executive,124163,10,111747,782227,Corporate,Airtel Nigeria,Online Travel Agent,Completed,Indian,1,Bank Transfer,Emeka Okonkwo,September,2024,%Q,Q3
BK06259,2023-01-04,2023-02-06,2023-02-07,1,Suite,171683,0,171683,171683,Leisure,Individual Guest,Corporate Agreement,Completed,American,3,Corporate Account,Direct Booking,February,2023,%Q,Q1
BK06260,2024-02-02,2024-03-23,2024-03-31,8,Presidential,294178,0,294178,2353424,Airline Crew,Shell Nigeria,Corporate Agreement,Completed,Indian,4,Credit Card,Chioma Eze,March,2024,%Q,Q1
BK06261,2024-04-07,2024-05-09,2024-05-11,2,Executive,125823,0,125823,251646,Corporate,NNPC,Travel Agent,Completed,American,1,Credit Card,Emeka Okonkwo,May,2024,%Q,Q2
BK06262,2024-02-18,2024-03-23,2024-03-28,5,Suite,137014,0,137014,0,Leisure,Individual Guest,Direct,No Show,Nigerian,4,POS,Amaka Osei,March,2024,%Q,Q1
BK06263,2023-07-23,2023-09-17,2023-09-26,9,Standard,52474,15,44603,401426,Corporate,Conoil,Walk In,Completed,Nigerian,3,Credit Card,Emeka Okonkwo,September,2023,%Q,Q3
BK06264,2024-06-22,2024-08-03,2024-08-05,2,Suite,136105,0,136105,272210,Airline Crew,PZ Cussons,Corporate Agreement,Confirmed,Indian,4,Corporate Account,Fatima Bello,August,2024,%Q,Q3
BK06265,2023-09-29,2023-10-16,2023-10-17,1,Executive,119769,20,95815,95815,Corporate,Zenith Bank,Walk In,Confirmed,French,3,Bank Transfer,Direct Booking,October,2023,%Q,Q4
BK06266,2023-02-15,2023-03-11,2023-03-24,13,Standard,62340,5,59223,769899,Group,Individual Guest,Corporate Agreement,Completed,Nigerian,4,Credit Card,Chioma Eze,March,2023,%Q,Q1
BK06267,2023-04-04,2023-04-26,2023-05-01,5,Standard,47518,0,47518,237590,Leisure,Individual Guest,Corporate Agreement,Completed,Kenyan,3,Corporate Account,Tunde Adeyemi,April,2023,%Q,Q2
BK06268,2024-01-26,2024-01-30,2024-02-10,11,Deluxe,81120,5,77064,847704,Corporate,Chevron Nigeria,Corporate Agreement,Completed,American,1,POS,Amaka Osei,January,2024,%Q,Q1
BK06269,2023-10-27,2023-11-16,2023-11-18,2,Deluxe,72187,0,72187,144374,Corporate,PZ Cussons,Direct,Completed,Nigerian,4,Bank Transfer,Amaka Osei,November,2023,%Q,Q4
BK06270,2023-08-19,2023-08-29,2023-09-09,11,Presidential,366362,5,348044,3828483,Group,Individual Guest,Online Travel Agent,Completed,Nigerian,3,Corporate Account,Emeka Okonkwo,August,2023,%Q,Q3
BK06271,2024-10-10,2024-12-07,2024-12-18,11,Suite,162168,0,162168,1783848,Corporate,GTCO,Direct,Completed,Nigerian,3,POS,Chioma Eze,December,2024,%Q,Q4
BK06272,2023-06-23,2023-07-17,2023-07-25,8,Suite,158299,10,142469,0,Corporate,Access Bank,Direct,Cancelled,Nigerian,3,POS,Fatima Bello,July,2023,%Q,Q3
BK06273,2023-11-21,2024-01-05,2024-01-08,3,Deluxe,82270,5,78156,234470,Corporate,Flour Mills Nigeria,Direct,Completed,Nigerian,1,Cash,Amaka Osei,January,2024,%Q,Q1
BK06274,2024-01-25,2024-02-06,2024-02-18,12,Deluxe,81505,15,69279,831351,Government,NNPC,Direct,Completed,South African,1,Credit Card,Direct Booking,February,2024,%Q,Q1
BK06275,2024-01-22,2024-03-13,2024-03-15,2,Deluxe,73535,20,58828,117656,Corporate,PZ Cussons,Walk In,Completed,American,1,Corporate Account,Emeka Okonkwo,March,2024,%Q,Q1
BK06276,2023-05-05,2023-07-04,2023-07-16,12,Standard,51923,0,51923,623076,Group,Individual Guest,Corporate Agreement,Completed,South African,1,Bank Transfer,Tunde Adeyemi,July,2023,%Q,Q3
BK06277,2023-03-11,2023-04-17,2023-04-26,9,Standard,63756,0,63756,573804,Leisure,Individual Guest,Direct,Completed,Nigerian,2,Credit Card,Fatima Bello,April,2023,%Q,Q2
BK06278,2023-01-07,2023-02-17,2023-02-27,10,Standard,51168,0,51168,511680,Leisure,Individual Guest,Direct,Completed,British,1,Corporate Account,Fatima Bello,February,2023,%Q,Q1
BK06279,2023-01-01,2023-01-19,2023-02-02,14,Presidential,290173,0,290173,4062422,Leisure,Individual Guest,Walk In,Completed,South African,1,Bank Transfer,Direct Booking,January,2023,%Q,Q1
BK06280,2023-07-13,2023-08-30,2023-09-03,4,Suite,162224,0,162224,0,MICE,Federal Ministry of Works,Online Travel Agent,Cancelled,French,1,POS,Chioma Eze,August,2023,%Q,Q3
BK06281,2024-05-21,2024-07-09,2024-07-18,9,Executive,126849,10,114164,1027477,Group,Individual Guest,Online Travel Agent,Completed,Nigerian,4,POS,Emeka Okonkwo,July,2024,%Q,Q3
BK06282,2023-02-05,2023-02-22,2023-02-25,3,Suite,147441,20,117953,353858,Corporate,Chevron Nigeria,Corporate Agreement,Completed,Chinese,3,Corporate Account,Fatima Bello,February,2023,%Q,Q1
BK06283,2023-08-24,2023-10-07,2023-10-08,1,Presidential,298696,0,298696,298696,Group,Individual Guest,Travel Agent,Completed,British,3,Cash,Emeka Okonkwo,October,2023,%Q,Q4
BK06284,2023-05-21,2023-06-06,2023-06-17,11,Presidential,394822,20,315858,3474434,Corporate,GTCO,Online Travel Agent,Completed,British,2,Corporate Account,Tunde Adeyemi,June,2023,%Q,Q2
BK06285,2023-02-23,2023-04-21,2023-04-27,6,Presidential,352667,0,352667,2116002,Leisure,Individual Guest,Online Travel Agent,Completed,Nigerian,1,Cash,Amaka Osei,April,2023,%Q,Q2
BK06286,2023-08-12,2023-10-05,2023-10-14,9,Suite,178166,5,169258,1523319,Corporate,FBN Holdings,Online Travel Agent,Completed,British,4,Credit Card,Tunde Adeyemi,October,2023,%Q,Q4
BK06287,2023-07-21,2023-08-12,2023-08-17,5,Executive,98814,0,98814,494070,Leisure,Individual Guest,Walk In,Confirmed,Nigerian,4,Corporate Account,Fatima Bello,August,2023,%Q,Q3
BK06288,2024-12-02,2024-12-21,2024-12-26,5,Executive,120492,5,114467,572337,Leisure,Individual Guest,Walk In,Completed,Nigerian,3,POS,Direct Booking,December,2024,%Q,Q4
BK06289,2023-04-06,2023-05-06,2023-05-07,1,Standard,57587,0,57587,57587,Corporate,Flour Mills Nigeria,Walk In,Completed,Nigerian,4,Cash,Tunde Adeyemi,May,2023,%Q,Q2
BK06290,2023-12-20,2024-01-22,2024-01-28,6,Suite,175969,0,175969,0,Leisure,Individual Guest,Travel Agent,Cancelled,South African,3,Bank Transfer,Chioma Eze,January,2024,%Q,Q1
BK06291,2023-08-07,2023-08-08,2023-08-15,7,Suite,155001,10,139501,976506,Leisure,Individual Guest,Online Travel Agent,Completed,American,1,Corporate Account,Direct Booking,August,2023,%Q,Q3
BK06292,2023-04-04,2023-04-22,2023-04-30,8,Suite,148811,10,133930,1071439,Group,Individual Guest,Online Travel Agent,Completed,Nigerian,4,Credit Card,Direct Booking,April,2023,%Q,Q2
BK06293,2024-12-15,2024-12-15,2024-12-26,11,Standard,61620,0,61620,677820,Leisure,Individual Guest,Walk In,Completed,Nigerian,4,Credit Card,Amaka Osei,December,2024,%Q,Q4
BK06294,2024-07-29,2024-09-22,2024-10-04,12,Standard,60242,10,54218,650614,Leisure,Individual Guest,Travel Agent,Completed,Nigerian,1,Cash,Tunde Adeyemi,September,2024,%Q,Q3
BK06295,2024-11-25,2024-12-24,2025-01-04,11,Standard,55501,5,52726,579985,Corporate,Air Peace,Walk In,Confirmed,Ghanaian,3,Credit Card,Tunde Adeyemi,December,2024,%Q,Q4
BK06296,2023-03-03,2023-04-02,2023-04-15,13,Deluxe,92422,0,92422,1201486,Leisure,Individual Guest,Walk In,Completed,American,3,POS,Amaka Osei,April,2023,%Q,Q2
BK06297,2023-08-04,2023-09-21,2023-09-22,1,Deluxe,82819,10,74537,74537,Government,Dangote Group,Corporate Agreement,Confirmed,Kenyan,2,Corporate Account,Tunde Adeyemi,September,2023,%Q,Q3
BK06298,2023-07-31,2023-08-02,2023-08-04,2,Executive,129090,0,129090,258180,MICE,Glo Mobile,Online Travel Agent,Completed,Nigerian,1,Credit Card,Emeka Okonkwo,August,2023,%Q,Q3
BK06299,2023-10-24,2023-10-25,2023-10-28,3,Standard,47958,0,47958,143874,Leisure,Individual Guest,Online Travel Agent,Completed,Nigerian,3,Credit Card,Emeka Okonkwo,October,2023,%Q,Q4
BK06300,2023-02-19,2023-03-23,2023-04-05,13,Presidential,274082,15,232970,3028606,Corporate,Seplat Energy,Online Travel Agent,Completed,Nigerian,2,Bank Transfer,Fatima Bello,March,2023,%Q,Q1
BK06301,2023-03-01,2023-03-23,2023-04-03,11,Standard,51342,0,51342,564762,MICE,FBN Holdings,Corporate Agreement,Completed,British,4,Corporate Account,Tunde Adeyemi,March,2023,%Q,Q1
BK06302,2023-08-15,2023-10-04,2023-10-08,4,Presidential,318981,10,287083,1148332,Leisure,Individual Guest,Corporate Agreement,Completed,Nigerian,4,POS,Direct Booking,October,2023,%Q,Q4
BK06303,2023-07-04,2023-07-21,2023-07-27,6,Executive,110131,0,110131,660786,MICE,UBA Group,Direct,Completed,Ghanaian,4,Credit Card,Emeka Okonkwo,July,2023,%Q,Q3
BK06304,2024-10-23,2024-11-21,2024-12-03,12,Presidential,302977,5,287828,3453938,Corporate,Air Peace,Direct,Completed,Nigerian,1,POS,Emeka Okonkwo,November,2024,%Q,Q4
BK06305,2023-03-30,2023-04-21,2023-04-27,6,Suite,172276,0,172276,1033656,MICE,Guinness Nigeria,Corporate Agreement,Completed,British,3,Bank Transfer,Emeka Okonkwo,April,2023,%Q,Q2
BK06306,2023-08-01,2023-09-14,2023-09-28,14,Suite,155423,10,139881,1958330,Leisure,Individual Guest,Direct,Completed,Nigerian,3,Credit Card,Tunde Adeyemi,September,2023,%Q,Q3
BK06307,2023-01-19,2023-02-03,2023-02-10,7,Deluxe,86572,0,86572,606004,Leisure,Individual Guest,Online Travel Agent,Completed,Nigerian,1,Cash,Fatima Bello,February,2023,%Q,Q1
BK06308,2023-10-13,2023-10-17,2023-10-20,3,Standard,64559,10,58103,174309,Leisure,Individual Guest,Online Travel Agent,Completed,Nigerian,1,Bank Transfer,Emeka Okonkwo,October,2023,%Q,Q4
BK06309,2024-01-25,2024-02-20,2024-03-03,12,Executive,123982,0,123982,1487784,Leisure,Individual Guest,Corporate Agreement,Completed,Nigerian,4,Credit Card,Fatima Bello,February,2024,%Q,Q1
BK06310,2024-10-25,2024-12-21,2025-01-04,14,Executive,129016,0,129016,1806224,Leisure,Individual Guest,Corporate Agreement,Completed,South African,2,POS,Fatima Bello,December,2024,%Q,Q4
BK06311,2024-03-30,2024-05-26,2024-06-06,11,Presidential,384100,0,384100,4225100,Airline Crew,PZ Cussons,Travel Agent,Completed,Nigerian,2,Corporate Account,Tunde Adeyemi,May,2024,%Q,Q2
BK06312,2023-01-01,2023-01-06,2023-01-15,9,Deluxe,72678,5,69044,621397,Group,Individual Guest,Direct,Completed,Indian,4,Cash,Emeka Okonkwo,January,2023,%Q,Q1
BK06313,2023-10-04,2023-10-20,2023-11-03,14,Suite,146946,0,146946,0,Group,Individual Guest,Corporate Agreement,Cancelled,Nigerian,1,Cash,Direct Booking,October,2023,%Q,Q4
BK06314,2023-10-16,2023-11-09,2023-11-20,11,Executive,129234,0,129234,1421574,MICE,UBA Group,Corporate Agreement,Completed,Ghanaian,3,Cash,Amaka Osei,November,2023,%Q,Q4
BK06315,2024-04-24,2024-05-05,2024-05-10,5,Standard,45932,5,43635,0,Corporate,Shell Nigeria,Travel Agent,Cancelled,Nigerian,3,Bank Transfer,Emeka Okonkwo,May,2024,%Q,Q2
BK06316,2024-12-13,2024-12-25,2024-12-30,5,Presidential,384675,20,307740,0,Corporate,Unilever Nigeria,Corporate Agreement,No Show,Kenyan,2,Cash,Tunde Adeyemi,December,2024,%Q,Q4
BK06317,2024-07-01,2024-07-19,2024-08-02,14,Standard,63735,5,60548,847676,Leisure,Individual Guest,Online Travel Agent,Completed,Nigerian,2,Cash,Direct Booking,July,2024,%Q,Q3
BK06318,2023-09-20,2023-11-19,2023-12-03,14,Standard,50760,15,43146,604044,Government,MTN Nigeria,Direct,Completed,Kenyan,1,POS,Fatima Bello,November,2023,%Q,Q4
BK06319,2024-01-18,2024-01-29,2024-01-30,1,Deluxe,74919,15,63681,0,Corporate,Conoil,Corporate Agreement,No Show,German,2,Credit Card,Amaka Osei,January,2024,%Q,Q1
BK06320,2024-06-28,2024-07-01,2024-07-02,1,Executive,115236,10,103712,103712,Corporate,Federal Ministry of Works,Walk In,Completed,British,3,POS,Tunde Adeyemi,July,2024,%Q,Q3
BK06321,2023-12-14,2024-01-11,2024-01-12,1,Presidential,299507,10,269556,269556,Corporate,MTN Nigeria,Corporate Agreement,Confirmed,Nigerian,3,Credit Card,Direct Booking,January,2024,%Q,Q1
BK06322,2024-10-14,2024-11-28,2024-12-11,13,Presidential,281760,10,253584,3296592,Corporate,FAAN,Direct,Completed,Nigerian,1,Corporate Account,Direct Booking,November,2024,%Q,Q4
BK06323,2023-04-23,2023-05-05,2023-05-15,10,Executive,111688,5,106104,1061036,Corporate,FAAN,Direct,Completed,Kenyan,2,POS,Amaka Osei,May,2023,%Q,Q2
BK06324,2023-06-17,2023-06-24,2023-06-29,5,Deluxe,91977,0,91977,0,Group,Individual Guest,Corporate Agreement,Cancelled,Nigerian,2,Bank Transfer,Amaka Osei,June,2023,%Q,Q2
BK06325,2023-05-08,2023-07-03,2023-07-07,4,Deluxe,93633,10,84270,0,Airline Crew,Unilever Nigeria,Corporate Agreement,Cancelled,American,3,POS,Direct Booking,July,2023,%Q,Q3
BK06326,2023-04-23,2023-05-04,2023-05-09,5,Executive,110299,0,110299,551495,Corporate,Total Energies,Corporate Agreement,Confirmed,South African,4,Bank Transfer,Fatima Bello,May,2023,%Q,Q2
BK06327,2023-01-06,2023-02-23,2023-03-07,12,Standard,64651,10,58186,0,MICE,Glo Mobile,Direct,Cancelled,Nigerian,4,POS,Chioma Eze,February,2023,%Q,Q1
BK06328,2024-09-06,2024-10-18,2024-10-23,5,Deluxe,91693,10,82524,412618,Leisure,Individual Guest,Walk In,Completed,Kenyan,1,Cash,Direct Booking,October,2024,%Q,Q4
BK06329,2024-09-11,2024-10-25,2024-10-30,5,Standard,63711,0,63711,318555,Leisure,Individual Guest,Online Travel Agent,Completed,Nigerian,1,Credit Card,Emeka Okonkwo,October,2024,%Q,Q4
BK06330,2024-07-21,2024-08-31,2024-09-14,14,Standard,48539,0,48539,679546,Corporate,Lafarge Africa,Travel Agent,Completed,American,3,Bank Transfer,Amaka Osei,August,2024,%Q,Q3
BK06331,2023-01-01,2023-01-02,2023-01-07,5,Presidential,386791,20,309433,1547164,Corporate,Air Peace,Corporate Agreement,Completed,Nigerian,1,Bank Transfer,Tunde Adeyemi,January,2023,%Q,Q1
BK06332,2024-06-04,2024-07-14,2024-07-18,4,Deluxe,93119,10,83807,335228,Leisure,Individual Guest,Online Travel Agent,Completed,British,2,POS,Direct Booking,July,2024,%Q,Q3
BK06333,2024-03-19,2024-04-11,2024-04-14,3,Deluxe,71683,5,68099,204297,Group,Individual Guest,Online Travel Agent,Completed,Nigerian,1,Corporate Account,Direct Booking,April,2024,%Q,Q2
BK06334,2024-03-27,2024-03-31,2024-04-14,14,Deluxe,85201,0,85201,1192814,MICE,GTCO,Corporate Agreement,Completed,Nigerian,4,Cash,Amaka Osei,March,2024,%Q,Q1
BK06335,2023-11-13,2023-11-25,2023-12-08,13,Deluxe,91253,0,91253,1186289,Group,Individual Guest,Corporate Agreement,Completed,Nigerian,2,Corporate Account,Amaka Osei,November,2023,%Q,Q4
BK06336,2024-01-14,2024-02-10,2024-02-19,9,Presidential,383580,0,383580,3452220,Leisure,Individual Guest,Online Travel Agent,Completed,Nigerian,2,Bank Transfer,Tunde Adeyemi,February,2024,%Q,Q1
BK06337,2024-06-18,2024-07-10,2024-07-22,12,Suite,122955,0,122955,1475460,Corporate,Shell Nigeria,Direct,Completed,Kenyan,3,Cash,Fatima Bello,July,2024,%Q,Q3
BK06338,2023-02-22,2023-04-13,2023-04-19,6,Executive,103519,20,82815,496891,Corporate,Flour Mills Nigeria,Corporate Agreement,Completed,Nigerian,3,Cash,Amaka Osei,April,2023,%Q,Q2
BK06339,2024-05-26,2024-07-10,2024-07-13,3,Executive,99258,0,99258,297774,Corporate,Transcorp Hotels,Online Travel Agent,Completed,South African,4,POS,Chioma Eze,July,2024,%Q,Q3
BK06340,2024-04-03,2024-05-10,2024-05-13,3,Standard,50578,0,50578,151734,Leisure,Individual Guest,Online Travel Agent,Completed,Nigerian,2,Cash,Chioma Eze,May,2024,%Q,Q2
BK06341,2024-05-20,2024-07-11,2024-07-16,5,Deluxe,70685,0,70685,353425,Group,Individual Guest,Corporate Agreement,Confirmed,Nigerian,2,Credit Card,Direct Booking,July,2024,%Q,Q3
BK06342,2023-02-10,2023-02-21,2023-03-05,12,Standard,61494,5,58419,701032,Corporate,Shell Nigeria,Online Travel Agent,Confirmed,Nigerian,1,POS,Fatima Bello,February,2023,%Q,Q1
BK06343,2023-09-19,2023-09-22,2023-09-27,5,Suite,155200,0,155200,776000,MICE,NNPC,Corporate Agreement,Completed,Nigerian,3,Corporate Account,Fatima Bello,September,2023,%Q,Q3
BK06344,2024-08-21,2024-09-12,2024-09-25,13,Standard,53227,0,53227,691951,Airline Crew,UBA Group,Walk In,Completed,British,2,POS,Chioma Eze,September,2024,%Q,Q3
BK06345,2024-08-13,2024-08-30,2024-09-05,6,Suite,143937,20,115150,0,Corporate,Access Bank,Online Travel Agent,Cancelled,Nigerian,3,Corporate Account,Amaka Osei,August,2024,%Q,Q3
BK06346,2023-08-31,2023-10-28,2023-11-02,5,Deluxe,76020,0,76020,380100,MICE,PZ Cussons,Corporate Agreement,Confirmed,Nigerian,3,Corporate Account,Fatima Bello,October,2023,%Q,Q4
BK06347,2024-02-01,2024-03-24,2024-04-03,10,Executive,109388,15,92980,929798,Corporate,FBN Holdings,Online Travel Agent,Completed,British,3,POS,Amaka Osei,March,2024,%Q,Q1
BK06348,2024-05-16,2024-06-28,2024-07-09,11,Executive,113681,10,102313,0,Corporate,NNPC,Corporate Agreement,Cancelled,Nigerian,1,Bank Transfer,Direct Booking,June,2024,%Q,Q2
BK06349,2024-07-21,2024-07-31,2024-08-13,13,Suite,126703,5,120368,1564782,Corporate,Unilever Nigeria,Online Travel Agent,Completed,American,2,Corporate Account,Chioma Eze,July,2024,%Q,Q3
BK06350,2023-03-22,2023-04-18,2023-04-20,2,Executive,119195,0,119195,238390,MICE,Nigerian Ports Authority,Travel Agent,Completed,Nigerian,1,Bank Transfer,Tunde Adeyemi,April,2023,%Q,Q2
BK06351,2024-11-14,2024-11-26,2024-12-10,14,Deluxe,80477,0,80477,1126678,Leisure,Individual Guest,Direct,Completed,Nigerian,4,Bank Transfer,Chioma Eze,November,2024,%Q,Q4
BK06352,2023-11-09,2023-12-04,2023-12-16,12,Presidential,324898,10,292408,3508898,MICE,Flour Mills Nigeria,Walk In,Completed,French,2,Cash,Tunde Adeyemi,December,2023,%Q,Q4
BK06353,2023-06-06,2023-07-19,2023-07-31,12,Presidential,350426,5,332905,3994856,MICE,Nigerian Ports Authority,Travel Agent,Completed,Nigerian,1,Corporate Account,Amaka Osei,July,2023,%Q,Q3
BK06354,2023-11-26,2024-01-08,2024-01-15,7,Executive,115673,10,104106,728740,Government,Lagos State Government,Online Travel Agent,Completed,Nigerian,4,Cash,Chioma Eze,January,2024,%Q,Q1
BK06355,2024-03-29,2024-04-03,2024-04-05,2,Standard,58842,10,52958,105916,Leisure,Individual Guest,Corporate Agreement,Completed,British,3,Credit Card,Fatima Bello,April,2024,%Q,Q2
BK06356,2024-08-22,2024-10-20,2024-10-27,7,Deluxe,77425,15,65811,460679,Corporate,Julius Berger,Walk In,Completed,Nigerian,3,Bank Transfer,Chioma Eze,October,2024,%Q,Q4
BK06357,2023-06-07,2023-07-10,2023-07-22,12,Deluxe,86273,0,86273,1035276,Leisure,Individual Guest,Online Travel Agent,Completed,Nigerian,2,Credit Card,Emeka Okonkwo,July,2023,%Q,Q3
BK06358,2023-12-31,2024-02-29,2024-03-12,12,Standard,48793,5,46353,556240,Corporate,Transcorp Hotels,Walk In,Completed,Nigerian,3,Bank Transfer,Direct Booking,February,2024,%Q,Q1
BK06359,2023-09-26,2023-10-17,2023-10-29,12,Standard,51714,15,43957,527483,Corporate,Nigerian Breweries,Corporate Agreement,Completed,American,1,Cash,Chioma Eze,October,2023,%Q,Q4
BK06360,2023-02-27,2023-04-22,2023-05-01,9,Suite,145039,10,130535,1174816,Corporate,Honeywell Group,Walk In,Completed,American,4,Corporate Account,Chioma Eze,April,2023,%Q,Q2
BK06361,2024-01-22,2024-03-15,2024-03-28,13,Standard,51675,0,51675,671775,MICE,Julius Berger,Travel Agent,Completed,Nigerian,2,Corporate Account,Emeka Okonkwo,March,2024,%Q,Q1
BK06362,2024-03-29,2024-05-26,2024-05-28,2,Presidential,287153,5,272795,545591,Corporate,Guinness Nigeria,Corporate Agreement,Completed,Nigerian,4,Corporate Account,Emeka Okonkwo,May,2024,%Q,Q2
BK06363,2024-08-20,2024-09-13,2024-09-14,1,Standard,61009,15,51858,51858,Government,Honeywell Group,Travel Agent,Completed,Chinese,4,Credit Card,Direct Booking,September,2024,%Q,Q3
BK06364,2024-12-04,2024-12-30,2025-01-07,8,Standard,53481,0,53481,427848,Leisure,Individual Guest,Online Travel Agent,Completed,Ghanaian,4,Bank Transfer,Emeka Okonkwo,December,2024,%Q,Q4
BK06365,2023-01-19,2023-01-29,2023-02-01,3,Executive,102210,20,81768,245304,Government,Nestle Nigeria,Direct,Completed,French,3,Cash,Direct Booking,January,2023,%Q,Q1
BK06366,2024-03-18,2024-04-04,2024-04-07,3,Suite,158971,10,143074,429222,Airline Crew,Oando PLC,Online Travel Agent,Completed,French,3,Bank Transfer,Emeka Okonkwo,April,2024,%Q,Q2
BK06367,2024-10-12,2024-10-13,2024-10-15,2,Presidential,339180,15,288303,576606,Government,Transcorp Hotels,Direct,Completed,British,1,POS,Tunde Adeyemi,October,2024,%Q,Q4
BK06368,2023-01-01,2023-01-13,2023-01-17,4,Deluxe,94534,20,75627,302509,Corporate,Lagos State Government,Walk In,Completed,Nigerian,1,Credit Card,Tunde Adeyemi,January,2023,%Q,Q1
BK06369,2023-10-26,2023-12-03,2023-12-05,2,Presidential,302232,5,287120,574241,Leisure,Individual Guest,Online Travel Agent,Completed,Nigerian,3,Cash,Tunde Adeyemi,December,2023,%Q,Q4
BK06370,2024-08-04,2024-08-08,2024-08-10,2,Standard,51366,0,51366,102732,Corporate,Seplat Energy,Online Travel Agent,Completed,Nigerian,3,Bank Transfer,Direct Booking,August,2024,%Q,Q3
BK06371,2023-10-14,2023-10-31,2023-11-13,13,Standard,57736,10,51962,675511,Corporate,Lagos State Government,Walk In,Completed,Nigerian,2,Corporate Account,Amaka Osei,October,2023,%Q,Q4
BK06372,2023-09-26,2023-10-18,2023-10-27,9,Deluxe,88789,20,71031,639281,Government,Access Bank,Travel Agent,Completed,Kenyan,1,Cash,Amaka Osei,October,2023,%Q,Q4
BK06373,2024-07-09,2024-07-29,2024-07-30,1,Executive,112173,0,112173,112173,Airline Crew,Honeywell Group,Corporate Agreement,Completed,Nigerian,2,Bank Transfer,Direct Booking,July,2024,%Q,Q3
BK06374,2024-07-26,2024-08-27,2024-08-31,4,Executive,99367,0,99367,397468,MICE,Shell Nigeria,Corporate Agreement,Completed,Nigerian,3,Cash,Chioma Eze,August,2024,%Q,Q3
BK06375,2024-05-13,2024-07-08,2024-07-20,12,Presidential,256101,5,243296,2919551,Corporate,Seplat Energy,Direct,Completed,Nigerian,3,POS,Amaka Osei,July,2024,%Q,Q3
BK06376,2023-12-23,2024-02-10,2024-02-12,2,Suite,165884,5,157590,315180,Leisure,Individual Guest,Corporate Agreement,Completed,Nigerian,4,Cash,Chioma Eze,February,2024,%Q,Q1
BK06377,2023-08-09,2023-08-22,2023-08-29,7,Standard,56754,15,48241,337686,Corporate,Access Bank,Travel Agent,Completed,British,1,Credit Card,Emeka Okonkwo,August,2023,%Q,Q3
BK06378,2023-07-20,2023-09-06,2023-09-10,4,Deluxe,88346,0,88346,353384,MICE,Lagos State Government,Direct,Completed,British,4,Cash,Direct Booking,September,2023,%Q,Q3
BK06379,2024-08-20,2024-10-09,2024-10-10,1,Standard,55788,0,55788,55788,Group,Individual Guest,Direct,Completed,Nigerian,2,Credit Card,Emeka Okonkwo,October,2024,%Q,Q4
BK06380,2023-11-15,2023-11-26,2023-12-03,7,Standard,52819,15,44896,0,Corporate,Julius Berger,Walk In,No Show,Nigerian,3,Bank Transfer,Tunde Adeyemi,November,2023,%Q,Q4
BK06381,2023-11-06,2023-11-14,2023-11-24,10,Standard,52182,10,46964,469638,Group,Individual Guest,Online Travel Agent,Completed,Nigerian,2,Corporate Account,Fatima Bello,November,2023,%Q,Q4
BK06382,2024-03-26,2024-04-04,2024-04-05,1,Suite,144251,5,137038,137038,Leisure,Individual Guest,Online Travel Agent,Completed,South African,4,Bank Transfer,Amaka Osei,April,2024,%Q,Q2
BK06383,2024-09-02,2024-10-16,2024-10-26,10,Standard,60650,20,48520,485200,Corporate,FAAN,Corporate Agreement,Confirmed,Nigerian,3,Credit Card,Chioma Eze,October,2024,%Q,Q4
BK06384,2023-07-28,2023-08-20,2023-08-25,5,Executive,99653,0,99653,498265,Leisure,Individual Guest,Walk In,Completed,Nigerian,2,Corporate Account,Direct Booking,August,2023,%Q,Q3
BK06385,2024-01-08,2024-02-03,2024-02-04,1,Standard,45566,0,45566,45566,MICE,Access Bank,Corporate Agreement,Completed,Nigerian,1,Credit Card,Tunde Adeyemi,February,2024,%Q,Q1
BK06386,2024-02-03,2024-02-13,2024-02-21,8,Executive,128013,10,115212,921694,Corporate,Guinness Nigeria,Direct,Completed,Nigerian,2,Bank Transfer,Fatima Bello,February,2024,%Q,Q1
BK06387,2023-01-01,2023-01-30,2023-02-03,4,Suite,128384,5,121965,487859,Corporate,Shell Nigeria,Corporate Agreement,Completed,South African,3,Bank Transfer,Direct Booking,January,2023,%Q,Q1
BK06388,2023-10-05,2023-10-26,2023-11-04,9,Standard,47515,0,47515,427635,Group,Individual Guest,Corporate Agreement,Completed,Nigerian,1,Bank Transfer,Tunde Adeyemi,October,2023,%Q,Q4
BK06389,2023-08-17,2023-09-10,2023-09-21,11,Executive,117686,5,111802,0,Leisure,Individual Guest,Walk In,No Show,South African,4,Corporate Account,Chioma Eze,September,2023,%Q,Q3
BK06390,2024-02-18,2024-03-14,2024-03-26,12,Presidential,283739,10,255365,3064381,Group,Individual Guest,Direct,Confirmed,Nigerian,2,Bank Transfer,Emeka Okonkwo,March,2024,%Q,Q1
BK06391,2024-03-08,2024-04-08,2024-04-21,13,Suite,175522,0,175522,2281786,Leisure,Individual Guest,Direct,Completed,American,2,POS,Amaka Osei,April,2024,%Q,Q2
BK06392,2024-11-18,2024-11-19,2024-11-27,8,Suite,137409,20,109927,879418,Government,Glo Mobile,Direct,Completed,British,4,POS,Chioma Eze,November,2024,%Q,Q4
BK06393,2023-09-12,2023-09-18,2023-09-21,3,Standard,64051,0,64051,192153,Corporate,Conoil,Direct,Completed,South African,2,Cash,Fatima Bello,September,2023,%Q,Q3
BK06394,2023-03-16,2023-05-03,2023-05-12,9,Executive,98246,20,78597,707371,Government,Air Peace,Online Travel Agent,Completed,Ghanaian,2,POS,Tunde Adeyemi,May,2023,%Q,Q2
BK06395,2024-11-14,2024-12-21,2025-01-02,12,Presidential,344552,5,327324,3927893,MICE,Seplat Energy,Walk In,Completed,South African,2,Cash,Amaka Osei,December,2024,%Q,Q4
BK06396,2023-01-09,2023-02-10,2023-02-20,10,Deluxe,89735,0,89735,897350,Airline Crew,Glo Mobile,Travel Agent,Completed,Nigerian,3,POS,Direct Booking,February,2023,%Q,Q1
BK06397,2024-11-16,2024-11-29,2024-12-12,13,Presidential,252172,15,214346,0,Government,Nigerian Ports Authority,Travel Agent,Cancelled,Nigerian,4,Bank Transfer,Emeka Okonkwo,November,2024,%Q,Q4
BK06398,2024-05-13,2024-05-29,2024-05-30,1,Executive,99051,10,89146,0,Corporate,GTCO,Travel Agent,No Show,British,2,POS,Chioma Eze,May,2024,%Q,Q2
BK06399,2024-07-30,2024-08-17,2024-08-19,2,Presidential,251744,0,251744,0,Leisure,Individual Guest,Corporate Agreement,No Show,Nigerian,2,POS,Fatima Bello,August,2024,%Q,Q3
BK06400,2024-12-08,2024-12-30,2024-12-31,1,Presidential,375961,0,375961,375961,Leisure,Individual Guest,Travel Agent,Completed,American,3,Bank Transfer,Emeka Okonkwo,December,2024,%Q,Q4
BK06401,2023-12-14,2024-01-29,2024-02-04,6,Executive,99098,10,89188,535129,Corporate,Honeywell Group,Corporate Agreement,Completed,South African,1,Bank Transfer,Direct Booking,January,2024,%Q,Q1
BK06402,2024-02-03,2024-02-15,2024-02-22,7,Deluxe,83486,15,70963,496742,Government,FBN Holdings,Walk In,Completed,Nigerian,4,Corporate Account,Chioma Eze,February,2024,%Q,Q1
BK06403,2023-07-28,2023-08-27,2023-09-02,6,Presidential,350544,0,350544,2103264,Leisure,Individual Guest,Direct,Completed,Ghanaian,2,Credit Card,Amaka Osei,August,2023,%Q,Q3
BK06404,2023-03-12,2023-04-24,2023-05-05,11,Deluxe,79085,10,71176,782942,Corporate,NNPC,Travel Agent,Confirmed,Nigerian,3,POS,Fatima Bello,April,2023,%Q,Q2
BK06405,2024-11-30,2024-12-06,2024-12-18,12,Presidential,341247,20,272998,3275971,Corporate,Federal Ministry of Works,Corporate Agreement,Completed,Nigerian,1,Credit Card,Emeka Okonkwo,December,2024,%Q,Q4
BK06406,2023-04-27,2023-05-28,2023-06-01,4,Standard,45905,0,45905,183620,Leisure,Individual Guest,Walk In,Completed,Nigerian,1,POS,Direct Booking,May,2023,%Q,Q2
BK06407,2024-03-17,2024-04-01,2024-04-13,12,Deluxe,86080,0,86080,1032960,MICE,Total Energies,Direct,Confirmed,French,1,Cash,Emeka Okonkwo,April,2024,%Q,Q2
BK06408,2024-02-19,2024-03-12,2024-03-15,3,Presidential,352380,15,299523,898569,Government,Seplat Energy,Online Travel Agent,Completed,Nigerian,4,Corporate Account,Chioma Eze,March,2024,%Q,Q1
BK06409,2023-04-21,2023-05-03,2023-05-10,7,Standard,55351,0,55351,0,Group,Individual Guest,Direct,Cancelled,Ghanaian,4,Corporate Account,Tunde Adeyemi,May,2023,%Q,Q2
BK06410,2023-02-18,2023-04-06,2023-04-15,9,Presidential,267168,0,267168,2404512,Leisure,Individual Guest,Corporate Agreement,Completed,Nigerian,1,Cash,Direct Booking,April,2023,%Q,Q2
BK06411,2024-02-04,2024-03-20,2024-03-31,11,Standard,61804,15,52533,577867,Government,Guinness Nigeria,Corporate Agreement,Completed,South African,4,POS,Direct Booking,March,2024,%Q,Q1
BK06412,2024-09-28,2024-10-11,2024-10-22,11,Suite,162307,10,146076,1606839,Corporate,Airtel Nigeria,Online Travel Agent,Completed,Nigerian,3,Cash,Amaka Osei,October,2024,%Q,Q4
BK06413,2024-08-22,2024-09-23,2024-09-26,3,Executive,120469,15,102399,307196,Government,Glo Mobile,Online Travel Agent,Completed,South African,1,Corporate Account,Emeka Okonkwo,September,2024,%Q,Q3
BK06414,2023-12-04,2023-12-17,2023-12-28,11,Presidential,284107,0,284107,3125177,Group,Individual Guest,Walk In,Completed,German,4,Credit Card,Tunde Adeyemi,December,2023,%Q,Q4
BK06415,2023-07-01,2023-07-12,2023-07-25,13,Executive,114859,0,114859,1493167,MICE,Nigerian Breweries,Direct,Completed,Nigerian,2,Bank Transfer,Fatima Bello,July,2023,%Q,Q3
BK06416,2024-06-09,2024-06-17,2024-06-22,5,Executive,110311,0,110311,551555,Leisure,Individual Guest,Corporate Agreement,Completed,Nigerian,4,Corporate Account,Chioma Eze,June,2024,%Q,Q2
BK06417,2024-11-07,2024-12-22,2024-12-27,5,Presidential,292774,0,292774,1463870,Leisure,Individual Guest,Travel Agent,Completed,Nigerian,4,Credit Card,Chioma Eze,December,2024,%Q,Q4
BK06418,2023-01-01,2023-02-06,2023-02-08,2,Standard,57342,10,51608,103216,Corporate,UBA Group,Travel Agent,Completed,Nigerian,2,Credit Card,Amaka Osei,February,2023,%Q,Q1
BK06419,2024-02-04,2024-02-20,2024-02-23,3,Suite,134345,5,127628,382883,Leisure,Individual Guest,Travel Agent,Completed,Indian,4,Bank Transfer,Direct Booking,February,2024,%Q,Q1
BK06420,2023-12-02,2023-12-25,2023-12-30,5,Executive,122560,10,110304,551520,MICE,Dangote Group,Online Travel Agent,Completed,Nigerian,1,Bank Transfer,Amaka Osei,December,2023,%Q,Q4
BK06421,2023-11-24,2024-01-19,2024-01-31,12,Suite,151691,5,144106,0,MICE,9mobile,Online Travel Agent,No Show,Nigerian,3,Credit Card,Direct Booking,January,2024,%Q,Q1
BK06422,2024-06-08,2024-07-22,2024-07-27,5,Deluxe,85038,15,72282,361412,Corporate,Nigerian Breweries,Travel Agent,Completed,Kenyan,3,POS,Direct Booking,July,2024,%Q,Q3
BK06423,2024-08-11,2024-09-24,2024-09-26,2,Standard,60480,10,54432,108864,MICE,Access Bank,Online Travel Agent,Completed,Nigerian,3,Bank Transfer,Fatima Bello,September,2024,%Q,Q3
BK06424,2024-08-19,2024-08-26,2024-09-08,13,Presidential,362548,15,308166,4006155,Corporate,Lafarge Africa,Direct,Completed,Nigerian,3,Bank Transfer,Emeka Okonkwo,August,2024,%Q,Q3
BK06425,2023-01-27,2023-03-22,2023-03-28,6,Executive,106588,0,106588,639528,MICE,MTN Nigeria,Travel Agent,Completed,Nigerian,3,Bank Transfer,Emeka Okonkwo,March,2023,%Q,Q1
BK06426,2024-02-28,2024-03-20,2024-03-31,11,Executive,128810,0,128810,1416910,Corporate,Conoil,Direct,Completed,Nigerian,4,POS,Amaka Osei,March,2024,%Q,Q1
BK06427,2023-09-13,2023-11-06,2023-11-13,7,Deluxe,89302,15,75907,531347,Corporate,Shell Nigeria,Online Travel Agent,Completed,Nigerian,2,Corporate Account,Tunde Adeyemi,November,2023,%Q,Q4
BK06428,2024-10-18,2024-10-26,2024-11-02,7,Deluxe,73626,0,73626,515382,Group,Individual Guest,Online Travel Agent,Completed,German,1,Corporate Account,Tunde Adeyemi,October,2024,%Q,Q4
BK06429,2024-01-08,2024-02-21,2024-03-04,12,Deluxe,90458,10,81412,976946,Corporate,FAAN,Travel Agent,Completed,Nigerian,2,Bank Transfer,Amaka Osei,February,2024,%Q,Q1
BK06430,2023-05-19,2023-05-25,2023-06-08,14,Suite,166881,0,166881,2336334,Leisure,Individual Guest,Direct,Completed,Nigerian,4,POS,Fatima Bello,May,2023,%Q,Q2
BK06431,2024-05-24,2024-05-29,2024-05-31,2,Presidential,254675,10,229208,458415,Corporate,Lagos State Government,Online Travel Agent,Completed,Nigerian,2,Bank Transfer,Fatima Bello,May,2024,%Q,Q2
BK06432,2024-04-18,2024-05-31,2024-06-03,3,Executive,111359,0,111359,334077,Leisure,Individual Guest,Direct,Completed,Nigerian,2,POS,Fatima Bello,May,2024,%Q,Q2
BK06433,2023-10-28,2023-12-06,2023-12-17,11,Standard,64917,0,64917,714087,Leisure,Individual Guest,Corporate Agreement,Completed,Nigerian,2,Corporate Account,Amaka Osei,December,2023,%Q,Q4
BK06434,2023-04-11,2023-05-14,2023-05-23,9,Deluxe,91072,0,91072,819648,MICE,Total Energies,Travel Agent,Completed,Nigerian,4,Credit Card,Amaka Osei,May,2023,%Q,Q2
BK06435,2023-12-30,2024-01-17,2024-01-23,6,Suite,121761,0,121761,730566,MICE,Glo Mobile,Online Travel Agent,Completed,Nigerian,1,Cash,Tunde Adeyemi,January,2024,%Q,Q1
BK06436,2024-01-28,2024-03-07,2024-03-21,14,Standard,60624,0,60624,848736,Corporate,Chevron Nigeria,Direct,Completed,British,1,Cash,Amaka Osei,March,2024,%Q,Q1
BK06437,2024-10-13,2024-12-07,2024-12-15,8,Standard,60465,0,60465,483720,MICE,Oando PLC,Online Travel Agent,Completed,South African,4,Credit Card,Direct Booking,December,2024,%Q,Q4
BK06438,2023-01-01,2023-01-01,2023-01-06,5,Suite,169208,0,169208,846040,Airline Crew,Glo Mobile,Direct,Completed,Nigerian,4,Credit Card,Chioma Eze,January,2023,%Q,Q1
BK06439,2024-03-31,2024-04-10,2024-04-14,4,Executive,117628,5,111747,0,Corporate,Shell Nigeria,Direct,No Show,Chinese,2,Bank Transfer,Direct Booking,April,2024,%Q,Q2
BK06440,2024-01-02,2024-01-22,2024-02-01,10,Standard,54506,0,54506,545060,Group,Individual Guest,Direct,Completed,British,1,Bank Transfer,Amaka Osei,January,2024,%Q,Q1
BK06441,2023-10-31,2023-12-21,2024-01-02,12,Presidential,347974,5,330575,3966904,Corporate,GTCO,Direct,Completed,British,3,POS,Amaka Osei,December,2023,%Q,Q4
BK06442,2024-04-19,2024-06-03,2024-06-16,13,Presidential,373775,15,317709,4130214,Corporate,NNPC,Direct,Completed,Nigerian,4,Cash,Emeka Okonkwo,June,2024,%Q,Q2
BK06443,2024-07-16,2024-07-24,2024-08-06,13,Executive,109590,10,98631,1282203,Government,FAAN,Direct,Completed,Nigerian,2,POS,Chioma Eze,July,2024,%Q,Q3
BK06444,2024-06-24,2024-07-12,2024-07-13,1,Suite,170908,0,170908,170908,Leisure,Individual Guest,Direct,Completed,Nigerian,1,Cash,Direct Booking,July,2024,%Q,Q3
BK06445,2024-07-15,2024-08-22,2024-08-27,5,Standard,58406,5,55486,277428,MICE,PZ Cussons,Online Travel Agent,Completed,South African,1,Corporate Account,Tunde Adeyemi,August,2024,%Q,Q3
BK06446,2023-02-05,2023-03-19,2023-03-20,1,Suite,122594,15,104205,104205,Corporate,Nigerian Breweries,Direct,Completed,Chinese,2,Cash,Direct Booking,March,2023,%Q,Q1
BK06447,2023-04-07,2023-06-02,2023-06-11,9,Standard,60113,10,54102,486915,Leisure,Individual Guest,Direct,Completed,British,4,Cash,Fatima Bello,June,2023,%Q,Q2
BK06448,2024-02-15,2024-03-28,2024-04-03,6,Deluxe,72454,0,72454,434724,MICE,Unilever Nigeria,Travel Agent,Completed,Nigerian,4,Bank Transfer,Direct Booking,March,2024,%Q,Q1
BK06449,2023-07-24,2023-08-08,2023-08-20,12,Presidential,388600,10,349740,4196880,Corporate,PZ Cussons,Travel Agent,Completed,Nigerian,4,Bank Transfer,Amaka Osei,August,2023,%Q,Q3
BK06450,2023-02-25,2023-04-18,2023-05-02,14,Presidential,393705,5,374020,5236276,Leisure,Individual Guest,Travel Agent,Completed,American,3,Corporate Account,Direct Booking,April,2023,%Q,Q2
BK06451,2023-02-25,2023-04-09,2023-04-19,10,Presidential,393349,0,393349,0,Leisure,Individual Guest,Travel Agent,Cancelled,Nigerian,3,Corporate Account,Direct Booking,April,2023,%Q,Q2
BK06452,2024-03-25,2024-04-29,2024-05-13,14,Executive,101168,10,91051,1274717,Leisure,Individual Guest,Direct,Completed,South African,1,Bank Transfer,Tunde Adeyemi,April,2024,%Q,Q2
BK06453,2023-07-19,2023-07-29,2023-08-01,3,Standard,58362,15,49608,148823,Corporate,Total Energies,Corporate Agreement,Confirmed,Nigerian,2,POS,Fatima Bello,July,2023,%Q,Q3
BK06454,2023-02-16,2023-03-28,2023-04-07,10,Suite,166757,5,158419,0,Corporate,Air Peace,Online Travel Agent,Cancelled,American,4,POS,Tunde Adeyemi,March,2023,%Q,Q1
BK06455,2024-06-07,2024-06-07,2024-06-18,11,Deluxe,84273,5,80059,880653,Corporate,Shell Nigeria,Travel Agent,Completed,Nigerian,1,Cash,Amaka Osei,June,2024,%Q,Q2
BK06456,2023-05-27,2023-06-23,2023-07-05,12,Suite,162096,5,153991,1847894,MICE,Access Bank,Online Travel Agent,Completed,Nigerian,3,Credit Card,Direct Booking,June,2023,%Q,Q2
BK06457,2024-05-31,2024-06-27,2024-07-01,4,Deluxe,83611,5,79430,317722,Leisure,Individual Guest,Direct,Confirmed,American,2,Cash,Tunde Adeyemi,June,2024,%Q,Q2
BK06458,2023-02-15,2023-02-19,2023-02-20,1,Standard,62676,10,56408,56408,Group,Individual Guest,Walk In,Completed,Nigerian,2,Corporate Account,Amaka Osei,February,2023,%Q,Q1
BK06459,2024-04-24,2024-06-22,2024-07-06,14,Presidential,266039,15,226133,3165864,Government,Zenith Bank,Direct,Completed,Nigerian,4,Credit Card,Direct Booking,June,2024,%Q,Q2
BK06460,2023-05-05,2023-05-11,2023-05-25,14,Standard,47537,20,38030,532414,Corporate,FBN Holdings,Walk In,Completed,Nigerian,1,Bank Transfer,Chioma Eze,May,2023,%Q,Q2
BK06461,2024-08-09,2024-08-13,2024-08-15,2,Presidential,370980,0,370980,741960,Corporate,Air Peace,Online Travel Agent,Completed,Nigerian,3,Bank Transfer,Direct Booking,August,2024,%Q,Q3
BK06462,2024-10-23,2024-11-11,2024-11-23,12,Standard,50424,0,50424,605088,MICE,Glo Mobile,Direct,Confirmed,Indian,3,Corporate Account,Fatima Bello,November,2024,%Q,Q4
BK06463,2024-05-23,2024-06-17,2024-06-20,3,Executive,97722,10,87950,263849,Corporate,Dangote Group,Direct,Completed,Nigerian,1,POS,Fatima Bello,June,2024,%Q,Q2
BK06464,2024-08-11,2024-09-11,2024-09-15,4,Standard,64671,15,54970,219881,Corporate,FBN Holdings,Online Travel Agent,Completed,Nigerian,1,POS,Direct Booking,September,2024,%Q,Q3
BK06465,2023-10-27,2023-11-22,2023-12-05,13,Standard,46380,10,41742,542646,Leisure,Individual Guest,Travel Agent,Completed,Nigerian,3,Credit Card,Direct Booking,November,2023,%Q,Q4
BK06466,2023-02-26,2023-03-08,2023-03-22,14,Executive,116999,15,99449,1392288,Government,Federal Ministry of Works,Online Travel Agent,Completed,Kenyan,1,POS,Fatima Bello,March,2023,%Q,Q1
BK06467,2023-06-23,2023-07-07,2023-07-20,13,Deluxe,93985,10,84586,1099624,Group,Individual Guest,Online Travel Agent,Completed,Ghanaian,4,Bank Transfer,Fatima Bello,July,2023,%Q,Q3
BK06468,2023-06-01,2023-07-17,2023-07-23,6,Executive,107546,20,86037,516221,Government,FAAN,Direct,Completed,Nigerian,3,Cash,Direct Booking,July,2023,%Q,Q3
BK06469,2024-07-13,2024-07-19,2024-07-21,2,Presidential,347283,5,329919,659838,Leisure,Individual Guest,Online Travel Agent,Completed,Nigerian,4,Cash,Emeka Okonkwo,July,2024,%Q,Q3
BK06470,2024-01-21,2024-03-19,2024-03-22,3,Executive,99673,15,84722,254166,Corporate,FAAN,Direct,Confirmed,Nigerian,1,Credit Card,Amaka Osei,March,2024,%Q,Q1
BK06471,2023-06-15,2023-07-31,2023-08-12,12,Suite,135337,0,135337,1624044,Leisure,Individual Guest,Travel Agent,Completed,Nigerian,1,Corporate Account,Fatima Bello,July,2023,%Q,Q3
BK06472,2024-03-13,2024-04-23,2024-05-07,14,Presidential,350698,15,298093,4173306,Government,NNPC,Direct,Completed,Nigerian,4,Cash,Tunde Adeyemi,April,2024,%Q,Q2
BK06473,2023-10-03,2023-11-19,2023-11-20,1,Executive,114500,5,108775,0,Airline Crew,Nigerian Breweries,Walk In,No Show,Nigerian,3,Cash,Fatima Bello,November,2023,%Q,Q4
BK06474,2024-08-14,2024-09-08,2024-09-11,3,Executive,106439,0,106439,0,Leisure,Individual Guest,Travel Agent,Cancelled,Nigerian,1,POS,Direct Booking,September,2024,%Q,Q3
BK06475,2024-06-19,2024-07-01,2024-07-05,4,Suite,179908,5,170913,683650,Group,Individual Guest,Online Travel Agent,Completed,Nigerian,2,Credit Card,Chioma Eze,July,2024,%Q,Q3
BK06476,2024-03-05,2024-04-17,2024-04-25,8,Executive,100833,0,100833,806664,Corporate,Federal Ministry of Works,Travel Agent,Confirmed,Nigerian,1,Credit Card,Amaka Osei,April,2024,%Q,Q2
BK06477,2023-07-10,2023-09-06,2023-09-20,14,Executive,127870,10,115083,1611162,Leisure,Individual Guest,Online Travel Agent,Completed,American,2,POS,Emeka Okonkwo,September,2023,%Q,Q3
BK06478,2023-07-31,2023-09-05,2023-09-06,1,Standard,59768,5,56780,56780,Airline Crew,Shell Nigeria,Corporate Agreement,Completed,Nigerian,1,POS,Amaka Osei,September,2023,%Q,Q3
BK06479,2023-06-20,2023-07-11,2023-07-22,11,Standard,64190,10,57771,635481,Airline Crew,FBN Holdings,Online Travel Agent,Completed,Nigerian,4,Bank Transfer,Chioma Eze,July,2023,%Q,Q3
BK06480,2024-06-05,2024-08-03,2024-08-04,1,Deluxe,81907,5,77812,77812,Group,Individual Guest,Travel Agent,Completed,Nigerian,2,Corporate Account,Fatima Bello,August,2024,%Q,Q3
BK06481,2024-09-29,2024-10-15,2024-10-24,9,Standard,59481,0,59481,535329,Group,Individual Guest,Direct,Completed,Nigerian,4,Bank Transfer,Chioma Eze,October,2024,%Q,Q4
BK06482,2024-05-14,2024-05-22,2024-05-30,8,Deluxe,86331,0,86331,690648,Leisure,Individual Guest,Direct,Completed,British,2,Cash,Amaka Osei,May,2024,%Q,Q2
BK06483,2023-01-15,2023-02-27,2023-03-01,2,Presidential,291994,5,277394,554789,Corporate,NNPC,Direct,Completed,Nigerian,1,Cash,Direct Booking,February,2023,%Q,Q1
BK06484,2023-07-14,2023-07-29,2023-07-31,2,Executive,114251,0,114251,228502,Group,Individual Guest,Direct,Completed,Nigerian,1,Cash,Emeka Okonkwo,July,2023,%Q,Q3
BK06485,2024-04-09,2024-04-29,2024-05-01,2,Standard,45349,0,45349,90698,Leisure,Individual Guest,Direct,Completed,Nigerian,2,POS,Emeka Okonkwo,April,2024,%Q,Q2
BK06486,2023-03-23,2023-03-25,2023-03-28,3,Deluxe,93510,5,88834,266504,Airline Crew,Nigerian Breweries,Travel Agent,Completed,Nigerian,4,Bank Transfer,Tunde Adeyemi,March,2023,%Q,Q1
BK06487,2024-10-27,2024-12-02,2024-12-10,8,Suite,166678,0,166678,1333424,MICE,Airtel Nigeria,Direct,Completed,South African,4,POS,Emeka Okonkwo,December,2024,%Q,Q4
BK06488,2023-11-22,2024-01-12,2024-01-13,1,Standard,59294,10,53365,0,MICE,Oando PLC,Online Travel Agent,No Show,South African,3,POS,Emeka Okonkwo,January,2024,%Q,Q1
BK06489,2024-10-21,2024-12-14,2024-12-17,3,Deluxe,73913,5,70217,210652,Group,Individual Guest,Direct,Confirmed,Chinese,1,POS,Direct Booking,December,2024,%Q,Q4
BK06490,2024-06-03,2024-06-08,2024-06-12,4,Deluxe,80812,0,80812,323248,MICE,Zenith Bank,Direct,Completed,American,4,Corporate Account,Direct Booking,June,2024,%Q,Q2
BK06491,2024-04-17,2024-05-10,2024-05-17,7,Presidential,382973,0,382973,2680811,Corporate,PZ Cussons,Travel Agent,Completed,Indian,4,Bank Transfer,Emeka Okonkwo,May,2024,%Q,Q2
BK06492,2023-04-25,2023-05-16,2023-05-22,6,Standard,59770,15,50804,304827,Corporate,Flour Mills Nigeria,Corporate Agreement,Completed,Ghanaian,2,POS,Emeka Okonkwo,May,2023,%Q,Q2
BK06493,2023-08-11,2023-09-30,2023-10-01,1,Presidential,301700,10,271530,271530,Corporate,FBN Holdings,Direct,Completed,Nigerian,3,POS,Fatima Bello,September,2023,%Q,Q3
BK06494,2024-08-25,2024-08-30,2024-09-09,10,Standard,61751,5,58663,586634,Leisure,Individual Guest,Online Travel Agent,Confirmed,Nigerian,3,Credit Card,Direct Booking,August,2024,%Q,Q3
BK06495,2024-06-26,2024-08-18,2024-08-19,1,Deluxe,94266,0,94266,94266,Leisure,Individual Guest,Travel Agent,Completed,Nigerian,4,Bank Transfer,Amaka Osei,August,2024,%Q,Q3
BK06496,2024-06-07,2024-07-20,2024-08-01,12,Executive,116557,20,93246,1118947,Government,Guinness Nigeria,Direct,Completed,Nigerian,2,POS,Emeka Okonkwo,July,2024,%Q,Q3
BK06497,2024-08-05,2024-09-15,2024-09-23,8,Deluxe,74371,15,63215,505723,Corporate,Seplat Energy,Walk In,Completed,South African,4,Cash,Tunde Adeyemi,September,2024,%Q,Q3
BK06498,2024-09-27,2024-10-21,2024-11-01,11,Standard,48167,0,48167,529837,Corporate,Air Peace,Online Travel Agent,Completed,Nigerian,2,Cash,Chioma Eze,October,2024,%Q,Q4
BK06499,2023-03-20,2023-05-07,2023-05-13,6,Executive,101961,5,96863,581178,Leisure,Individual Guest,Online Travel Agent,Confirmed,Nigerian,1,Bank Transfer,Emeka Okonkwo,May,2023,%Q,Q2
